time_s,q_m,velocity_m_s,actuator_n,contact_normal_n,penetration_m
6.25e-05,-1.4207658179012346e-08,-0.00022732253086419753,0.4,0.0,0.0
0.0010625000000000005,-2.173771701388889e-06,-0.003864483024691358,0.4,0.0,0.0
0.0020625000000000014,-7.970496238425926e-06,-0.007501643518518519,0.4,0.0,0.0
0.0030625000000000023,-1.7404381269290128e-05,-0.01113880401234569,0.4,0.0,0.0
0.004062500000000003,-3.0475426793981506e-05,-0.014775964506172865,0.4,0.0,0.0
0.005062500000000004,-4.7183632812500045e-05,-0.018413125000000037,0.4,0.0,0.0
0.0060625000000000045,-6.752899932484576e-05,-0.02205028549382721,0.4,0.0,0.0
0.007062500000000005,-9.151152633101867e-05,-0.025687445987654385,0.4,0.0,0.0
0.008062500000000005,-0.00011913121383101874,-0.02932460648148156,0.4,0.0,0.0
0.009062500000000006,-0.00015038806182484602,-0.032961766975308705,0.4,0.0,0.0
0.010062500000000007,-0.00018528207031250033,-0.036598927469135824,0.4,0.0,0.0
0.011062500000000008,-0.00022381323929398185,-0.04023608796296294,0.4,0.0,0.0
0.012062500000000009,-0.0002659815687692904,-0.04387324845679006,0.4,0.0,0.0
0.01306250000000001,-0.00031178705873842585,-0.04751040895061718,0.4,0.0,0.0
0.01406250000000001,-0.00036122970920138866,-0.0511475694444443,0.4,0.0,0.0
0.015062500000000012,-0.0004143095201581788,-0.054784729938271416,0.4,0.0,0.0
0.01606250000000001,-0.000471026491608796,-0.058421890432098535,0.4,0.0,0.0
0.01706250000000001,-0.0005313806235532403,-0.06205905092592565,0.4,0.0,0.0
0.018062500000000013,-0.000595371915991512,-0.06569621141975288,0.4,0.0,0.0
0.019062500000000013,-0.0006630003689236103,-0.0693333719135801,0.4,0.0,0.0
0.020062500000000014,-0.0007342659823495358,-0.07297053240740733,0.4,0.0,0.0
0.021062500000000015,-0.0008091687562692887,-0.07660769290123456,0.4,0.0,0.0
0.022062500000000016,-0.0008877086906828689,-0.0802448533950618,0.4,0.0,0.0
0.023062500000000017,-0.0009698857855902765,-0.08388201388888902,0.4,0.0,0.0
0.024062500000000018,-0.0010557000409915115,-0.08751917438271625,0.4,0.0,0.0
0.02506250000000002,-0.0011451514568865738,-0.09115633487654348,0.4,0.0,0.0
0.02606250000000002,-0.0012382400332754632,-0.09479349537037071,0.4,0.0,0.0
0.02706250000000002,-0.0013349657701581792,-0.09843065586419794,0.4,0.0,0.0
0.02806250000000002,-0.0014353286675347226,-0.10206781635802517,0.4,0.0,0.0
0.029062500000000022,-0.0015393287254050934,-0.1057049768518524,0.4,0.0,0.0
0.030062500000000023,-0.0016469659437692915,-0.10934213734567963,0.4,0.0,0.0
0.031062500000000024,-0.001758240322627317,-0.11297929783950686,0.4,0.0,0.0
0.03206250000000002,-0.0018731518619791697,-0.11661645833333409,0.4,0.0,0.0
0.03306250000000002,-0.00199170056182485,-0.12025361882716132,0.4,0.0,0.0
0.03406250000000002,-0.002113886422164357,-0.12389077932098855,0.4,0.0,0.0
0.035062500000000024,-0.002239709442997691,-0.1275279398148156,0.4,0.0,0.0
0.036062500000000025,-0.002369169624324852,-0.13116510030864262,0.4,0.0,0.0
0.037062500000000026,-0.0025022669661458404,-0.13480226080246963,0.4,0.0,0.0
0.03806250000000003,-0.0026390014684606554,-0.13843942129629663,0.4,0.0,0.0
0.03906250000000003,-0.002779373131269298,-0.14207658179012364,0.4,0.0,0.0
0.04006250000000003,-0.002923381954571767,-0.14571374228395065,0.4,0.0,0.0
0.04106250000000003,-0.0030710279383680634,-0.14935090277777766,0.4,0.0,0.0
0.04206250000000003,-0.0032223110826581866,-0.15298806327160466,0.4,0.0,0.0
0.04306250000000003,-0.0033772313874421366,-0.15662522376543167,0.4,0.0,0.0
0.04406250000000003,-0.003535788852719914,-0.16026238425925868,0.4,0.0,0.0
0.04506250000000003,-0.0036979834784915183,-0.16389954475308569,0.4,0.0,0.0
0.046062500000000034,-0.0038638152647569495,-0.1675367052469127,0.4,0.0,0.0
0.047062500000000035,-0.004033284211516208,-0.1711738657407397,0.4,0.0,0.0
0.048062500000000036,-0.004206390318769293,-0.1748110262345667,0.4,0.0,0.0
0.04906250000000004,-0.004383133586516205,-0.17844818672839372,0.4,0.0,0.0
0.05006250000000004,-0.004563514014756944,-0.18208534722222072,0.4,0.0,0.0
0.05106250000000004,-0.00474753160349151,-0.18572250771604773,0.4,0.0,0.0
0.05206250000000004,-0.004935186352719904,-0.18935966820987474,0.4,0.0,0.0
0.05306250000000004,-0.005126478262442124,-0.19299682870370174,0.4,0.0,0.0
0.05406250000000004,-0.005321407332658171,-0.19663398919752875,0.4,0.0,0.0
0.05506250000000004,-0.005519973563368046,-0.20027114969135576,0.4,0.0,0.0
0.05606250000000004,-0.005722176954571747,-0.20390831018518277,0.4,0.0,0.0
0.057062500000000044,-0.0059280175062692755,-0.20754547067900977,0.4,0.0,0.0
0.058062500000000045,-0.006137495218460631,-0.21118263117283678,0.4,0.0,0.0
0.059062500000000046,-0.006350610091145814,-0.2148197916666638,0.4,0.0,0.0
0.060062500000000046,-0.006567362124324823,-0.2184569521604908,0.4,0.0,0.0
0.06106250000000005,-0.006787751317997659,-0.2220941126543178,0.4,0.0,0.0
0.06206250000000005,-0.007011777672164323,-0.2257312731481448,0.4,0.0,0.0
0.06306249999999998,-0.0072394411868248135,-0.22936843364197182,0.4,0.0,0.0
0.06406249999999987,-0.007470741861979131,-0.23300559413579883,0.4,0.0,0.0
0.06506249999999976,-0.007705679697627275,-0.23664275462962583,0.4,0.0,0.0
0.06606249999999965,-0.007944254693769246,-0.24027991512345284,0.4,0.0,0.0
0.06706249999999954,-0.008186466850405045,-0.24391707561727985,0.4,0.0,0.0
0.06806249999999943,-0.00843231616753467,-0.24755423611110686,0.4,0.0,0.0
0.06906249999999932,-0.008681802645158122,-0.251191396604934,0.4,0.0,0.0
0.07006249999999921,-0.008934926283275402,-0.25482855709876145,0.4,0.0,0.0
0.0710624999999991,-0.009191687081886508,-0.2584657175925889,0.4,0.0,0.0
0.07206249999999899,-0.009452085040991444,-0.26210287808641636,0.4,0.0,0.0
0.07306249999999888,-0.009716120160590206,-0.2657400385802438,0.4,0.0,0.0
0.07406249999999877,-0.009983792440682796,-0.26937719907407126,0.4,0.0,0.0
0.07506249999999866,-0.010255101881269213,-0.2730143595678987,0.4,0.0,0.0
0.07606249999999855,-0.010530048482349457,-0.27665152006172616,0.4,0.0,0.0
0.07706249999999844,-0.01080863224392353,-0.2802886805555536,0.4,0.0,0.0
0.07806249999999833,-0.011090853165991428,-0.28392584104938107,0.4,0.0,0.0
0.07906249999999822,-0.011376711248553155,-0.2875630015432085,0.4,0.0,0.0
0.08006249999999811,-0.011666206491608709,-0.29120016203703597,0.4,0.0,0.0
0.081062499999998,-0.011959338895158092,-0.2948373225308634,0.4,0.0,0.0
0.08206249999999789,-0.0122561084592013,-0.2984744830246909,0.4,0.0,0.0
0.08306249999999778,-0.012556515183738338,-0.3021116435185183,0.4,0.0,0.0
0.08406249999999767,-0.012860559068769201,-0.3057488040123458,0.4,0.0,0.0
0.08506249999999756,-0.013168240114293893,-0.3093859645061732,0.4,0.0,0.0
0.08606249999999745,-0.013479558320312411,-0.3130231250000007,0.4,0.0,0.0
0.08706249999999734,-0.013794513686824758,-0.31666028549382813,0.4,0.0,0.0
0.08806249999999723,-0.01411310621383093,-0.3202974459876556,0.4,0.0,0.0
0.08906249999999712,-0.014435335901330934,-0.32393460648148303,0.4,0.0,0.0
0.090062499999997,-0.014761202749324761,-0.3275717669753105,0.4,0.0,0.0
0.0910624999999969,-0.01509070675781242,-0.33120892746913794,0.4,0.0,0.0
0.09206249999999679,-0.015423847926793901,-0.3348460879629654,0.4,0.0,0.0
0.09306249999999668,-0.015760626256269214,-0.33848324845679284,0.4,0.0,0.0
0.09406249999999657,-0.016101041746238352,-0.3421204089506203,0.4,0.0,0.0
0.09506249999999646,-0.016445094396701318,-0.34575756944444774,0.4,0.0,0.0
0.09606249999999635,-0.016792784207658114,-0.3493947299382752,0.4,0.0,0.0
0.09706249999999624,-0.017144111179108735,-0.35303189043210265,0.4,0.0,0.0
0.09806249999999612,-0.017499075311053183,-0.3566690509259301,0.4,0.0,0.0
0.09906249999999601,-0.017857676603491458,-0.36030621141975755,0.4,0.0,0.0
0.1000624999999959,-0.018219915056423563,-0.363943371913585,0.4,0.0,0.0
0.1010624999999958,-0.018585790669849493,-0.36758053240741245,0.4,0.0,0.0
0.10206249999999568,-0.01895530344376925,-0.3712176929012399,0.4,0.0,0.0
0.10306249999999557,-0.019328453378182838,-0.37485485339506736,0.4,0.0,0.0
0.10406249999999546,-0.019705240473090253,-0.3784920138888948,0.4,0.0,0.0
0.10506249999999535,-0.02008378996908555,-0.36717700662389,0.4,5.073041099500971,8.378996908555e-05
0.10606249999999524,-0.020413149655289203,-0.2976656204393024,0.4,4.381858662201236,0.0004131496552892042
0.10706249999999513,-0.020678399491620245,-0.23808684865217705,0.4,3.786919160656624,0.0006783994916202455
0.10806249999999502,-0.020888755523271105,-0.18715375922404573,0.4,3.2638276443503362,0.0008887555232711063
0.10906249999999491,-0.021052299152810632,-0.1438224641346563,0.4,2.8048714276263333,0.001052299152810633
0.1100624999999948,-0.021176117345735115,-0.10713325174039898,0.4,2.4059567057277635,0.0011761173457351163
0.1110624999999947,-0.02126637538838555,-0.07620477553646361,0.4,2.060443662869375,0.0012663753883855509
0.11206249999999458,-0.021328413776085936,-0.05026207310410036,0.4,1.761688525819507,0.001328413776085937
0.11306249999999447,-0.021366850417861183,-0.02862685596466227,0.4,1.5038394389329512,0.0013668504178611838
0.11406249999999436,-0.021385671060408222,-0.010705967158330908,0.4,1.2817446272664386,0.001385671060408223
0.11506249999999425,-0.02138830889497181,0.004018821150897437,0.4,1.0908710127765546,0.001388308894971811
0.11606249999999414,-0.021377714604550898,0.0159998226858304,0.4,0.9272321094102133,0.0013777146045508989
0.11706249999999403,-0.021356417965501546,0.025631400168533994,0.4,0.7873241535348686,0.0013564179655015467
0.11806249999999392,-0.021326581990364968,0.03325699677468156,0.4,0.6680695423616059,0.0013265819903649687
0.11906249999999381,-0.021290050485839398,0.03917534262214603,0.4,0.5667667563743505,0.0012900504858393987
0.1200624999999937,-0.021248389799634705,0.04364593094912291,0.4,0.4810460337049532,0.001248389799634706
0.12106249999999359,-0.021202925441079917,0.04689384794350355,0.4,0.4088301461449763,0.0012029254410799175
0.12206249999999348,-0.02115477418153125,0.04911403068637366,0.4,0.34829969917932485,0.0011547741815312504
0.12306249999999337,-0.021104872170730787,0.05047501923599793,0.4,0.29786244306309584,0.0011048721707307882
0.12406249999999326,-0.021053999543293296,0.05112226138666099,0.4,0.2561261394276837,0.001053999543293297
0.12506249999999317,-0.02100280193456413,0.05118102198443571,0.4,0.22187457898664698,0.0010028019345641299
0.12606249999999306,-0.020951809412443855,0.05075842874526751,0.4,0.19393332593129528,0.000951809412443856
0.12706249999999294,-0.020901454460860582,0.049944023448792306,0.4,0.1712996998893969,0.0009014544608605831
0.12806249999999283,-0.020852087282904132,0.048814390526567844,0.4,0.1532552301945429,0.0008520872829041333
0.12906249999999272,-0.020803987148278847,0.04743569174306838,0.4,0.13917032189411876,0.0008039871482788479
0.13006249999999261,-0.02075737212599124,0.04586493285490814,0.4,0.12849073679503942,0.0007573721259912423
0.1310624999999925,-0.020712407650618644,0.04415104860951478,0.4,0.12072724969609978,0.0007124076506186453
0.1320624999999924,-0.02066921408258264,0.042335844181042775,0.4,0.11544742419313939,0.0006692140825826413
0.13306249999999228,-0.020627873390006518,0.040454821874802004,0.4,0.11226899067807537,0.000627873390006519
0.13406249999999217,-0.02058843505487792,0.03853791470201802,0.4,0.11085441241085271,0.0005884350548779212
0.13506249999999206,-0.02055092128778261,0.0366101427321138,0.4,0.11090631973162415,0.0005509212877826109
0.13606249999999195,-0.020515331621973897,0.03469220379821031,0.4,0.11216357374297305,0.0005153316219738981
0.13706249999999184,-0.020481646940838913,0.03280104886393578,0.4,0.11441489800208736,0.0004816469408389138
0.13806249999999173,-0.020449832651233367,0.03095106318828187,0.4,0.1175216957527821,0.00044983265123336785
0.13906249999999162,-0.02041984108893042,0.029153962030301368,0.4,0.12127591929126598,0.00041984108893042054
0.1400624999999915,-0.020391614550674154,0.027418375420447057,0.4,0.1254959148925029,0.00039161455067415534
0.1410624999999914,-0.02036508810217501,0.0257503817972685,0.4,0.13003378987819178,0.00036508810217501233
0.1420624999999913,-0.020340191867362693,0.02415398865671112,0.4,0.13476997663554746,0.0003401918673626935
0.14306249999999118,-0.020316852879542213,0.022631534956053457,0.4,0.13960856269256103,0.0003168528795422141
0.14406249999999107,-0.020294996566623962,0.02118402651161571,0.4,0.14447330587341978,0.0002949965666239631
0.14506249999999096,-0.02027454793202616,0.01981141437396532,0.4,0.14930425355155508,0.0002745479320261624
0.14606249999999085,-0.0202554324835211,0.018512824936951326,0.4,0.15405488859528488,0.00025543248352109934
0.14706249999999074,-0.020237576954161115,0.017286749381642038,0.4,0.15868973030090874,0.00023757695416111576
0.14806249999999063,-0.020220909852390063,0.016131198997885603,0.4,0.163182325391724,0.00022090985239006438
0.14906249999999052,-0.020205361872417515,0.01504383197597059,0.4,0.16751357131690253,0.00020536187241751566
0.1500624999999904,-0.02019086619079546,0.014022056420821622,0.4,0.17167032114355407,0.00019086619079546193
0.1510624999999903,-0.020177358670783466,0.013063113607564137,0.4,0.17564422601086224,0.00017735867078346726
0.1520624999999902,-0.02016477799241406,0.012164144862899809,0.4,0.17943077724401948,0.00016477799241405985
0.15306249999999008,-0.020153065723082054,0.011322244912482248,0.4,0.18302851573355047,0.0001530657230820547
0.15406249999998997,-0.02014216634089396,0.010534504070605619,0.4,0.1864383810551492,0.00014216634089395932
0.15506249999998986,-0.020132027220851667,0.009798041255273074,0.4,0.18966317705618194,0.00013202722085166796
0.15606249999998975,-0.020122598592142632,0.009110029479830785,0.4,0.19270713430888275,0.0001225985921426329
0.15706249999998964,-0.020113833473309882,0.008467715193302555,0.4,0.19557555297969828,0.00011383347330988286
0.15806249999998953,-0.020105687590830663,0.007868432607655905,0.4,0.19827451234612448,0.00010568759083066362
0.15906249999998942,-0.020098119285601294,0.007309613954674595,0.4,0.20081063546416011,9.81192856012946e-05
0.1600624999999893,-0.02009108941097209,0.006788796451970133,0.4,0.2031908994048658,9.108941097209005e-05
0.1610624999999892,-0.020084561225270994,0.006303626621806046,0.4,0.20542248308783645,8.456122527099449e-05
0.1620624999999891,-0.02007850028117268,0.005851862493439665,0.4,0.2075126460873226,7.850028117268237e-05
0.16306249999998898,-0.020072874313790418,0.005431374125866909,0.4,0.209468632912907,7.287431379041911e-05
0.16406249999998887,-0.020067653128973666,0.0050401428100213435,0.4,0.2112975982057052,6.765312897366723e-05
0.16506249999998876,-0.0200628084929706,0.0046762592449619104,0.4,0.21300654907276448,6.280849297060067e-05
0.16606249999998865,-0.020058314024349502,0.004337920929148038,0.4,0.21460230143232978,5.8314024349503165e-05
0.16706249999998854,-0.020054145088856022,0.004023428963672222,0.4,0.21609144778236927,5.4145088856023035e-05
0.16806249999998843,-0.02005027869770631,0.003731184427735363,0.4,0.21748033425267582,5.027869770631152e-05
0.16906249999998832,-0.020046693409672682,0.0034596844564085166,0.4,0.218775045172636,4.6693409672682925e-05
0.1700624999999882,-0.02004336923720148,0.0032075181257425534,0.4,0.21998139369445324,4.3369237201479945e-05
0.1710624999999881,-0.020040287556709762,0.002973362229663939,0.4,0.22110491726742226,4.0287556709762886e-05
0.172062499999988,-0.02003743102313158,0.002755977016087867,0.4,0.2221508769699984,3.743102313158225e-05
0.17306249999998788,-0.02003478348872543,0.002554201935664524,0.4,0.2231242598821837,3.478348872542952e-05
0.17406249999998777,-0.02003232992610704,0.0023669514450444153,0.4,0.22402978382586483,3.232992610704066e-05
0.17506249999998766,-0.020030056355435057,0.002193210897072573,0.4,0.2248719039212149,3.0056355435058215e-05
0.17606249999998755,-0.020027949775648996,0.002032032542551633,0.4,0.2256548205071393,2.7949775648997057e-05
0.17706249999998744,-0.020025998099637787,0.0018825316618557011,0.4,0.22638248805645658,2.5998099637788204e-05
0.17806249999998733,-0.0200241900932016,0.0017438828394902139,0.4,0.2270586247849575,2.419009320160084e-05
0.17906249999998722,-0.02002251531765911,0.0016153163904749155,0.4,0.22768672271044027,2.251531765910938e-05
0.1800624999999871,-0.020020964075945082,0.0014961149440140633,0.4,0.22827005796466374,2.0964075945083174e-05
0.181062499999987,-0.02001952736203948,0.0013856101871693083,0.4,0.2288117012002636,1.952736203948138e-05
0.1820624999999869,-0.020018196813567514,0.0012831797690520215,0.4,0.22931452796676194,1.8196813567514843e-05
0.18306249999998678,-0.02001696466741077,0.0011882443643108634,0.4,0.229781228956529,1.696466741077157e-05
0.18406249999998667,-0.020015823718171327,0.0011002648933228917,0.4,0.23021432004344813,1.5823718171327408e-05
0.18506249999998656,-0.020014767279333975,0.0010187398954404853,0.4,0.23061615205517105,1.4767279333976254e-05
0.18606249999998645,-0.020013789146975942,0.000943203050846699,0.4,0.23098892023482057,1.3789146975943297e-05
0.18706249999998634,-0.02001288356587797,0.0008732208459799918,0.4,0.23133467336007346,1.288356587797251e-05
0.18806249999998623,-0.02001204519789618,0.0008083903770711128,0.4,0.23165532249768114,1.2045197896182105e-05
0.18906249999998612,-0.02001126909245955,0.000748337286056013,0.4,0.23195264937953586,1.1269092459549514e-05
0.190062499999986,-0.020010550659063823,0.0006927138229646748,0.4,0.23222831439303754,1.055065906382371e-05
0.1910624999999859,-0.020009885641638542,0.0006411970288133541,0.4,0.23248386418378628,9.885641638543354e-06
0.1920624999999858,-0.020009270094669747,0.0005934870330286556,0.4,0.2327207388728228,9.27009466974776e-06
0.19306249999998568,-0.020008700360967177,0.0005493054594930883,0.4,0.23294027889414823,8.700360967177963e-06
0.19406249999998557,-0.020008173050970288,0.0005083939354077707,0.4,0.23314373146065948,8.173050970288528e-06
0.19506249999998546,-0.02000768502349326,0.00047051269731015994,0.4,0.23333225666873064,7.685023493261053e-06
0.19606249999998535,-0.020007233367814993,0.0004354392887541657,0.4,0.2335069332532939,7.233367814993893e-06
0.19706249999998524,-0.02000681538702493,0.00040296734434934104,0.4,0.233668764006042,6.81538702493106e-06
0.19806249999998513,-0.020006428582541425,0.00037290545505927274,0.4,0.23381868087051239,6.428582541425417e-06
0.19906249999998502,-0.020006070639723716,0.0003450761098723696,0.4,0.23395754972789481,6.070639723716655e-06
0.2000624999999849,-0.020005739414503853,0.0003193147091762149,0.4,0.23408617488793743,5.7394145038538145e-06
0.2010624999999848,-0.02000543292096908,0.0002954686453870095,0.4,0.23420530329915,5.432920969079737e-06
0.20206249999998468,-0.02000514931982983,0.0002733964466062926,0.4,0.23431562849258714,5.14931982983002e-06
0.20306249999998457,-0.020004886907712325,0.00025296697929380726,0.4,0.23441779427311135,4.88690771232583e-06
0.20406249999998446,-0.02000464410721894,0.00023405870616005473,0.4,0.23451239817190656,4.644107218941453e-06
0.20506249999998435,-0.020004419457702885,0.00021655899569005872,0.4,0.234599994673435,4.419457702885873e-06
0.20606249999998424,-0.020004211606707446,0.00020036347991131406,0.4,0.23468109822975003,4.2116067074464934e-06
0.20706249999998413,-0.020004019302023387,0.0001853754572153981,0.4,0.23475618607462892,4.019302023387707e-06
0.20806249999998402,-0.020003841384320806,0.00017150533722935728,0.4,0.2348257008492717,3.841384320806603e-06
0.20906249999998391,-0.020003676780315147,0.0001586701249134991,0.4,0.2348900530510963,3.6767803151482002e-06
0.2100624999999838,-0.020003524496429417,0.00014679294123361752,0.4,0.23494962331640115,3.524496429417514e-06
0.2110624999999837,-0.02000338361291747,0.00013580257792017217,0.4,0.23500476454730995,3.383612917470715e-06
0.21206249999998358,-0.020003253278415418,0.00012563308398268083,0.4,0.23505580389273686,3.2532784154186943e-06
0.21306249999998347,-0.020003132704890722,0.00011622338179476433,0.4,0.23510304459278963,3.1327048907229225e-06
0.21406249999998336,-0.02000302116296031,0.0001075169107064973,0.4,0.2351467676952895,3.021162960312098e-06
0.21506249999998325,-0.020002917977551406,9.946129627157375e-05,0.4,0.23518723365285799,2.9179775514072935e-06
0.21606249999998314,-0.02000282252388028,9.20080433037089e-05,0.4,0.23522468380833128,2.822523880280283e-06
0.21706249999998303,-0.020002734223726077,8.511225109268849e-05,0.4,0.23525934177595131,2.7342237260779244e-06
0.21806249999998292,-0.020002652541978316,7.873234922254986e-05,0.4,0.2352914147252378,2.652541978316516e-06
0.2190624999999828,-0.020002576983438297,7.282985253817561e-05,0.4,0.23532109457413186,2.576983438298038e-06
0.2200624999999827,-0.020002507089856004,6.736913390501725e-05,0.4,0.2353485590975319,2.5070898560046982e-06
0.2210624999999826,-0.020002442437185332,6.231721349817502e-05,0.4,0.23537397295696788,2.4424371853327097e-06
0.22206249999998248,-0.020002382633041785,5.764356344337759e-05,0.4,0.2353974886568253,2.38263304178565e-06
0.22306249999998237,-0.020002327314347902,5.331992671394797e-05,0.4,0.23541924743218975,2.327314347903061e-06
0.22406249999998226,-0.02000227614515262,4.9320149262021344e-05,0.4,0.23543938007298992,2.2761451526193653e-06
0.22506249999998215,-0.02000222881461195,4.562002443446881e-05,0.4,0.2354580076889347,2.2288146119520645e-06
0.22606249999998204,-0.020002185035119073,4.219714878928756e-05,0.4,0.23547524241929368,2.1850351190739158e-06
0.22706249999998193,-0.020002144540572957,3.9030788490160355e-05,0.4,0.23549118809147612,2.1445405729582888e-06
0.22806249999998182,-0.020002107084775317,3.6101755515073536e-05,0.4,0.23550594083193763,2.1070847753177323e-06
0.2290624999999817,-0.02000207243994645,3.339229296792759e-05,0.4,0.23551958963281136,2.0724399464508957e-06
0.2300624999999816,-0.020002040395351212,3.088596883291373e-05,0.4,0.23553221687737352,2.0403953512131666e-06
0.2310624999999815,-0.020002010756027044,2.856757755786818e-05,0.4,0.2355438988272972,2.01075602704456e-06
0.23206249999998138,-0.020001983341606553,2.642304889686179e-05,0.4,0.23555470607443005,1.9833416065539143e-06
0.23306249999998127,-0.020001957985227557,2.4439363482888757e-05,0.4,0.2355647039595484,1.957985227557437e-06
0.23406249999998116,-0.020001934532524253,2.2604474638618314e-05,0.4,0.23557395296055034,1.934532524253737e-06
0.23506249999998105,-0.020001912840693466,2.0907235969595892e-05,0.4,0.23558250905223055,1.912840693467279e-06
0.23606249999998094,-0.020001892777630398,1.9337334316095577e-05,0.4,0.23559042403968133,1.8927776303987419e-06
0.23706249999998083,-0.020001874221128785,1.7885227671077777e-05,0.4,0.2355977458672501,1.8742211287856546e-06
0.23806249999998072,-0.02000185705814064,1.654208769932284e-05,0.4,0.23560451890478465,1.8570581406403795e-06
0.2390624999999806,-0.020001841184091203,1.529974651996511e-05,0.4,0.23561078421284357,1.8411840912043419e-06
0.2400624999999805,-0.020001826502244954,1.4150647438249758e-05,0.4,0.23561657978836126,1.8265022449551714e-06
0.2410624999999804,-0.02000181292311898,1.3087799336161103e-05,0.4,0.23562194079224769,1.8129231189822036e-06
0.24206249999998028,-0.02000180036394007,1.2104734451986688e-05,0.4,0.23562689976015225,1.8003639400700731e-06
0.24306249999998017,-0.020001788748142388,1.1195469298549046e-05,0.4,0.23563148679771417,1.7887481423887151e-06
0.24406249999998006,-0.020001778004902642,1.0354468488637769e-05,0.4,0.23563572976134778,1.7780049026429844e-06
0.24506249999997995,-0.020001768068709992,9.576611252502782e-06,0.4,0.23563965442568452,1.7680687099930724e-06
0.24606249999997984,-0.020001758878968094,8.857160448291897e-06,0.4,0.23564328463861095,1.7588789680950644e-06
0.24706249999997973,-0.020001750379626884,8.191733880956642e-06,0.4,0.23564664246481884,1.7503796268850645e-06
0.24806249999997962,-0.020001742518841913,7.576277758441603e-06,0.4,0.23564974831872929,1.7425188419142e-06
0.2490624999999795,-0.020001735248659162,7.007042126925668e-06,0.4,0.23565262108755536,1.735248659163243e-06
0.2500624999999794,-0.020001728524723393,6.4805581380129425e-06,0.4,0.2356552782452084,1.7285247233939614e-06
0.25106249999997976,-0.020001722306008385,5.993617012012705e-06,0.4,0.2356577359577831,1.7223060083857399e-06
0.2520624999999801,-0.02000171655456731,5.543250571395138e-06,0.4,0.23566000918117344,1.7165545673123415e-06
0.25306249999998043,-0.02000171123530186,5.126713227673102e-06,0.4,0.2356621117514651,1.7112353018606218e-06
0.25406249999998076,-0.02000170631574856,4.741465313542359e-06,0.4,0.23566405646855848,1.7063157485611678e-06
0.2550624999999811,-0.020001701765881185,4.3851576603178916e-06,0.4,0.23566585517360814,1.701765881185948e-06
0.25606249999998143,-0.020001697557927915,4.055617327849831e-06,0.4,0.23566751882067824,1.6975579279153961e-06
0.25706249999998176,-0.020001693666202212,3.750834401219967e-06,0.4,0.2356690575430655,1.6936662022132808e-06
0.2580624999999821,-0.020001690066946343,3.4689497745972614e-06,0.4,0.23567048071466273,1.6900669463442396e-06
0.25906249999998243,-0.02000168673818669,3.2082438486963516e-06,0.4,0.23567179700679344,1.6867381866909024e-06
0.26006249999998277,-0.02000168365959981,2.9671260740108444e-06,0.4,0.23567301444074007,1.6836595998124225e-06
0.2610624999999831,-0.020001680812388678,2.7441252762979166e-06,0.4,0.23567414043644097,1.680812388678895e-06
0.26206249999998343,-0.020001678179168,2.5378807062039016e-06,0.4,0.2356751818574348,1.6781791679991963e-06
0.26306249999998377,-0.02000167574385833,2.3471337587020004e-06,0.4,0.2356761450525671,1.6757438583299943e-06
0.2640624999999841,-0.02000167349158804,2.170720312854175e-06,0.4,0.23567703589452338,1.673491588039585e-06
0.26506249999998444,-0.0200016714086026,2.0075636450572634e-06,0.4,0.23567785981546996,1.6714086025992024e-06
0.26606249999998477,-0.020001669482180757,1.8566678730323372e-06,0.4,0.23567862184008218,1.6694821807577108e-06
0.2670624999999851,-0.020001667700556912,1.717111891108182e-06,0.4,0.2356793266160438,1.6677005569127289e-06
0.26806249999998544,-0.0200016660528494,1.588043759861406e-06,0.4,0.23567997844232655,1.6660528494006309e-06
0.26906249999998577,-0.020001664528994073,1.4686755161391526e-06,0.4,0.2356805812952962,1.6645289940739848e-06
0.2700624999999861,-0.02000166311968293,1.3582783720438717e-06,0.4,0.23568113885290862,1.663119682930505e-06
0.27106249999998644,-0.020001661816307345,1.2561782739687005e-06,0.4,0.23568165451709244,1.6618163073459612e-06
0.2720624999999868,-0.020001660610905494,1.1617517944779018e-06,0.4,0.23568213143441166,1.6606109054947103e-06
0.2730624999999871,-0.020001659496113818,1.0744223321229722e-06,0.4,0.23568257251524685,1.6594961138190721e-06
0.27406249999998744,-0.02000165846512207,9.936565964680293e-07,0.4,0.2356829804514944,1.6584651220722356e-06
0.2750624999999878,-0.020001657511631746,9.189613564965328e-07,0.4,0.23568335773294935,1.6575116317473458e-06
0.2760624999999881,-0.020001656629817646,8.498804330817569e-07,0.4,0.23568370666247204,1.6566298176464399e-06
0.27706249999998844,-0.020001655814292335,7.859919170371231e-07,0.4,0.2356840293700185,1.655814292335963e-06
0.2780624999999888,-0.02000165506007324,7.269055958742975e-07,0.4,0.235684327825603,1.6550600732425334e-06
0.2790624999999891,-0.020001654362552232,6.722605736085169e-07,0.4,0.23568460385129675,1.6543625522328319e-06
0.28006249999998944,-0.020001653717467486,6.217230690965177e-07,0.4,0.23568485913233436,1.6537174674867948e-06
0.2810624999999898,-0.020001653120877483,5.749843797484083e-07,0.4,0.23568509522738648,1.6531208774837013e-06
0.2820624999999901,-0.020001652569136944,5.31758998048899e-07,0.4,0.23568531357806385,1.6525691369450278e-06
0.28306249999999045,-0.02000165205887455,4.917828693644744e-07,0.4,0.235685515517689,1.6520588745501906e-06
0.2840624999999908,-0.020001651586972365,4.548117805876704e-07,0.4,0.23568570227943422,1.6515869723661945e-06
0.2850624999999911,-0.020001651150546813,4.206198697308736e-07,0.4,0.2356858750038444,1.6511505468142472e-06
0.28606249999999145,-0.020001650746931037,3.889982473736733e-07,0.4,0.23568603474577834,1.6507469310380295e-06
0.2870624999999918,-0.020001650373658638,3.5975372170439146e-07,0.4,0.2356861824808554,1.6503736586389282e-06
0.2880624999999921,-0.020001650028448587,3.3270761912659263e-07,0.4,0.23568631911139076,1.6500284485874116e-06
0.28906249999999245,-0.020001649709191324,3.076946936258794e-07,0.4,0.23568644547191928,1.6497091913244243e-06
0.2900624999999928,-0.020001649413935858,2.8456211792796256e-07,0.4,0.23568656233427548,1.6494139358585146e-06
0.2910624999999931,-0.020001649140877837,2.631685504752033e-07,0.4,0.23568667041229482,1.6491408778378756e-06
0.29206249999999345,-0.020001648888348555,2.4338327237097863e-07,0.4,0.23568677036618713,1.648888348555668e-06
0.2930624999999938,-0.020001648654804728,2.2508538931776315e-07,0.4,0.2356868628065465,1.6486548047290293e-06
0.2940624999999941,-0.020001648438819086,2.081630932500181e-07,0.4,0.23568694829808814,1.648438819086464e-06
0.29506249999999445,-0.020001648239071638,1.925129796395765e-07,0.4,0.2356870273630886,1.648239071638715e-06
0.2960624999999948,-0.02000164805434163,1.7803941596846382e-07,0.4,0.23568710048458213,1.6480543416296477e-06
0.2970624999999951,-0.02000164788350007,1.6465395773978178e-07,0.4,0.2356871681093043,1.6478835000699986e-06
0.29806249999999546,-0.020001647725502836,1.522748083025128e-07,0.4,0.23568723065041605,1.6477255028366465e-06
0.2990624999999958,-0.020001647579384302,1.408263192325002e-07,0.4,0.23568728849003265,1.6475793843027074e-06
0.3000624999999961,-0.02000164744425143,1.302385284167857e-07,0.4,0.23568734198155133,1.647444251432536e-06
0.30106249999999646,-0.02000164731927831,1.2044673247254298e-07,0.4,0.23568739145180267,1.6473192783104072e-06
0.3020624999999968,-0.020001647203701126,1.1139109169817864e-07,0.4,0.23568743720306434,1.6472037011271666e-06
0.3030624999999971,-0.02000164709681349,1.0301626448397375e-07,0.4,0.23568747951489283,1.6470968134895368e-06
0.30406249999999746,-0.020001646997962103,9.527106926108581e-08,0.4,0.2356875186458303,1.6469979621041263e-06
0.3050624999999978,-0.020001646906542794,8.810817185838681e-08,0.4,0.23568755483498893,1.6469065427945039e-06
0.3060624999999981,-0.02000164682199679,8.148379620937511e-08,0.4,0.23568758830350206,1.6468219967923602e-06
0.30706249999999846,-0.020001646743807357,7.535745700743554e-08,0.4,0.23568761925589518,1.6467438073582662e-06
0.3080624999999988,-0.02000164667149658,6.969171233440542e-08,0.4,0.23568764788130794,1.6466714965793737e-06
0.30906249999999913,-0.02000164660462249,6.445193500686064e-08,0.4,0.23568767435467328,1.6466046224897744e-06
0.31006249999999946,-0.020001646542776346,5.960610083841852e-08,0.4,0.2356876988377739,1.646542776346984e-06
0.3110624999999998,-0.020001646485580123,5.512459316028123e-08,0.4,0.23568772148022182,1.6464855801235322e-06
0.31206250000000013,-0.020001646432684223,5.098002164063905e-08,0.4,0.23568774242039156,1.646432684224066e-06
0.31306250000000047,-0.020001646383765326,4.7147055067044993e-08,0.4,0.23568776178625098,1.6463837653273548e-06
0.3140625000000008,-0.020001646338524436,4.360226652756479e-08,0.4,0.23568777969615856,1.6463385244364602e-06
0.31506250000000113,-0.020001646296685015,4.0323990344410724e-08,0.4,0.2356877962595644,1.6462966850156434e-06
0.31606250000000147,-0.020001646257991335,3.7292189582000075e-08,0.4,0.23568781157770108,1.646257991335439e-06
0.3170625000000018,-0.020001646222206876,3.4488333688796884e-08,0.4,0.23568782574418082,1.6462222068767095e-06
0.31806250000000214,-0.02000164618911292,3.189528519010028e-08,0.4,0.23568783884559136,1.6461891129220495e-06
0.31906250000000247,-0.020001646158507184,2.9497195064730038e-08,0.4,0.23568785096200273,1.6461585071853545e-06
0.3200625000000028,-0.02000164613020258,2.7279405757011744e-08,0.4,0.23568786216746093,1.646130202580167e-06
0.32106250000000314,-0.020001646104026098,2.5228361627968474e-08,0.4,0.2356878725304542,1.6461040260990455e-06
0.32206250000000347,-0.020001646079817737,2.3331526191074785e-08,0.4,0.2356878821143194,1.6460798177380352e-06
0.3230625000000038,-0.02000164605742952,2.1577305449258036e-08,0.4,0.23568789097763154,1.6460574295217544e-06
0.32406250000000414,-0.020001646036724604,1.9954977044508403e-08,0.4,0.23568789917456515,1.6460367246048067e-06
0.3250625000000045,-0.02000164601757642,1.845462476692771e-08,0.4,0.23568790675521623,1.6460175764217676e-06
0.3260625000000048,-0.020001645999867926,1.7067077891797492e-08,0.4,0.23568791376591786,1.6459998679273745e-06
0.32706250000000514,-0.020001645983490888,1.578385521217945e-08,0.4,0.2356879202495272,1.6459834908887604e-06
0.3280625000000055,-0.02000164596834519,1.4597113179169712e-08,0.4,0.23568792624566737,1.645968345191564e-06
0.3290625000000058,-0.020001645954338256,1.3499597915030387e-08,0.4,0.23568793179098818,1.6459543382570628e-06
0.33006250000000614,-0.020001645941384455,1.2484600867179072e-08,0.4,0.23568793691937778,1.6459413844558367e-06
0.3310625000000065,-0.020001645929404618,1.1545917840686187e-08,0.4,0.2356879416621905,1.6459294046185756e-06
0.3320625000000068,-0.020001645918325515,1.0677811168078608e-08,0.4,0.23568794604841464,1.6459183255156627e-06
0.33306250000000714,-0.02000164590807942,9.874974553535428e-09,0.4,0.2356879501048571,1.6459080794200241e-06
0.3340625000000075,-0.0200016458986037,9.132500627000202e-09,0.4,0.23568795385631264,1.6458986037012034e-06
0.3350625000000078,-0.020001645889840432,8.44585092575494e-09,0.4,0.23568795732570955,1.6458898404333143e-06
0.33606250000000815,-0.020001645881736058,7.81082827542718e-09,0.4,0.23568796053425972,1.6458817360585042e-06
0.3370625000000085,-0.02000164587424103,7.223551077265441e-09,0.4,0.23568796350157006,1.645874241029601e-06
0.3380625000000088,-0.020001645867309528,6.680429471726904e-09,0.4,0.2356879662457772,1.6458673095290886e-06
0.33906250000000915,-0.020001645860899194,6.17814359944752e-09,0.4,0.23568796878365988,1.6458608991950195e-06
0.3400625000000095,-0.02000164585497084,5.713623162531903e-09,0.4,0.2356879711307292,1.6458549708399904e-06
0.3410625000000098,-0.020001645849488225,5.2840287278215065e-09,0.4,0.23568797330133137,1.645849488225628e-06
0.34206250000001015,-0.020001645844417833,4.886734330321969e-09,0.4,0.23568797530873162,1.645844417833605e-06
0.3430625000000105,-0.020001645839728674,4.519311428563643e-09,0.4,0.23568797716520332,1.6458397286748215e-06
0.3440625000000108,-0.020001645835392087,4.179514125587467e-09,0.4,0.23568797888209556,1.6458353920881762e-06
0.34506250000001115,-0.02000164583138156,3.865265332008821e-09,0.4,0.2356879804698999,1.6458313815601554e-06
0.3460625000000115,-0.020001645827672575,3.5746441778145843e-09,0.4,0.23568798193832163,1.645827672575647e-06
0.3470625000000118,-0.020001645824242457,3.3058741310064735e-09,0.4,0.23568798329633472,1.6458242424583457e-06
0.34806250000001215,-0.020001645821070245,3.0573122500789113e-09,0.4,0.23568798455224374,1.645821070245853e-06
0.3490625000000125,-0.020001645818136536,2.8274391303595154e-09,0.4,0.2356879857137196,1.6458181365370216e-06
0.3500625000000128,-0.020001645815423418,2.614849600804893e-09,0.4,0.2356879867878747,1.6458154234190968e-06
0.35106250000001316,-0.020001645812914297,2.4182442477348203e-09,0.4,0.2356879877812681,1.645812914297714e-06
0.3520625000000135,-0.020001645810593823,2.2364212177819562e-09,0.4,0.23568798869996554,1.6458105938240396e-06
0.3530625000000138,-0.02000164580844782,2.0682690391081655e-09,0.4,0.2356879895495886,1.6458084478219136e-06
0.35406250000001416,-0.020001645806463172,1.912759820485382e-09,0.4,0.2356879903353311,1.645806463173357e-06
0.3550625000000145,-0.020001645804627752,1.7689430145899252e-09,0.4,0.23568799106199922,1.6458046277526527e-06
0.3560625000000148,-0.02000164580293033,1.6359395008286006e-09,0.4,0.23568799173402788,1.6458029303292009e-06
0.35706250000001516,-0.020001645801360532,1.5129362354568527e-09,0.4,0.23568799235552912,1.6458013605328246e-06
0.3580625000000155,-0.020001645799908766,1.39918133794775e-09,0.4,0.2356879929303014,1.6457999087670337e-06
0.3590625000000158,-0.02000164579856616,1.2939794372482434e-09,0.4,0.23568799346186015,1.6457985661604523e-06
0.36006250000001616,-0.02000164579732449,1.1966874513682816e-09,0.4,0.2356879939534451,1.645797324490491e-06
0.3610625000000165,-0.02000164579617619,1.1067106358788337e-09,0.4,0.23568799440807597,1.645796176190286e-06
0.36206250000001683,-0.020001645795114216,1.0234989854582624e-09,0.4,0.23568799482851693,1.6457951142168602e-06
0.36306250000001716,-0.0200016457941321,9.465438299258321e-10,0.4,0.2356879952173514,1.6457941320996948e-06
0.3640625000000175,-0.02000164579322383,8.753748104955428e-10,0.4,0.23568799557695222,1.6457932238297078e-06
0.36506250000001783,-0.020001645792383848,8.09556868879774e-10,0.4,0.23568799590951384,1.6457923838488452e-06
0.36606250000001817,-0.020001645791607025,7.486876698596296e-10,0.4,0.23568799621707132,1.6457916070257948e-06
0.3670625000000185,-0.020001645790888607,6.923951324896656e-10,0.4,0.2356879965015019,1.6457908886074145e-06
0.36806250000001883,-0.0200016457902242,6.403350954492121e-10,0.4,0.2356879967645445,1.6457902242013843e-06
0.36906250000001917,-0.02000164578960976,5.921893654516922e-10,0.4,0.2356879970078164,1.645789609762329e-06
0.3700625000000195,-0.020001645789041515,5.476636532984711e-10,0.4,0.23568799723279285,1.6457890415154906e-06
0.37106250000001983,-0.02000164578851599,5.064857333318955e-10,0.4,0.23568799744085223,1.645788515991422e-06
0.37206250000002017,-0.020001645788029983,4.684039051531877e-10,0.4,0.2356879976332704,1.645788029984354e-06
0.3730625000000205,-0.020001645787580513,4.331853706119488e-10,0.4,0.23568799781121794,1.645787580514032e-06
0.37406250000002084,-0.020001645787164842,4.0061480873617835e-10,0.4,0.2356879979757892,1.645787164843062e-06
0.37506250000002117,-0.020001645786780424,3.7049318024544856e-10,0.4,0.23568799812798608,1.6457867804248703e-06
0.3760625000000215,-0.020001645786424913,3.426363712541422e-10,0.4,0.2356879982687414,1.6457864249141106e-06
0.37706250000002184,-0.020001645786096135,3.1687409389045e-10,0.4,0.23568799839891452,1.6457860961354397e-06
0.3780625000000222,-0.020001645785792072,2.930488655668734e-10,0.4,0.23568799851929723,1.6457857920731088e-06
0.3790625000000225,-0.02000164578551087,2.71014997218819e-10,0.4,0.23568799863062778,1.6457855108709639e-06
0.38006250000002284,-0.020001645785250818,2.506378329442459e-10,0.4,0.23568799873359142,1.6457852508185676e-06
0.3810625000000232,-0.020001645785010312,2.3179282570123578e-10,0.4,0.2356879988288093,1.6457850103130355e-06
0.3820625000000235,-0.020001645784787882,2.143647001968336e-10,0.4,0.23568799891686384,1.645784787883322e-06
0.38306250000002384,-0.020001645784582182,1.9824690155016558e-10,0.4,0.235687998998302,1.6457845821832816e-06
0.3840625000000242,-0.020001645784391953,1.8334097689564434e-10,0.4,0.23568799907361943,1.6457843919535052e-06
0.3850625000000245,-0.020001645784216024,1.6955578830573242e-10,0.4,0.23568799914327276,1.6457842160247892e-06
0.38606250000002484,-0.020001645784053317,1.5680709311100525e-10,0.4,0.2356879992076854,1.6457840533181355e-06
0.3870625000000252,-0.02000164578390285,1.45016917097443e-10,0.4,0.23568799926725942,1.6457839028516906e-06
0.3880625000000255,-0.02000164578376369,1.341132357777626e-10,0.4,0.23568799932235007,1.6457837636921734e-06
0.38906250000002585,-0.020001645783635006,1.2402937277967887e-10,0.4,0.23568799937330567,1.6457836350069165e-06
0.3900625000000262,-0.020001645783515994,1.1470374616936658e-10,0.4,0.2356879994204275,1.6457835159944777e-06
0.3910625000000265,-0.020001645783405932,1.0607935245153737e-10,0.4,0.23568799946400748,1.645783405933212e-06
0.39206250000002685,-0.02000164578330414,9.810340356249055e-11,0.4,0.23568799950430605,1.6457833041396384e-06
0.3930625000000272,-0.02000164578321,9.07271137775377e-11,0.4,0.23568799954157513,1.6457832099996648e-06
0.3940625000000275,-0.02000164578312294,8.390544440146896e-11,0.4,0.23568799957604372,1.6457831229408325e-06
0.39506250000002785,-0.020001645783042428,7.759668995133853e-11,0.4,0.23568799960792122,1.6457830424288465e-06
0.3960625000000282,-0.02000164578296797,7.17622999189818e-11,0.4,0.23568799963740208,1.6457829679710455e-06
0.3970625000000285,-0.020001645782899116,6.636662549603364e-11,0.4,0.23568799966466883,1.6457828991164013e-06
0.39806250000002885,-0.02000164578283543,6.13766669146666e-11,0.4,0.23568799968988027,1.645782835431233e-06
0.3990625000000292,-0.02000164578277653,5.6761875560616564e-11,0.4,0.23568799971319393,1.6457827765304321e-06
0.4000625000000295,-0.020001645782722056,5.249396765103176e-11,0.4,0.2356879997347549,1.6457827220566455e-06
0.40106250000002985,-0.020001645782671686,4.854696944971877e-11,0.4,0.2356879997546999,1.6457826716872147e-06
0.4020625000000302,-0.0200016457826251,4.4896745491960296e-11,0.4,0.23568799977314173,1.645782625099481e-06
0.4030625000000305,-0.02000164578258202,4.152095403852947e-11,0.4,0.2356879997902003,1.6457825820193582e-06
0.40406250000003086,-0.020001645782542175,3.8398996533129447e-11,0.4,0.2356879998059747,1.6457825421762294e-06
0.4050625000000312,-0.02000164578250533,3.551178718935381e-11,0.4,0.23568799982056401,1.6457825053307028e-06
0.4060625000000315,-0.02000164578247126,3.284168726929575e-11,0.4,0.23568799983405928,1.6457824712607337e-06
0.40706250000003186,-0.020001645782439743,3.0372366573374145e-11,0.4,0.23568799984653466,1.6457824397442776e-06
0.4080625000000322,-0.0200016457824106,2.8088699276613722e-11,0.4,0.23568799985807412,1.6457824106009232e-06
0.4090625000000325,-0.020001645782383642,2.597672535246412e-11,0.4,0.23568799986874284,1.6457823836433204e-06
0.41006250000003286,-0.020001645782358718,2.4023542714761485e-11,0.4,0.2356879998786133,1.6457823587188135e-06
0.4110625000000332,-0.020001645782335674,2.221725453353403e-11,0.4,0.23568799988774508,1.6457823356747468e-06
0.4120625000000335,-0.020001645782314358,2.0546844939923382e-11,0.4,0.23568799989618633,1.6457823143584648e-06
0.41306250000003386,-0.020001645782294644,1.900202970075938e-11,0.4,0.23568799990399306,1.6457822946450672e-06
0.4140625000000342,-0.02000164578227641,1.75733731250018e-11,0.4,0.2356879999112101,1.645782276409654e-06
0.41506250000003453,-0.02000164578225955,1.6252153515589244e-11,0.4,0.23568799991788816,1.6457822595516113e-06
0.41606250000003486,-0.020001645782243956,1.50302639314773e-11,0.4,0.2356879999240613,1.6457822439564472e-06
0.4170625000000352,-0.020001645782229533,1.3900241876038816e-11,0.4,0.2356879999297704,1.6457822295339562e-06
0.41806250000003553,-0.020001645782216193,1.2855173512486755e-11,0.4,0.23568799993504924,1.6457822161939327e-06
0.41906250000003586,-0.020001645782203863,1.1888678110257863e-11,0.4,0.2356879999399352,1.6457822038635182e-06
0.4200625000000362,-0.020001645782192455,1.0994873993033313e-11,0.4,0.23568799994445108,1.6457821924559767e-06
0.42106250000003653,-0.020001645782181908,1.0168291722253641e-11,0.4,0.2356879999486287,1.645782181908858e-06
0.42206250000003687,-0.020001645782172152,9.403843792998763e-12,0.4,0.2356879999524913,1.645782172152773e-06
0.4230625000000372,-0.020001645782163124,8.696850226513325e-12,0.4,0.2356879999560606,1.6457821631252721e-06
0.42406250000003753,-0.02000164578215478,8.043008453479696e-12,0.4,0.23568799995936457,1.6457821547812522e-06
0.42506250000003787,-0.020001645782147064,7.438340951068596e-12,0.4,0.2356879999624203,1.6457821470652022e-06
0.4260625000000382,-0.020001645782139928,6.879141675320657e-12,0.4,0.2356879999652458,1.6457821399285498e-06
0.42706250000003854,-0.020001645782133325,6.361967682003699e-12,0.4,0.2356879999678576,1.6457821333261922e-06
0.42806250000003887,-0.02000164578212722,5.8836785862177224e-12,0.4,0.23568799997027287,1.6457821272199656e-06
0.4290625000000392,-0.02000164578212158,5.441366129409336e-12,0.4,0.23568799997251222,1.6457821215821143e-06
0.43006250000003954,-0.020001645782116356,5.0323032084844385e-12,0.4,0.2356879999745763,1.6457821163571272e-06
0.43106250000003987,-0.02000164578211153,4.65399433805748e-12,0.4,0.2356879999764891,1.6457821115311265e-06
0.4320625000000402,-0.020001645782107065,4.3041447038413045e-12,0.4,0.23568799997825662,1.6457821070659483e-06
0.43306250000004054,-0.020001645782102936,3.98059155005041e-12,0.4,0.23568799997989182,1.6457821029373064e-06
0.4340625000000409,-0.020001645782099117,3.681366179702952e-12,0.4,0.23568799998140305,1.6457820991174453e-06
0.4350625000000412,-0.020001645782095585,3.4046311512060233e-12,0.4,0.23568799998280118,1.6457820955855483e-06
0.43606250000004154,-0.020001645782092316,3.1486978397537934e-12,0.4,0.23568799998409315,1.6457820923173293e-06
0.4370625000000419,-0.020001645782089298,2.912001674685305e-12,0.4,0.23568799998529058,1.6457820892989104e-06
0.4380625000000422,-0.020001645782086505,2.6931278658619494e-12,0.4,0.23568799998639672,1.6457820865060056e-06
0.43906250000004254,-0.02000164578208392,2.4906995836063664e-12,0.4,0.2356879999874187,1.6457820839212677e-06
0.4400625000000429,-0.02000164578208153,2.3034748140965184e-12,0.4,0.2356879999883641,1.6457820815308187e-06
0.4410625000000432,-0.02000164578207932,2.1303320371888495e-12,0.4,0.23568799998923876,1.645782079320781e-06
0.44206250000004355,-0.020001645782077276,1.970196393588852e-12,0.4,0.23568799999004794,1.6457820772772767e-06
0.4430625000000439,-0.02000164578207539,1.8221169175243505e-12,0.4,0.2356879999907977,1.6457820753898976e-06
0.4440625000000442,-0.020001645782073637,1.685158839329693e-12,0.4,0.235687999991487,1.6457820736378269e-06
0.44506250000004455,-0.020001645782072024,1.5584888224758102e-12,0.4,0.2356879999921292,1.645782072024534e-06
0.4460625000000449,-0.02000164578207053,1.4413499867646113e-12,0.4,0.23568799999272078,1.6457820705292024e-06
0.4470625000000452,-0.020001645782069147,1.3330264375171676e-12,0.4,0.23568799999326914,1.6457820691483625e-06
0.44806250000004555,-0.020001645782067867,1.2328480574796123e-12,0.4,0.2356879999937742,1.6457820678681366e-06
0.4490625000000459,-0.02000164578206668,1.1401967978727793e-12,0.4,0.23568799999423978,1.6457820666815857e-06
0.4500625000000462,-0.02000164578206559,1.0545048847737987e-12,0.4,0.23568799999467538,1.6457820655921794e-06
0.45106250000004655,-0.020001645782064575,9.752543372484624e-13,0.4,0.23568799999507267,1.6457820645756314e-06
0.4520625000000469,-0.020001645782063645,9.019638766138827e-13,0.4,0.23568799999544643,1.6457820636458197e-06
0.4530625000000472,-0.02000164578206278,8.341959135191602e-13,0.4,0.23568799999578946,1.6457820627819274e-06
0.45406250000004755,-0.02000164578206198,7.715176237488687e-13,0.4,0.23568799999610512,1.6457820619804851e-06
0.4550625000000479,-0.02000164578206124,7.135529363864881e-13,0.4,0.23568799999639845,1.645782061241493e-06
0.4560625000000482,-0.020001645782060557,6.599498738971085e-13,0.4,0.23568799999666978,1.6457820605580119e-06
0.45706250000004855,-0.020001645782059926,6.103772593652778e-13,0.4,0.235687999996921,1.6457820599265725e-06
0.4580625000000489,-0.02000164578205934,5.645255463781456e-13,0.4,0.23568799999715198,1.645782059340236e-06
0.4590625000000492,-0.020001645782058795,5.221208734980689e-13,0.4,0.235687999997364,1.6457820587955328e-06
0.46006250000004956,-0.020001645782058295,4.829281160909504e-13,0.4,0.23568799999756238,1.6457820582959325e-06
0.4610625000000499,-0.020001645782057837,4.466570827605004e-13,0.4,0.23568799999774878,1.6457820578379655e-06
0.4620625000000502,-0.0200016457820574,4.1311269742694327e-13,0.4,0.2356879999979126,1.6457820574008152e-06
0.46306250000005056,-0.02000164578205701,3.821064427643866e-13,0.4,0.23568799999807377,1.645782057012237e-06
0.4640625000000509,-0.02000164578205664,3.533863287716059e-13,0.4,0.2356879999982158,1.6457820566410063e-06
0.4650625000000512,-0.020001645782056307,3.2688111935030493e-13,0.4,0.23568799999835308,1.6457820563079394e-06
0.46606250000005156,-0.020001645782055984,3.023108494061663e-13,0.4,0.2356879999984715,1.6457820559852808e-06
0.4670625000000519,-0.020001645782055707,2.7963686244691687e-13,0.4,0.2356879999985935,1.645782055707725e-06
0.46806250000005223,-0.02000164578205543,2.586773605230913e-13,0.4,0.23568799999869314,1.6457820554301693e-06
0.46906250000005256,-0.020001645782055183,2.3919149012985366e-13,0.4,0.23568799999879297,1.6457820551838385e-06
0.4700625000000529,-0.02000164578205496,2.212742595020223e-13,0.4,0.23568799999888768,1.645782054961794e-06
0.47106250000005323,-0.02000164578205474,2.046878401926749e-13,0.4,0.23568799999896503,1.6457820547397493e-06
0.47206250000005356,-0.020001645782054538,1.892197285760043e-13,0.4,0.23568799999904078,1.6457820545385214e-06
0.4730625000000539,-0.02000164578205437,1.750226231505749e-13,0.4,0.23568799999912166,1.645782054371988e-06
0.47406250000005423,-0.020001645782054205,1.6196296627099077e-13,0.4,0.23568799999918771,1.6457820542054545e-06
0.47506250000005457,-0.020001645782054038,1.4983221633419862e-13,0.4,0.23568799999924175,1.645782054038921e-06
0.4760625000000549,-0.020001645782053875,1.3846016698433022e-13,0.4,0.23568799999928794,1.645782053875857e-06
0.47706250000005523,-0.020001645782053764,1.279752091749471e-13,0.4,0.2356879999993552,1.6457820537648347e-06
0.47806250000005557,-0.020001645782053653,1.184354614965792e-13,0.4,0.23568799999941012,1.6457820536538124e-06
0.4790625000000559,-0.020001645782053542,1.0966787992841311e-13,0.4,0.23568799999945492,1.6457820535427901e-06
0.48006250000005624,-0.02000164578205343,1.0153079538657734e-13,0.4,0.2356879999994916,1.6457820534317678e-06
0.48106250000005657,-0.02000164578205332,9.390847932806806e-14,0.4,0.23568799999952145,1.6457820533207455e-06
0.4820625000000569,-0.02000164578205321,8.670669986036309e-14,0.4,0.2356879999995459,1.6457820532097232e-06
0.48306250000005724,-0.02000164578205313,7.992184297622083e-14,0.4,0.2356879999995844,1.645782053129926e-06
0.48406250000005757,-0.020001645782053074,7.384238676479447e-14,0.4,0.23568799999962894,1.6457820530744148e-06
0.4850625000000579,-0.020001645782053018,6.83889033780404e-14,0.4,0.23568799999966533,1.6457820530189037e-06
0.48606250000005824,-0.020001645782052963,6.344660123779524e-14,0.4,0.235687999999695,1.6457820529633925e-06
0.4870625000000586,-0.020001645782052907,5.892191771213707e-14,0.4,0.23568799999971932,1.6457820529078813e-06
0.4880625000000589,-0.02000164578205285,5.473836969966366e-14,0.4,0.2356879999997391,1.6457820528523702e-06
0.48906250000005924,-0.020001645782052796,5.083342148988302e-14,0.4,0.23568799999975532,1.645782052796859e-06
0.4900625000000596,-0.02000164578205274,4.715596834335625e-14,0.4,0.2356879999997685,1.645782052741348e-06
0.4910625000000599,-0.020001645782052685,4.366419485777664e-14,0.4,0.2356879999997793,1.6457820526858367e-06
0.49206250000006024,-0.02000164578205263,4.0324289987617026e-14,0.4,0.23568799999978807,1.6457820526303256e-06
0.4930625000000606,-0.020001645782052574,3.7108358951056934e-14,0.4,0.23568799999979528,1.6457820525748144e-06
0.4940625000000609,-0.02000164578205252,3.399375396938223e-14,0.4,0.23568799999980114,1.6457820525193033e-06
0.49506250000006125,-0.020001645782052463,3.0961575123240415e-14,0.4,0.235687999999806,1.6457820524637921e-06
0.4960625000000616,-0.020001645782052407,2.7997018368152888e-14,0.4,0.23568799999980997,1.645782052408281e-06
0.4970625000000619,-0.020001645782052404,2.5296016437463384e-14,0.4,0.23568799999984294,1.6457820524048115e-06
0.49806250000006225,-0.020001645782052404,2.308820602834673e-14,0.4,0.23568799999987175,1.6457820524048115e-06
0.4990625000000626,-0.020001645782052404,2.1284869955627195e-14,0.4,0.23568799999989526,1.6457820524048115e-06
0.5000625000000628,-0.020001645782052404,1.981217538987972e-14,0.4,0.23568799999991438,1.6457820524048115e-06
0.5010625000000622,-0.020001645782052404,1.8608951912236913e-14,0.4,0.23568799999993012,1.6457820524048115e-06
0.5020625000000617,-0.020001645782052404,1.762623641718086e-14,0.4,0.23568799999994294,1.6457820524048115e-06
0.5030625000000611,-0.020001645782052404,1.682398035038961e-14,0.4,0.2356879999999534,1.6457820524048115e-06
0.5040625000000606,-0.020001645782052404,1.616856005930412e-14,0.4,0.23568799999996196,1.6457820524048115e-06
0.50506250000006,-0.020001645782052404,1.563331220160844e-14,0.4,0.23568799999996892,1.6457820524048115e-06
0.5060625000000595,-0.020001645782052404,1.5196017325372615e-14,0.4,0.2356879999999746,1.6457820524048115e-06
0.5070625000000589,-0.020001645782052404,1.483908726202078e-14,0.4,0.23568799999997925,1.6457820524048115e-06
0.5080625000000584,-0.020001645782052404,1.454734318113814e-14,0.4,0.23568799999998308,1.6457820524048115e-06
0.5090625000000578,-0.020001645782052404,1.430911317785546e-14,0.4,0.23568799999998616,1.6457820524048115e-06
0.5100625000000573,-0.020001645782052404,1.4114545736136334e-14,0.4,0.2356879999999887,1.6457820524048115e-06
0.5110625000000567,-0.020001645782052404,1.395558295835315e-14,0.4,0.23568799999999077,1.6457820524048115e-06
0.5120625000000562,-0.020001645782052404,1.3825666090622975e-14,0.4,0.23568799999999246,1.6457820524048115e-06
0.5130625000000556,-0.020001645782052404,1.371970875238353e-14,0.4,0.23568799999999385,1.6457820524048115e-06
0.514062500000055,-0.020001645782052404,1.3633052889856726e-14,0.4,0.23568800000000958,1.6457820524048115e-06
0.5150625000000545,-0.020001645782052404,1.3580636399641254e-14,0.4,0.23568799999998497,1.6457820524048115e-06
0.5160625000000539,-0.020001645782052404,1.3516307070740446e-14,0.4,0.23568799999999646,1.6457820524048115e-06
0.5170625000000534,-0.020001645782052404,1.3471439840096354e-14,0.4,0.23568800000000553,1.6457820524048115e-06
0.5180625000000528,-0.020001645782052404,1.3441189260962809e-14,0.4,0.23568799999999113,1.6457820524048115e-06
0.5190625000000523,-0.020001645782052404,1.3403335881409857e-14,0.4,0.23568799999999798,1.6457820524048115e-06
0.5200625000000517,-0.020001645782052404,1.3390057751099918e-14,0.4,0.2356879999999981,1.6457820524048115e-06
0.5210625000000512,-0.020001645782052404,1.3395947244382557e-14,0.4,0.2356879999999933,1.6457820524048115e-06
0.5220625000000506,-0.020001645782052404,1.3391717517388664e-14,0.4,0.23568800000000342,1.6457820524048115e-06
0.5230625000000501,-0.020001645782052404,1.3391797828660702e-14,0.4,0.2356879999999981,1.6457820524048115e-06
0.5240625000000495,-0.020001645782052404,1.33978211740634e-14,0.4,0.23568799999999301,1.6457820524048115e-06
0.525062500000049,-0.020001645782052404,1.3393591447069508e-14,0.4,0.23568800000000373,1.6457820524048115e-06
0.5260625000000484,-0.020001645782052404,1.3395224442934242e-14,0.4,0.2356880000000128,1.6457820524048115e-06
0.5270625000000478,-0.020001645782052404,1.3401221017912929e-14,0.4,0.23568799999999282,1.6457820524048115e-06
0.5280625000000473,-0.020001645782052404,1.3396643275406884e-14,0.4,0.23568800000000367,1.6457820524048115e-06
0.5290625000000467,-0.020001645782052404,1.3397366076855208e-14,0.4,0.23568799999999804,1.6457820524048115e-06
0.5300625000000462,-0.020001645782052404,1.3384623355025504e-14,0.4,0.23568800000001291,1.6457820524048115e-06
0.5310625000000456,-0.020001645782052404,1.3399480940352159e-14,0.4,0.23568800000000364,1.6457820524048115e-06
0.5320625000000451,-0.020001645782052404,1.3400471446040602e-14,0.4,0.23568799999999798,1.6457820524048115e-06
0.5330625000000445,-0.020001645782052404,1.3387059463610597e-14,0.4,0.23568800000001244,1.6457820524048115e-06
0.534062500000044,-0.020001645782052404,1.3392520630109043e-14,0.4,0.23568799999999354,1.6457820524048115e-06
0.5350625000000434,-0.020001645782052404,1.3401863508089228e-14,0.4,0.23568799999999798,1.6457820524048115e-06
0.5360625000000429,-0.020001645782052404,1.3389013704563476e-14,0.4,0.2356880000000123,1.6457820524048115e-06
0.5370625000000423,-0.020001645782052404,1.3394073314701741e-14,0.4,0.2356879999999933,1.6457820524048115e-06
0.5380625000000417,-0.020001645782052404,1.3389950669403897e-14,0.4,0.2356880000000036,1.6457820524048115e-06
0.5390625000000412,-0.020001645782052404,1.3391208879332461e-14,0.4,0.23568799999999815,1.6457820524048115e-06
0.5400625000000406,-0.020001645782052404,1.3396964520495042e-14,0.4,0.23568799999999301,1.6457820524048115e-06
0.5410625000000401,-0.020001645782052404,1.3392600941381091e-14,0.4,0.23568800000000364,1.6457820524048115e-06
0.5420625000000395,-0.020001645782052404,1.3393885921733668e-14,0.4,0.2356879999999981,1.6457820524048115e-06
0.543062500000039,-0.020001645782052404,1.3399748644592293e-14,0.4,0.23568799999999301,1.6457820524048115e-06
0.5440625000000384,-0.020001645782052404,1.3395545688022413e-14,0.4,0.23568800000000384,1.6457820524048115e-06
0.5450625000000379,-0.020001645782052404,1.3396670045830917e-14,0.4,0.23568799999999804,1.6457820524048115e-06
0.5460625000000373,-0.020001645782052404,1.3402666620809603e-14,0.4,0.23568799999999293,1.6457820524048115e-06
0.5470625000000368,-0.020001645782052404,1.3398383352967688e-14,0.4,0.23568800000000373,1.6457820524048115e-06
0.5480625000000362,-0.020001645782052404,1.3399400629080145e-14,0.4,0.2356879999999981,1.6457820524048115e-06
0.5490625000000356,-0.020001645782052404,1.3386497284706368e-14,0.4,0.235688000000012,1.6457820524048115e-06
0.5500625000000351,-0.020001645782052404,1.3400685609432725e-14,0.4,0.23568800000000384,1.6457820524048115e-06
0.5510625000000345,-0.020001645782052404,1.3401622574273147e-14,0.4,0.23568799999999798,1.6457820524048115e-06
0.552062500000034,-0.020001645782052404,1.3407886853491956e-14,0.4,0.23568799999999282,1.6457820524048115e-06
0.5530625000000334,-0.020001645782052404,1.3394287478093869e-14,0.4,0.23568799999999362,1.6457820524048115e-06
0.5540625000000329,-0.020001645782052404,1.3389977439827941e-14,0.4,0.23568800000000353,1.6457820524048115e-06
0.5550625000000323,-0.020001645782052404,1.3410189109956993e-14,0.4,0.23568799999999282,1.6457820524048115e-06
0.5560625000000318,-0.020001645782052404,1.3396884209223038e-14,0.4,0.23568799999999338,1.6457820524048115e-06
0.5570625000000312,-0.020001645782052404,1.3406708954835437e-14,0.4,0.2356879999999979,1.6457820524048115e-06
0.5580625000000307,-0.020001645782052404,1.3392868645621241e-14,0.4,0.2356879999999981,1.6457820524048115e-06
0.5590625000000301,-0.020001645782052404,1.3398731368479866e-14,0.4,0.23568799999999282,1.6457820524048115e-06
0.5600625000000296,-0.020001645782052404,1.3394126855549806e-14,0.4,0.23568800000000373,1.6457820524048115e-06
0.561062500000029,-0.020001645782052404,1.3395331524630348e-14,0.4,0.2356879999999981,1.6457820524048115e-06
0.5620625000000284,-0.020001645782052404,1.3400953313672867e-14,0.4,0.23568799999999324,1.6457820524048115e-06
0.5630625000000279,-0.020001645782052404,1.3396107866926698e-14,0.4,0.23568800000000384,1.6457820524048115e-06
0.5640625000000273,-0.020001645782052404,1.3396991290919093e-14,0.4,0.23568799999999798,1.6457820524048115e-06
0.5650625000000268,-0.020001645782052404,1.340285401377772e-14,0.4,0.23568799999999293,1.6457820524048115e-06
0.5660625000000262,-0.020001645782052404,1.339862428678383e-14,0.4,0.2356880000000039,1.6457820524048115e-06
0.5670625000000257,-0.020001645782052404,1.3399347088232154e-14,0.4,0.2356879999999981,1.6457820524048115e-06
0.5680625000000251,-0.020001645782052404,1.3386095728346222e-14,0.4,0.23568800000001267,1.6457820524048115e-06
0.5690625000000246,-0.020001645782052404,1.3400471446040662e-14,0.4,0.2356880000000039,1.6457820524048115e-06
0.570062500000024,-0.020001645782052404,1.3387246856578742e-14,0.4,0.23568800000000353,1.6457820524048115e-06
0.5710625000000235,-0.020001645782052404,1.33882641326912e-14,0.4,0.23568800000001244,1.6457820524048115e-06
0.5720625000000229,-0.020001645782052404,1.3402827243353724e-14,0.4,0.23568800000000378,1.6457820524048115e-06
0.5730625000000223,-0.020001645782052404,1.338984358770791e-14,0.4,0.23568800000000342,1.6457820524048115e-06
0.5740625000000218,-0.020001645782052404,1.3390539618732224e-14,0.4,0.2356879999999981,1.6457820524048115e-06
0.5750625000000212,-0.020001645782052404,1.3396562964134925e-14,0.4,0.23568799999999301,1.6457820524048115e-06
0.5760625000000207,-0.020001645782052404,1.3392306466717023e-14,0.4,0.23568800000000367,1.6457820524048115e-06
0.5770625000000201,-0.020001645782052404,1.3393511135797564e-14,0.4,0.23568799999999815,1.6457820524048115e-06
0.5780625000000196,-0.020001645782052404,1.339907938399206e-14,0.4,0.23568799999999293,1.6457820524048115e-06
0.579062500000019,-0.020001645782052404,1.3394796116150144e-14,0.4,0.23568800000000364,1.6457820524048115e-06
0.5800625000000185,-0.020001645782052404,1.3395572458446493e-14,0.4,0.23568799999999804,1.6457820524048115e-06
0.5810625000000179,-0.020001645782052404,1.3400953313672904e-14,0.4,0.23568799999999338,1.6457820524048115e-06
0.5820625000000174,-0.020001645782052404,1.3396214948622784e-14,0.4,0.23568800000000373,1.6457820524048115e-06
0.5830625000000168,-0.020001645782052404,1.3397392847279313e-14,0.4,0.23568799999999798,1.6457820524048115e-06
0.5840625000000162,-0.020001645782052404,1.3402961095473808e-14,0.4,0.23568799999999307,1.6457820524048115e-06
0.5850625000000157,-0.020001645782052404,1.3398758138903928e-14,0.4,0.23568800000000378,1.6457820524048115e-06
0.5860625000000151,-0.020001645782052404,1.3399400629080216e-14,0.4,0.2356879999999981,1.6457820524048115e-06
0.5870625000000146,-0.020001645782052404,1.3386497284706439e-14,0.4,0.235688000000012,1.6457820524048115e-06
0.588062500000014,-0.020001645782052404,1.3400685609432796e-14,0.4,0.23568800000000384,1.6457820524048115e-06
0.5890625000000135,-0.020001645782052404,1.3401622574273218e-14,0.4,0.23568799999999798,1.6457820524048115e-06
0.5900625000000129,-0.020001645782052404,1.3407886853492027e-14,0.4,0.23568799999999282,1.6457820524048115e-06
0.5910625000000124,-0.020001645782052404,1.339428747809394e-14,0.4,0.23568799999999362,1.6457820524048115e-06
0.5920625000000118,-0.020001645782052404,1.3389977439828012e-14,0.4,0.23568800000000353,1.6457820524048115e-06
0.5930625000000113,-0.020001645782052404,1.3410189109957064e-14,0.4,0.23568799999999282,1.6457820524048115e-06
0.5940625000000107,-0.020001645782052404,1.3396884209223109e-14,0.4,0.23568799999999338,1.6457820524048115e-06
0.5950625000000102,-0.020001645782052404,1.3406708954835508e-14,0.4,0.2356879999999979,1.6457820524048115e-06
0.5960625000000096,-0.020001645782052404,1.3392868645621312e-14,0.4,0.2356879999999981,1.6457820524048115e-06
0.597062500000009,-0.020001645782052404,1.3398731368479937e-14,0.4,0.23568799999999282,1.6457820524048115e-06
0.5980625000000085,-0.020001645782052404,1.3394126855549877e-14,0.4,0.23568800000000373,1.6457820524048115e-06
0.5990625000000079,-0.020001645782052404,1.3395331524630419e-14,0.4,0.2356879999999981,1.6457820524048115e-06
0.6000625000000074,-0.020001645782052404,1.3400953313672938e-14,0.4,0.23568799999999324,1.6457820524048115e-06
0.6010625000000068,-0.020001645782052404,1.3396107866926769e-14,0.4,0.23568800000000384,1.6457820524048115e-06
0.6020625000000063,-0.020001645782052404,1.3396991290919164e-14,0.4,0.23568799999999798,1.6457820524048115e-06
0.6030625000000057,-0.020001645782052404,1.340285401377779e-14,0.4,0.23568799999999293,1.6457820524048115e-06
0.6040625000000052,-0.020001645782052404,1.3398624286783901e-14,0.4,0.2356880000000039,1.6457820524048115e-06
0.6050625000000046,-0.020001645782052404,1.3399347088232225e-14,0.4,0.2356879999999981,1.6457820524048115e-06
0.6060625000000041,-0.020001645782052404,1.3404888566002706e-14,0.4,0.23568799999999293,1.6457820524048115e-06
0.6070625000000035,-0.020001645782052404,1.3391690746964796e-14,0.4,0.23568799999999374,1.6457820524048115e-06
0.608062500000003,-0.020001645782052404,1.3401167477065041e-14,0.4,0.23568799999999798,1.6457820524048115e-06
0.6090625000000024,-0.020001645782052404,1.3407324674587802e-14,0.4,0.23568799999999301,1.6457820524048115e-06
0.6100625000000018,-0.020001645782052404,1.3393752069613726e-14,0.4,0.23568799999999338,1.6457820524048115e-06
0.6110625000000013,-0.020001645782052404,1.3389120786259653e-14,0.4,0.2356880000000036,1.6457820524048115e-06
0.6120625000000007,-0.020001645782052404,1.3390593159580316e-14,0.4,0.2356880000000123,1.6457820524048115e-06
0.6130625000000002,-0.020001645782052404,1.3395786621838644e-14,0.4,0.23568799999999301,1.6457820524048115e-06
0.6140624999999996,-0.020001645782052404,1.339126242018062e-14,0.4,0.23568800000000353,1.6457820524048115e-06
0.6150624999999991,-0.020001645782052404,1.339244031883715e-14,0.4,0.2356880000000128,1.6457820524048115e-06
0.6160624999999985,-0.020001645782052404,1.3398276271271763e-14,0.4,0.23568799999999313,1.6457820524048115e-06
0.617062499999998,-0.020001645782052404,1.3393698528765715e-14,0.4,0.23568800000000373,1.6457820524048115e-06
0.6180624999999974,-0.020001645782052404,1.3394876427422247e-14,0.4,0.23568799999999804,1.6457820524048115e-06
0.6190624999999969,-0.020001645782052404,1.3401087165793032e-14,0.4,0.23568799999999282,1.6457820524048115e-06
0.6200624999999963,-0.020001645782052404,1.3396696816255067e-14,0.4,0.23568800000000378,1.6457820524048115e-06
0.6210624999999957,-0.020001645782052404,1.33969912909192e-14,0.4,0.23568799999999798,1.6457820524048115e-06
0.6220624999999952,-0.020001645782052404,1.340277370250579e-14,0.4,0.23568799999999313,1.6457820524048115e-06
0.6230624999999946,-0.020001645782052404,1.3398651057207947e-14,0.4,0.23568800000000373,1.6457820524048115e-06
0.6240624999999941,-0.020001645782052404,1.3400176971376633e-14,0.4,0.23568799999999804,1.6457820524048115e-06
0.6250624999999935,-0.020001645782052404,1.3387434249546929e-14,0.4,0.2356880000000125,1.6457820524048115e-06
0.626062499999993,-0.020001645782052404,1.3392815104773342e-14,0.4,0.2356879999999933,1.6457820524048115e-06
0.6270624999999924,-0.020001645782052404,1.3402693391233768e-14,0.4,0.23568799999999795,1.6457820524048115e-06
0.6280624999999919,-0.020001645782052404,1.3389522342619871e-14,0.4,0.2356879999999981,1.6457820524048115e-06
0.6290624999999913,-0.020001645782052404,1.3395545688022569e-14,0.4,0.23568799999999313,1.6457820524048115e-06
0.6300624999999908,-0.020001645782052404,1.340574521957114e-14,0.4,0.23568799999999795,1.6457820524048115e-06
0.6310624999999902,-0.020001645782052404,1.3392734793501313e-14,0.4,0.2356880000000128,1.6457820524048115e-06
0.6320624999999896,-0.020001645782052404,1.3398356582543834e-14,0.4,0.23568799999999301,1.6457820524048115e-06
0.6330624999999891,-0.020001645782052404,1.3393859151309823e-14,0.4,0.23568800000000378,1.6457820524048115e-06
0.6340624999999885,-0.020001645782052404,1.3394555182334136e-14,0.4,0.23568799999999804,1.6457820524048115e-06
0.635062499999988,-0.020001645782052404,1.3400712379856895e-14,0.4,0.23568799999999282,1.6457820524048115e-06
0.6360624999999874,-0.020001645782052404,1.3396161407774859e-14,0.4,0.23568800000000373,1.6457820524048115e-06
0.6370624999999869,-0.020001645782052404,1.339699129091923e-14,0.4,0.23568799999999798,1.6457820524048115e-06
0.6380624999999863,-0.020001645782052404,1.340277370250582e-14,0.4,0.23568799999999313,1.6457820524048115e-06
0.6390624999999858,-0.020001645782052404,1.3398651057207977e-14,0.4,0.23568800000000373,1.6457820524048115e-06
0.6400624999999852,-0.020001645782052404,1.3400176971376663e-14,0.4,0.23568799999999804,1.6457820524048115e-06
0.6410624999999847,-0.020001645782052404,1.3387434249546959e-14,0.4,0.2356880000000125,1.6457820524048115e-06
0.6420624999999841,-0.020001645782052404,1.3392815104773372e-14,0.4,0.2356879999999933,1.6457820524048115e-06
0.6430624999999836,-0.020001645782052404,1.3402693391233798e-14,0.4,0.23568799999999795,1.6457820524048115e-06
0.644062499999983,-0.020001645782052404,1.3389522342619901e-14,0.4,0.2356879999999981,1.6457820524048115e-06
0.6450624999999824,-0.020001645782052404,1.3395545688022599e-14,0.4,0.23568799999999313,1.6457820524048115e-06
0.6460624999999819,-0.020001645782052404,1.340574521957117e-14,0.4,0.23568799999999795,1.6457820524048115e-06
0.6470624999999813,-0.020001645782052404,1.3392734793501343e-14,0.4,0.2356880000000128,1.6457820524048115e-06
0.6480624999999808,-0.020001645782052404,1.3398356582543864e-14,0.4,0.23568799999999301,1.6457820524048115e-06
0.6490624999999802,-0.020001645782052404,1.3393859151309853e-14,0.4,0.23568800000000378,1.6457820524048115e-06
0.6500624999999797,-0.020001645782052404,1.3394555182334166e-14,0.4,0.23568799999999804,1.6457820524048115e-06
0.6510624999999791,-0.020001645782052404,1.3400712379856925e-14,0.4,0.23568799999999282,1.6457820524048115e-06
0.6520624999999786,-0.020001645782052404,1.3396161407774889e-14,0.4,0.23568800000000373,1.6457820524048115e-06
0.653062499999978,-0.020001645782052404,1.339699129091926e-14,0.4,0.23568799999999798,1.6457820524048115e-06
0.6540624999999775,-0.020001645782052404,1.340277370250585e-14,0.4,0.23568799999999313,1.6457820524048115e-06
0.6550624999999769,-0.020001645782052404,1.3398651057208007e-14,0.4,0.23568800000000373,1.6457820524048115e-06
0.6560624999999763,-0.020001645782052404,1.3400176971376693e-14,0.4,0.23568799999999804,1.6457820524048115e-06
0.6570624999999758,-0.020001645782052404,1.3387434249546989e-14,0.4,0.2356880000000125,1.6457820524048115e-06
0.6580624999999752,-0.020001645782052404,1.3392815104773402e-14,0.4,0.2356879999999933,1.6457820524048115e-06
0.6590624999999747,-0.020001645782052404,1.3402693391233828e-14,0.4,0.23568799999999795,1.6457820524048115e-06
0.6600624999999741,-0.020001645782052404,1.3389522342619931e-14,0.4,0.2356879999999981,1.6457820524048115e-06
0.6610624999999736,-0.020001645782052404,1.3395545688022629e-14,0.4,0.23568799999999313,1.6457820524048115e-06
0.662062499999973,-0.020001645782052404,1.34057452195712e-14,0.4,0.23568799999999795,1.6457820524048115e-06
0.6630624999999725,-0.020001645782052404,1.3392734793501373e-14,0.4,0.2356880000000128,1.6457820524048115e-06
0.6640624999999719,-0.020001645782052404,1.3398356582543894e-14,0.4,0.23568799999999301,1.6457820524048115e-06
0.6650624999999714,-0.020001645782052404,1.3393859151309883e-14,0.4,0.23568800000000378,1.6457820524048115e-06
0.6660624999999708,-0.020001645782052404,1.3394555182334196e-14,0.4,0.23568799999999804,1.6457820524048115e-06
0.6670624999999702,-0.020001645782052404,1.3400712379856955e-14,0.4,0.23568799999999282,1.6457820524048115e-06
0.6680624999999697,-0.020001645782052404,1.3396161407774918e-14,0.4,0.23568800000000373,1.6457820524048115e-06
0.6690624999999691,-0.020001645782052404,1.339699129091929e-14,0.4,0.23568799999999798,1.6457820524048115e-06
0.6700624999999686,-0.020001645782052404,1.340277370250588e-14,0.4,0.23568799999999313,1.6457820524048115e-06
0.671062499999968,-0.020001645782052404,1.3398651057208037e-14,0.4,0.23568800000000373,1.6457820524048115e-06
0.6720624999999675,-0.020001645782052404,1.3400176971376723e-14,0.4,0.23568799999999804,1.6457820524048115e-06
0.6730624999999669,-0.020001645782052404,1.3387434249547019e-14,0.4,0.2356880000000125,1.6457820524048115e-06
0.6740624999999664,-0.020001645782052404,1.3392815104773432e-14,0.4,0.2356879999999933,1.6457820524048115e-06
0.6750624999999658,-0.020001645782052404,1.3402693391233858e-14,0.4,0.23568799999999795,1.6457820524048115e-06
0.6760624999999653,-0.020001645782052404,1.3389522342619961e-14,0.4,0.2356879999999981,1.6457820524048115e-06
0.6770624999999647,-0.020001645782052404,1.3395545688022659e-14,0.4,0.23568799999999313,1.6457820524048115e-06
0.6780624999999642,-0.020001645782052404,1.340574521957123e-14,0.4,0.23568799999999795,1.6457820524048115e-06
0.6790624999999636,-0.020001645782052404,1.3392734793501403e-14,0.4,0.2356880000000128,1.6457820524048115e-06
0.680062499999963,-0.020001645782052404,1.33983030416959e-14,0.4,0.23568799999999313,1.6457820524048115e-06
0.6810624999999625,-0.020001645782052404,1.3394394559790151e-14,0.4,0.2356880000000036,1.6457820524048115e-06
0.6820624999999619,-0.020001645782052404,1.3395331524630572e-14,0.4,0.23568799999999804,1.6457820524048115e-06
0.6830624999999614,-0.020001645782052404,1.3401542263001354e-14,0.4,0.23568799999999301,1.6457820524048115e-06
0.6840624999999608,-0.020001645782052404,1.3397125143039379e-14,0.4,0.23568800000000384,1.6457820524048115e-06
0.6850624999999603,-0.020001645782052404,1.3398356582543934e-14,0.4,0.23568799999999804,1.6457820524048115e-06
0.6860624999999597,-0.020001645782052404,1.3385346156474108e-14,0.4,0.2356880000000128,1.6457820524048115e-06
0.6870624999999592,-0.020001645782052404,1.3399855726288607e-14,0.4,0.23568800000000378,1.6457820524048115e-06
0.6880624999999586,-0.020001645782052404,1.3387059463610878e-14,0.4,0.2356880000000036,1.6457820524048115e-06
0.6890624999999581,-0.020001645782052404,1.3407512067556039e-14,0.4,0.2356879999999927,1.6457820524048115e-06
0.6900624999999575,-0.020001645782052404,1.340309494759406e-14,0.4,0.23568800000000384,1.6457820524048115e-06
0.691062499999957,-0.020001645782052404,1.3389870358132143e-14,0.4,0.23568800000000353,1.6457820524048115e-06
0.6920624999999564,-0.020001645782052404,1.3390673470852504e-14,0.4,0.2356879999999981,1.6457820524048115e-06
0.6930624999999558,-0.020001645782052404,1.3397018061343347e-14,0.4,0.23568799999999301,1.6457820524048115e-06
0.6940624999999553,-0.020001645782052404,1.33928954160455e-14,0.4,0.23568800000000378,1.6457820524048115e-06
0.6950624999999547,-0.020001645782052404,1.3393778840037898e-14,0.4,0.2356879999999981,1.6457820524048115e-06
0.6960624999999542,-0.020001645782052404,1.3399748644592573e-14,0.4,0.23568799999999301,1.6457820524048115e-06
0.6970624999999536,-0.020001645782052404,1.3395037049966463e-14,0.4,0.23568800000000384,1.6457820524048115e-06
0.6980624999999531,-0.020001645782052404,1.3396134637350955e-14,0.4,0.23568799999999804,1.6457820524048115e-06
0.6990624999999525,-0.020001645782052404,1.340223829402569e-14,0.4,0.23568799999999301,1.6457820524048115e-06
0.700062499999952,-0.020001645782052404,1.339827627127192e-14,0.4,0.23568800000000367,1.6457820524048115e-06
0.7010624999999514,-0.020001645782052404,1.3399373858656411e-14,0.4,0.23568799999999798,1.6457820524048115e-06
0.7020624999999509,-0.020001645782052404,1.3386122498770481e-14,0.4,0.23568799999999815,1.6457820524048115e-06
0.7030624999999503,-0.020001645782052404,1.3391824599085038e-14,0.4,0.2356879999999933,1.6457820524048115e-06
0.7040624999999497,-0.020001645782052404,1.3401408410881333e-14,0.4,0.23568799999999798,1.6457820524048115e-06
0.7050624999999492,-0.020001645782052404,1.3388264132691452e-14,0.4,0.2356880000000126,1.6457820524048115e-06
0.7060624999999486,-0.020001645782052404,1.3393457594949778e-14,0.4,0.23568799999999318,1.6457820524048115e-06
0.7070624999999481,-0.020001645782052404,1.3389120786259838e-14,0.4,0.2356880000000036,1.6457820524048115e-06
0.7080624999999475,-0.020001645782052404,1.3390486077884451e-14,0.4,0.2356880000000125,1.6457820524048115e-06
0.709062499999947,-0.020001645782052404,1.3404674402610806e-14,0.4,0.23568800000000403,1.6457820524048115e-06
0.7100624999999464,-0.020001645782052404,1.3405691678723264e-14,0.4,0.23568799999999798,1.6457820524048115e-06
0.7110624999999459,-0.020001645782052404,1.3392065532901164e-14,0.4,0.2356879999999981,1.6457820524048115e-06
0.7120624999999453,-0.020001645782052404,1.339827627127195e-14,0.4,0.23568799999999293,1.6457820524048115e-06
0.7130624999999448,-0.020001645782052404,1.3394046544278058e-14,0.4,0.23568800000000364,1.6457820524048115e-06
0.7140624999999442,-0.020001645782052404,1.3394876427422433e-14,0.4,0.2356879999999981,1.6457820524048115e-06
0.7150624999999436,-0.020001645782052404,1.3401194247489262e-14,0.4,0.23568799999999293,1.6457820524048115e-06
0.7160624999999431,-0.020001645782052404,1.3396643275407227e-14,0.4,0.23568800000000367,1.6457820524048115e-06
0.7170624999999425,-0.020001645782052404,1.3397633781095671e-14,0.4,0.23568799999999804,1.6457820524048115e-06
0.718062499999942,-0.020001645782052404,1.338454304375381e-14,0.4,0.23568800000001297,1.6457820524048115e-06
0.7190624999999414,-0.020001645782052404,1.3399480940352501e-14,0.4,0.2356880000000039,1.6457820524048115e-06
0.7200624999999409,-0.020001645782052404,1.3400310823496873e-14,0.4,0.23568799999999798,1.6457820524048115e-06
0.7210624999999403,-0.020001645782052404,1.3387407479123099e-14,0.4,0.23568800000001225,1.6457820524048115e-06
0.7220624999999398,-0.020001645782052404,1.3401729655969512e-14,0.4,0.23568800000000384,1.6457820524048115e-06
0.7230624999999392,-0.020001645782052404,1.3388665689051665e-14,0.4,0.23568800000000373,1.6457820524048115e-06
0.7240624999999387,-0.020001645782052404,1.3408368721124487e-14,0.4,0.23568799999999263,1.6457820524048115e-06
0.7250624999999381,-0.020001645782052404,1.3394715804878377e-14,0.4,0.23568799999999338,1.6457820524048115e-06
0.7260624999999375,-0.020001645782052404,1.3390352225764424e-14,0.4,0.23568800000000348,1.6457820524048115e-06
0.727062499999937,-0.020001645782052404,1.3391342731452869e-14,0.4,0.2356880000000128,1.6457820524048115e-06
0.7280624999999364,-0.020001645782052404,1.339725899515952e-14,0.4,0.23568799999999307,1.6457820524048115e-06
0.7290624999999359,-0.020001645782052404,1.3406601873139704e-14,0.4,0.2356879999999979,1.6457820524048115e-06
0.7300624999999353,-0.020001645782052404,1.3392975727317604e-14,0.4,0.2356879999999981,1.6457820524048115e-06
0.7310624999999348,-0.020001645782052404,1.3399132924840365e-14,0.4,0.23568799999999301,1.6457820524048115e-06
0.7320624999999342,-0.020001645782052404,1.3394608723182343e-14,0.4,0.23568800000000373,1.6457820524048115e-06
0.7330624999999337,-0.020001645782052404,1.3395893703534921e-14,0.4,0.2356879999999981,1.6457820524048115e-06
0.7340624999999331,-0.020001645782052404,1.3401328099609358e-14,0.4,0.23568799999999318,1.6457820524048115e-06
0.7350624999999326,-0.020001645782052404,1.3397125143039476e-14,0.4,0.2356880000000036,1.6457820524048115e-06
0.736062499999932,-0.020001645782052404,1.339798179660786e-14,0.4,0.23568799999999804,1.6457820524048115e-06
0.7370624999999315,-0.020001645782052404,1.3404219305402657e-14,0.4,0.23568799999999293,1.6457820524048115e-06
0.7380624999999309,-0.020001645782052404,1.3399293547384452e-14,0.4,0.2356880000000039,1.6457820524048115e-06
0.7390624999999303,-0.020001645782052404,1.3400284053072895e-14,0.4,0.23568799999999804,1.6457820524048115e-06
0.7400624999999298,-0.020001645782052404,1.338687207064289e-14,0.4,0.2356880000000128,1.6457820524048115e-06
0.7410624999999292,-0.020001645782052404,1.3392574170957446e-14,0.4,0.2356879999999933,1.6457820524048115e-06
0.7420624999999287,-0.020001645782052404,1.3402532768689907e-14,0.4,0.23568799999999798,1.6457820524048115e-06
0.7430624999999281,-0.020001645782052404,1.3408529343668594e-14,0.4,0.23568799999999246,1.6457820524048115e-06
0.7440624999999276,-0.020001645782052404,1.3394528411910325e-14,0.4,0.23568799999999318,1.6457820524048115e-06
0.745062499999927,-0.020001645782052404,1.3389950669404276e-14,0.4,0.23568800000000364,1.6457820524048115e-06
0.7460624999999265,-0.020001645782052404,1.3390967945516733e-14,0.4,0.2356879999999981,1.6457820524048115e-06
0.7470624999999259,-0.020001645782052404,1.3396884209223385e-14,0.4,0.23568799999999338,1.6457820524048115e-06
0.7480624999999254,-0.020001645782052404,1.3406708954835784e-14,0.4,0.2356879999999979,1.6457820524048115e-06
0.7490624999999248,-0.020001645782052404,1.3393350513253806e-14,0.4,0.2356880000000128,1.6457820524048115e-06
0.7500624999999242,-0.020001645782052404,1.3398811679752253e-14,0.4,0.23568799999999301,1.6457820524048115e-06
0.7510624999999237,-0.020001645782052404,1.3394635493606387e-14,0.4,0.23568800000000378,1.6457820524048115e-06
0.7520624999999231,-0.020001645782052404,1.3395893703534953e-14,0.4,0.2356879999999981,1.6457820524048115e-06
0.7530624999999226,-0.020001645782052404,1.3401809967241605e-14,0.4,0.23568799999999282,1.6457820524048115e-06
0.754062499999922,-0.020001645782052404,1.33975534698237e-14,0.4,0.23568800000000378,1.6457820524048115e-06
0.7550624999999215,-0.020001645782052404,1.3398543975512145e-14,0.4,0.23568799999999804,1.6457820524048115e-06
0.7560624999999209,-0.020001645782052404,1.3404674402610892e-14,0.4,0.2356879999999927,1.6457820524048115e-06
0.7570624999999204,-0.020001645782052404,1.3391182108908851e-14,0.4,0.23568799999999313,1.6457820524048115e-06
0.7580624999999198,-0.020001645782052404,1.3401435181305444e-14,0.4,0.23568799999999798,1.6457820524048115e-06
0.7590624999999193,-0.020001645782052404,1.338831767353957e-14,0.4,0.23568800000001244,1.6457820524048115e-06
0.7600624999999187,-0.020001645782052404,1.3393752069614007e-14,0.4,0.23568799999999338,1.6457820524048115e-06
0.7610624999999182,-0.020001645782052404,1.3403202029290238e-14,0.4,0.23568799999999798,1.6457820524048115e-06
0.7620624999999176,-0.020001645782052404,1.3390191603220413e-14,0.4,0.2356879999999982,1.6457820524048115e-06
0.763062499999917,-0.020001645782052404,1.3404487009642815e-14,0.4,0.2356880000000039,1.6457820524048115e-06
0.7640624999999165,-0.020001645782052404,1.3405771989995392e-14,0.4,0.23568799999999795,1.6457820524048115e-06
0.7650624999999159,-0.020001645782052404,1.3392895416045629e-14,0.4,0.2356879999999981,1.6457820524048115e-06
0.7660624999999154,-0.020001645782052404,1.3398972302296352e-14,0.4,0.23568799999999301,1.6457820524048115e-06
0.7670624999999148,-0.020001645782052404,1.3394367789366293e-14,0.4,0.23568800000000373,1.6457820524048115e-06
0.7680624999999143,-0.020001645782052404,1.3395572458446836e-14,0.4,0.23568799999999815,1.6457820524048115e-06
0.7690624999999137,-0.020001645782052404,1.3382535261952999e-14,0.4,0.2356880000000125,1.6457820524048115e-06
0.7700624999999132,-0.020001645782052404,1.339707160219151e-14,0.4,0.23568800000000378,1.6457820524048115e-06
0.7710624999999126,-0.020001645782052404,1.3398356582544088e-14,0.4,0.23568799999999804,1.6457820524048115e-06
0.772062499999912,-0.020001645782052404,1.3385346156474262e-14,0.4,0.2356880000000128,1.6457820524048115e-06
0.7730624999999115,-0.020001645782052404,1.3399855726288762e-14,0.4,0.23568800000000378,1.6457820524048115e-06
0.774062499999911,-0.020001645782052404,1.3400899772825232e-14,0.4,0.23568799999999798,1.6457820524048115e-06
0.7750624999999104,-0.020001645782052404,1.3387407479123192e-14,0.4,0.2356880000000126,1.6457820524048115e-06
0.7760624999999098,-0.020001645782052404,1.3402211523601823e-14,0.4,0.23568800000000384,1.6457820524048115e-06
0.7770624999999093,-0.020001645782052404,1.340333588141033e-14,0.4,0.23568799999999795,1.6457820524048115e-06
0.7780624999999087,-0.020001645782052404,1.3390191603220443e-14,0.4,0.2356879999999982,1.6457820524048115e-06
0.7790624999999082,-0.020001645782052404,1.3404487009642845e-14,0.4,0.2356880000000039,1.6457820524048115e-06
0.7800624999999076,-0.020001645782052404,1.3405771989995422e-14,0.4,0.23568799999999795,1.6457820524048115e-06
0.7810624999999071,-0.020001645782052404,1.3392895416045659e-14,0.4,0.2356879999999981,1.6457820524048115e-06
0.7820624999999065,-0.020001645782052404,1.3398972302296382e-14,0.4,0.23568799999999301,1.6457820524048115e-06
0.783062499999906,-0.020001645782052404,1.3394367789366323e-14,0.4,0.23568800000000373,1.6457820524048115e-06
0.7840624999999054,-0.020001645782052404,1.3395572458446866e-14,0.4,0.23568799999999815,1.6457820524048115e-06
0.7850624999999049,-0.020001645782052404,1.3382535261953029e-14,0.4,0.2356880000000125,1.6457820524048115e-06
0.7860624999999043,-0.020001645782052404,1.339707160219154e-14,0.4,0.23568800000000378,1.6457820524048115e-06
0.7870624999999037,-0.020001645782052404,1.3398356582544118e-14,0.4,0.23568799999999804,1.6457820524048115e-06
0.7880624999999032,-0.020001645782052404,1.3385346156474292e-14,0.4,0.2356880000000128,1.6457820524048115e-06
0.7890624999999026,-0.020001645782052404,1.3399855726288792e-14,0.4,0.23568800000000378,1.6457820524048115e-06
0.7900624999999021,-0.020001645782052404,1.3400899772825262e-14,0.4,0.23568799999999798,1.6457820524048115e-06
0.7910624999999015,-0.020001645782052404,1.3387407479123222e-14,0.4,0.2356880000000126,1.6457820524048115e-06
0.792062499999901,-0.020001645782052404,1.3402211523601853e-14,0.4,0.23568800000000384,1.6457820524048115e-06
0.7930624999999004,-0.020001645782052404,1.3403335881410359e-14,0.4,0.23568799999999795,1.6457820524048115e-06
0.7940624999998999,-0.020001645782052404,1.3390191603220473e-14,0.4,0.2356879999999982,1.6457820524048115e-06
0.7950624999998993,-0.020001645782052404,1.3404487009642875e-14,0.4,0.2356880000000039,1.6457820524048115e-06
0.7960624999998988,-0.020001645782052404,1.3405771989995452e-14,0.4,0.23568799999999795,1.6457820524048115e-06
0.7970624999998982,-0.020001645782052404,1.3392895416045689e-14,0.4,0.2356879999999981,1.6457820524048115e-06
0.7980624999998976,-0.020001645782052404,1.3398972302296412e-14,0.4,0.23568799999999301,1.6457820524048115e-06
0.7990624999998971,-0.020001645782052404,1.3394367789366353e-14,0.4,0.23568800000000373,1.6457820524048115e-06
0.8000624999998965,-0.020001645782052404,1.3395572458446896e-14,0.4,0.23568799999999815,1.6457820524048115e-06
0.801062499999896,-0.020001645782052404,1.3382535261953059e-14,0.4,0.2356880000000125,1.6457820524048115e-06
0.8020624999998954,-0.020001645782052404,1.339707160219157e-14,0.4,0.23568800000000378,1.6457820524048115e-06
0.8030624999998949,-0.020001645782052404,1.3398356582544148e-14,0.4,0.23568799999999804,1.6457820524048115e-06
0.8040624999998943,-0.020001645782052404,1.3385346156474322e-14,0.4,0.2356880000000128,1.6457820524048115e-06
0.8050624999998938,-0.020001645782052404,1.3399855726288822e-14,0.4,0.23568800000000378,1.6457820524048115e-06
0.8060624999998932,-0.020001645782052404,1.3387059463611092e-14,0.4,0.2356880000000036,1.6457820524048115e-06
0.8070624999998927,-0.020001645782052404,1.3407512067556254e-14,0.4,0.2356879999999927,1.6457820524048115e-06
0.8080624999998921,-0.020001645782052404,1.3403094947594275e-14,0.4,0.23568800000000384,1.6457820524048115e-06
0.8090624999998915,-0.020001645782052404,1.3389816817284334e-14,0.4,0.23568800000000364,1.6457820524048115e-06
0.810062499999891,-0.020001645782052404,1.3391369501877031e-14,0.4,0.23568800000001267,1.6457820524048115e-06
0.8110624999998904,-0.020001645782052404,1.3397018061343562e-14,0.4,0.23568799999999301,1.6457820524048115e-06
0.8120624999998899,-0.020001645782052404,1.3393002497741763e-14,0.4,0.23568800000000348,1.6457820524048115e-06
0.8130624999998893,-0.020001645782052404,1.3393885921734162e-14,0.4,0.2356879999999981,1.6457820524048115e-06
0.8140624999998888,-0.020001645782052404,1.33999895784089e-14,0.4,0.23568799999999318,1.6457820524048115e-06
0.8150624999998882,-0.020001645782052404,1.3395786621839016e-14,0.4,0.23568800000000367,1.6457820524048115e-06
0.8160624999998877,-0.020001645782052404,1.3396750357103451e-14,0.4,0.23568799999999804,1.6457820524048115e-06
0.8170624999998871,-0.020001645782052404,1.3402559539114052e-14,0.4,0.23568799999999293,1.6457820524048115e-06
0.8180624999998866,-0.020001645782052404,1.3398517205088245e-14,0.4,0.23568800000000378,1.6457820524048115e-06
0.819062499999886,-0.020001645782052404,1.3399802185440819e-14,0.4,0.23568799999999804,1.6457820524048115e-06
0.8200624999998855,-0.020001645782052404,1.3405905842115555e-14,0.4,0.23568799999999282,1.6457820524048115e-06
0.8210624999998849,-0.020001645782052404,1.340135487003352e-14,0.4,0.2356880000000039,1.6457820524048115e-06
0.8220624999998843,-0.020001645782052404,1.338845152565974e-14,0.4,0.23568800000000337,1.6457820524048115e-06
0.8230624999998838,-0.020001645782052404,1.34082348690046e-14,0.4,0.23568799999999265,1.6457820524048115e-06
0.8240624999998832,-0.020001645782052404,1.3403790978618612e-14,0.4,0.23568800000000384,1.6457820524048115e-06
0.8250624999998827,-0.020001645782052404,1.339104825678891e-14,0.4,0.2356880000000036,1.6457820524048115e-06
0.8260624999998821,-0.020001645782052404,1.339211907374939e-14,0.4,0.23568799999999815,1.6457820524048115e-06
0.8270624999998816,-0.020001645782052404,1.3397847944487958e-14,0.4,0.23568799999999301,1.6457820524048115e-06
0.828062499999881,-0.020001645782052404,1.339337728367796e-14,0.4,0.23568800000000373,1.6457820524048115e-06
0.8290624999998805,-0.020001645782052404,1.339428747809437e-14,0.4,0.23568799999999815,1.6457820524048115e-06
0.8300624999998799,-0.020001645782052404,1.3400069889680964e-14,0.4,0.23568799999999282,1.6457820524048115e-06
0.8310624999998794,-0.020001645782052404,1.3395037049966712e-14,0.4,0.23568800000000384,1.6457820524048115e-06
0.8320624999998788,-0.020001645782052404,1.3396027555655157e-14,0.4,0.23568799999999804,1.6457820524048115e-06
0.8330624999998782,-0.020001645782052404,1.3402372146146002e-14,0.4,0.2356879999999927,1.6457820524048115e-06
0.8340624999998777,-0.020001645782052404,1.3397499928975821e-14,0.4,0.2356880000000036,1.6457820524048115e-06
0.8350624999998771,-0.020001645782052404,1.3398303041696183e-14,0.4,0.23568799999999804,1.6457820524048115e-06
0.8360624999998766,-0.020001645782052404,1.3404219305402833e-14,0.4,0.23568799999999265,1.6457820524048115e-06
0.837062499999876,-0.020001645782052404,1.3390780552548819e-14,0.4,0.23568799999999313,1.6457820524048115e-06
0.8380624999998755,-0.020001645782052404,1.3400953313673377e-14,0.4,0.23568799999999804,1.6457820524048115e-06
0.8390624999998749,-0.020001645782052404,1.3388076739723614e-14,0.4,0.23568800000001244,1.6457820524048115e-06
0.8400624999998744,-0.020001645782052404,1.3393752069614157e-14,0.4,0.23568799999999318,1.6457820524048115e-06
0.8410624999998738,-0.020001645782052404,1.340373743777063e-14,0.4,0.23568799999999798,1.6457820524048115e-06
0.8420624999998733,-0.020001645782052404,1.3390700241276794e-14,0.4,0.23568800000001267,1.6457820524048115e-06
0.8430624999998727,-0.020001645782052404,1.3396268489471288e-14,0.4,0.23568799999999301,1.6457820524048115e-06
0.8440624999998722,-0.020001645782052404,1.3392172614597456e-14,0.4,0.23568800000000364,1.6457820524048115e-06
0.8450624999998716,-0.020001645782052404,1.3393109579437876e-14,0.4,0.23568799999999815,1.6457820524048115e-06
0.846062499999871,-0.020001645782052404,1.3399132924840575e-14,0.4,0.23568799999999276,1.6457820524048115e-06
0.8470624999998705,-0.020001645782052404,1.3394421330214467e-14,0.4,0.23568800000000364,1.6457820524048115e-06
0.8480624999998699,-0.020001645782052404,1.3395572458446984e-14,0.4,0.23568799999999804,1.6457820524048115e-06
0.8490624999998694,-0.020001645782052404,1.3400953313673394e-14,0.4,0.23568799999999338,1.6457820524048115e-06
0.8500624999998688,-0.020001645782052404,1.3396214948623275e-14,0.4,0.23568800000000373,1.6457820524048115e-06
0.8510624999998683,-0.020001645782052404,1.3397392847279803e-14,0.4,0.23568799999999798,1.6457820524048115e-06
0.8520624999998677,-0.020001645782052404,1.3402961095474299e-14,0.4,0.23568799999999307,1.6457820524048115e-06
0.8530624999998672,-0.020001645782052404,1.3398758138904418e-14,0.4,0.23568800000000378,1.6457820524048115e-06
0.8540624999998666,-0.020001645782052404,1.3399400629080706e-14,0.4,0.2356879999999981,1.6457820524048115e-06
0.855062499999866,-0.020001645782052404,1.338649728470693e-14,0.4,0.235688000000012,1.6457820524048115e-06
0.8560624999998655,-0.020001645782052404,1.3400685609433287e-14,0.4,0.23568800000000384,1.6457820524048115e-06
0.857062499999865,-0.020001645782052404,1.3401622574273709e-14,0.4,0.23568799999999798,1.6457820524048115e-06
0.8580624999998644,-0.020001645782052404,1.3407886853492518e-14,0.4,0.23568799999999282,1.6457820524048115e-06
0.8590624999998638,-0.020001645782052404,1.339428747809443e-14,0.4,0.23568799999999362,1.6457820524048115e-06
0.8600624999998633,-0.020001645782052404,1.3389977439828503e-14,0.4,0.23568800000000353,1.6457820524048115e-06
0.8610624999998627,-0.020001645782052404,1.3410189109957555e-14,0.4,0.23568799999999282,1.6457820524048115e-06
0.8620624999998622,-0.020001645782052404,1.33968842092236e-14,0.4,0.23568799999999338,1.6457820524048115e-06
0.8630624999998616,-0.020001645782052404,1.3406708954835999e-14,0.4,0.2356879999999979,1.6457820524048115e-06
0.8640624999998611,-0.020001645782052404,1.3392868645621803e-14,0.4,0.2356879999999981,1.6457820524048115e-06
0.8650624999998605,-0.020001645782052404,1.3398731368480428e-14,0.4,0.23568799999999282,1.6457820524048115e-06
0.86606249999986,-0.020001645782052404,1.3394126855550367e-14,0.4,0.23568800000000373,1.6457820524048115e-06
0.8670624999998594,-0.020001645782052404,1.339533152463091e-14,0.4,0.2356879999999981,1.6457820524048115e-06
0.8680624999998588,-0.020001645782052404,1.3400953313673429e-14,0.4,0.23568799999999324,1.6457820524048115e-06
0.8690624999998583,-0.020001645782052404,1.339610786692726e-14,0.4,0.23568800000000384,1.6457820524048115e-06
0.8700624999998577,-0.020001645782052404,1.3396991290919655e-14,0.4,0.23568799999999798,1.6457820524048115e-06
0.8710624999998572,-0.020001645782052404,1.3402854013778281e-14,0.4,0.23568799999999293,1.6457820524048115e-06
0.8720624999998566,-0.020001645782052404,1.3398624286784392e-14,0.4,0.2356880000000039,1.6457820524048115e-06
0.8730624999998561,-0.020001645782052404,1.3399347088232716e-14,0.4,0.2356879999999981,1.6457820524048115e-06
0.8740624999998555,-0.020001645782052404,1.3386095728346784e-14,0.4,0.23568800000001267,1.6457820524048115e-06
0.875062499999855,-0.020001645782052404,1.3400471446041223e-14,0.4,0.2356880000000039,1.6457820524048115e-06
0.8760624999998544,-0.020001645782052404,1.3387246856579304e-14,0.4,0.23568800000000367,1.6457820524048115e-06
0.8770624999998539,-0.020001645782052404,1.3407886853492549e-14,0.4,0.23568799999999282,1.6457820524048115e-06
0.8780624999998533,-0.020001645782052404,1.3394474871062548e-14,0.4,0.23568799999999338,1.6457820524048115e-06
0.8790624999998528,-0.020001645782052404,1.3390298684916678e-14,0.4,0.23568800000000348,1.6457820524048115e-06
0.8800624999998522,-0.020001645782052404,1.3391423042725184e-14,0.4,0.2356879999999981,1.6457820524048115e-06
0.8810624999998516,-0.020001645782052404,1.3396884209223631e-14,0.4,0.23568799999999349,1.6457820524048115e-06
0.8820624999998511,-0.020001645782052404,1.3392493859685665e-14,0.4,0.23568800000000364,1.6457820524048115e-06
0.8830624999998505,-0.020001645782052404,1.3393511135798122e-14,0.4,0.23568799999999815,1.6457820524048115e-06
0.88406249999985,-0.020001645782052404,1.339924000653669e-14,0.4,0.23568799999999282,1.6457820524048115e-06
0.8850624999998494,-0.020001645782052404,1.339476934572669e-14,0.4,0.23568800000000373,1.6457820524048115e-06
0.8860624999998489,-0.020001645782052404,1.3396054326079267e-14,0.4,0.2356879999999981,1.6457820524048115e-06
0.8870624999998483,-0.020001645782052404,1.3402104441905976e-14,0.4,0.23568799999999293,1.6457820524048115e-06
0.8880624999998478,-0.020001645782052404,1.339752669939993e-14,0.4,0.23568800000000384,1.6457820524048115e-06
0.8890624999998472,-0.020001645782052404,1.3384382421210047e-14,0.4,0.23568800000000348,1.6457820524048115e-06
0.8900624999998467,-0.020001645782052404,1.3385346156474482e-14,0.4,0.2356880000000128,1.6457820524048115e-06
0.8910624999998461,-0.020001645782052404,1.3399855726288981e-14,0.4,0.23568800000000378,1.6457820524048115e-06
0.8920624999998455,-0.020001645782052404,1.3387059463611252e-14,0.4,0.2356880000000036,1.6457820524048115e-06
0.893062499999845,-0.020001645782052404,1.3407512067556413e-14,0.4,0.2356879999999927,1.6457820524048115e-06
0.8940624999998444,-0.020001645782052404,1.3403094947594435e-14,0.4,0.23568800000000384,1.6457820524048115e-06
0.8950624999998439,-0.020001645782052404,1.3389816817284493e-14,0.4,0.23568800000000364,1.6457820524048115e-06
0.8960624999998433,-0.020001645782052404,1.339136950187719e-14,0.4,0.23568800000001267,1.6457820524048115e-06
0.8970624999998428,-0.020001645782052404,1.3397018061343721e-14,0.4,0.23568799999999301,1.6457820524048115e-06
0.8980624999998422,-0.020001645782052404,1.3393002497741923e-14,0.4,0.23568800000000348,1.6457820524048115e-06
0.8990624999998417,-0.020001645782052404,1.3393885921734321e-14,0.4,0.2356879999999981,1.6457820524048115e-06
0.9000624999998411,-0.020001645782052404,1.3399989578409059e-14,0.4,0.23568799999999318,1.6457820524048115e-06
0.9010624999998406,-0.020001645782052404,1.3395786621839175e-14,0.4,0.23568800000000367,1.6457820524048115e-06
0.90206249999984,-0.020001645782052404,1.339675035710361e-14,0.4,0.23568799999999804,1.6457820524048115e-06
0.9030624999998395,-0.020001645782052404,1.3402559539114212e-14,0.4,0.23568799999999293,1.6457820524048115e-06
0.9040624999998389,-0.020001645782052404,1.3398517205088404e-14,0.4,0.23568800000000378,1.6457820524048115e-06
0.9050624999998383,-0.020001645782052404,1.3399802185440978e-14,0.4,0.23568799999999804,1.6457820524048115e-06
0.9060624999998378,-0.020001645782052404,1.3387300397427381e-14,0.4,0.23568800000001244,1.6457820524048115e-06
0.9070624999998372,-0.020001645782052404,1.3392600941381757e-14,0.4,0.23568799999999318,1.6457820524048115e-06
0.9080624999998367,-0.020001645782052404,1.3388799541172055e-14,0.4,0.2356880000000036,1.6457820524048115e-06
0.9090624999998361,-0.020001645782052404,1.3389709735588466e-14,0.4,0.2356880000000128,1.6457820524048115e-06
0.9100624999998356,-0.020001645782052404,1.339567954014314e-14,0.4,0.23568799999999354,1.6457820524048115e-06
0.911062499999835,-0.020001645782052404,1.3391423042725236e-14,0.4,0.23568800000000348,1.6457820524048115e-06
0.9120624999998345,-0.020001645782052404,1.3391610435693323e-14,0.4,0.2356879999999981,1.6457820524048115e-06
0.9130624999998339,-0.020001645782052404,1.3397794403640096e-14,0.4,0.23568799999999338,1.6457820524048115e-06
0.9140624999998334,-0.020001645782052404,1.3393216661134048e-14,0.4,0.23568800000000373,1.6457820524048115e-06
0.9150624999998328,-0.020001645782052404,1.3394448100638603e-14,0.4,0.2356879999999981,1.6457820524048115e-06
0.9160624999998322,-0.020001645782052404,1.3400284053073217e-14,0.4,0.23568799999999301,1.6457820524048115e-06
0.9170624999998317,-0.020001645782052404,1.3396161407775373e-14,0.4,0.23568800000000373,1.6457820524048115e-06
0.9180624999998311,-0.020001645782052404,1.3396991290919745e-14,0.4,0.23568799999999798,1.6457820524048115e-06
0.9190624999998306,-0.020001645782052404,1.3402773702506335e-14,0.4,0.23568799999999313,1.6457820524048115e-06
0.92006249999983,-0.020001645782052404,1.3398651057208491e-14,0.4,0.23568800000000373,1.6457820524048115e-06
0.9210624999998295,-0.020001645782052404,1.3400176971377177e-14,0.4,0.23568799999999804,1.6457820524048115e-06
0.9220624999998289,-0.020001645782052404,1.3387434249547473e-14,0.4,0.2356880000000125,1.6457820524048115e-06
0.9230624999998284,-0.020001645782052404,1.3392815104773886e-14,0.4,0.2356879999999933,1.6457820524048115e-06
0.9240624999998278,-0.020001645782052404,1.3402693391234313e-14,0.4,0.23568799999999795,1.6457820524048115e-06
0.9250624999998273,-0.020001645782052404,1.3389522342620416e-14,0.4,0.2356879999999981,1.6457820524048115e-06
0.9260624999998267,-0.020001645782052404,1.3395545688023113e-14,0.4,0.23568799999999313,1.6457820524048115e-06
0.9270624999998262,-0.020001645782052404,1.3405745219571684e-14,0.4,0.23568799999999795,1.6457820524048115e-06
0.9280624999998256,-0.020001645782052404,1.3392734793501858e-14,0.4,0.2356880000000128,1.6457820524048115e-06
0.929062499999825,-0.020001645782052404,1.3398303041696355e-14,0.4,0.23568799999999313,1.6457820524048115e-06
0.9300624999998245,-0.020001645782052404,1.3394394559790606e-14,0.4,0.2356880000000036,1.6457820524048115e-06
0.9310624999998239,-0.020001645782052404,1.3395331524631026e-14,0.4,0.23568799999999804,1.6457820524048115e-06
0.9320624999998234,-0.020001645782052404,1.3401542263001808e-14,0.4,0.23568799999999301,1.6457820524048115e-06
0.9330624999998228,-0.020001645782052404,1.3397125143039833e-14,0.4,0.23568800000000384,1.6457820524048115e-06
0.9340624999998223,-0.020001645782052404,1.3398356582544388e-14,0.4,0.23568799999999804,1.6457820524048115e-06
0.9350624999998217,-0.020001645782052404,1.3385346156474562e-14,0.4,0.2356880000000128,1.6457820524048115e-06
0.9360624999998212,-0.020001645782052404,1.3399855726289062e-14,0.4,0.23568800000000378,1.6457820524048115e-06
0.9370624999998206,-0.020001645782052404,1.3387059463611332e-14,0.4,0.2356880000000036,1.6457820524048115e-06
0.93806249999982,-0.020001645782052404,1.3407512067556494e-14,0.4,0.2356879999999927,1.6457820524048115e-06
0.9390624999998195,-0.020001645782052404,1.3403094947594515e-14,0.4,0.23568800000000384,1.6457820524048115e-06
0.940062499999819,-0.020001645782052404,1.3389870358132597e-14,0.4,0.23568800000000353,1.6457820524048115e-06
0.9410624999998184,-0.020001645782052404,1.3390673470852958e-14,0.4,0.2356879999999981,1.6457820524048115e-06
0.9420624999998178,-0.020001645782052404,1.3397018061343801e-14,0.4,0.23568799999999301,1.6457820524048115e-06
0.9430624999998173,-0.020001645782052404,1.3392895416045954e-14,0.4,0.23568800000000373,1.6457820524048115e-06
0.9440624999998167,-0.020001645782052404,1.3394421330214639e-14,0.4,0.2356880000000126,1.6457820524048115e-06
0.9450624999998162,-0.020001645782052404,1.340009666010518e-14,0.4,0.23568799999999282,1.6457820524048115e-06
0.9460624999998156,-0.020001645782052404,1.3395974014807336e-14,0.4,0.23568800000000378,1.6457820524048115e-06
0.9470624999998151,-0.020001645782052404,1.3396910979647759e-14,0.4,0.23568799999999804,1.6457820524048115e-06
0.9480624999998145,-0.020001645782052404,1.340282724335441e-14,0.4,0.23568799999999293,1.6457820524048115e-06
0.949062499999814,-0.020001645782052404,1.3398276271272375e-14,0.4,0.23568800000000378,1.6457820524048115e-06
0.9500624999998134,-0.020001645782052404,1.3398891991024652e-14,0.4,0.23568799999999804,1.6457820524048115e-06
0.9510624999998128,-0.020001645782052404,1.3405129499819448e-14,0.4,0.23568799999999293,1.6457820524048115e-06
0.9520624999998123,-0.020001645782052404,1.3391663976541421e-14,0.4,0.2356879999999933,1.6457820524048115e-06
0.9530624999998117,-0.020001645782052404,1.340186350808999e-14,0.4,0.23568799999999798,1.6457820524048115e-06
0.9540624999998112,-0.020001645782052404,1.3388585377780047e-14,0.4,0.2356879999999981,1.6457820524048115e-06
0.9550624999998106,-0.020001645782052404,1.339466226403077e-14,0.4,0.23568799999999318,1.6457820524048115e-06
0.9560624999998101,-0.020001645782052404,1.338995066940466e-14,0.4,0.2356880000000036,1.6457820524048115e-06
0.9570624999998095,-0.020001645782052404,1.3391075027213165e-14,0.4,0.2356879999999981,1.6457820524048115e-06
0.958062499999809,-0.020001645782052404,1.3397178683887901e-14,0.4,0.23568799999999301,1.6457820524048115e-06
0.9590624999998084,-0.020001645782052404,1.3407565608404554e-14,0.4,0.23568799999999795,1.6457820524048115e-06
0.9600624999998079,-0.020001645782052404,1.339428747809461e-14,0.4,0.23568799999999815,1.6457820524048115e-06
0.9610624999998073,-0.020001645782052404,1.3400176971377253e-14,0.4,0.23568799999999318,1.6457820524048115e-06
0.9620624999998068,-0.020001645782052404,1.3395465376751143e-14,0.4,0.23568800000000373,1.6457820524048115e-06
0.9630624999998062,-0.020001645782052404,1.3397044831767852e-14,0.4,0.2356879999999981,1.6457820524048115e-06
0.9640624999998056,-0.020001645782052404,1.3384034405698027e-14,0.4,0.23568800000001267,1.6457820524048115e-06
0.9650624999998051,-0.020001645782052404,1.3398517205088514e-14,0.4,0.23568800000000378,1.6457820524048115e-06
0.9660624999998045,-0.020001645782052404,1.3399855726289114e-14,0.4,0.23568799999999804,1.6457820524048115e-06
0.967062499999804,-0.020001645782052404,1.3386738218523244e-14,0.4,0.2356880000000128,1.6457820524048115e-06
0.9680624999998034,-0.020001645782052404,1.34015958038499e-14,0.4,0.23568800000000384,1.6457820524048115e-06
0.9690624999998029,-0.020001645782052404,1.3388424755236003e-14,0.4,0.23568800000000364,1.6457820524048115e-06
0.9700624999998023,-0.020001645782052404,1.3390111291948759e-14,0.4,0.23568800000001214,1.6457820524048115e-06
0.9710624999998018,-0.020001645782052404,1.3395545688023194e-14,0.4,0.23568799999999313,1.6457820524048115e-06
0.9720624999998012,-0.020001645782052404,1.3405745219571764e-14,0.4,0.23568799999999795,1.6457820524048115e-06
0.9730624999998007,-0.020001645782052404,1.3392734793501938e-14,0.4,0.2356880000000128,1.6457820524048115e-06
0.9740624999998001,-0.020001645782052404,1.3398303041696435e-14,0.4,0.23568799999999313,1.6457820524048115e-06
0.9750624999997995,-0.020001645782052404,1.3394394559790686e-14,0.4,0.2356880000000036,1.6457820524048115e-06
0.976062499999799,-0.020001645782052404,1.3395331524631107e-14,0.4,0.23568799999999804,1.6457820524048115e-06
0.9770624999997984,-0.020001645782052404,1.3401542263001889e-14,0.4,0.23568799999999301,1.6457820524048115e-06
0.9780624999997979,-0.020001645782052404,1.3397018061343866e-14,0.4,0.2356880000000036,1.6457820524048115e-06
0.9790624999997973,-0.020001645782052404,1.3398195960000394e-14,0.4,0.23568799999999804,1.6457820524048115e-06
0.9800624999997968,-0.020001645782052404,1.3385346156474643e-14,0.4,0.2356880000000128,1.6457820524048115e-06
0.9810624999997962,-0.020001645782052404,1.3391396272301352e-14,0.4,0.23568799999999318,1.6457820524048115e-06
0.9820624999997957,-0.020001645782052404,1.3401140706641715e-14,0.4,0.23568799999999798,1.6457820524048115e-06
0.9830624999997951,-0.020001645782052404,1.3388183821419914e-14,0.4,0.2356879999999981,1.6457820524048115e-06
0.9840624999997946,-0.020001645782052404,1.3394341018942674e-14,0.4,0.23568799999999354,1.6457820524048115e-06
0.985062499999794,-0.020001645782052404,1.3390057751100758e-14,0.4,0.23568800000000364,1.6457820524048115e-06
0.9860624999997935,-0.020001645782052404,1.3390941175093157e-14,0.4,0.2356879999999981,1.6457820524048115e-06
0.9870624999997929,-0.020001645782052404,1.3396830668375796e-14,0.4,0.23568799999999293,1.6457820524048115e-06
0.9880624999997923,-0.020001645782052404,1.3392038762477652e-14,0.4,0.23568800000000364,1.6457820524048115e-06
0.9890624999997918,-0.020001645782052404,1.339305603859011e-14,0.4,0.23568799999999815,1.6457820524048115e-06
0.9900624999997912,-0.020001645782052404,1.3399025843144788e-14,0.4,0.23568799999999318,1.6457820524048115e-06
0.9910624999997907,-0.020001645782052404,1.339476934572688e-14,0.4,0.23568800000000364,1.6457820524048115e-06
0.9920624999997901,-0.020001645782052404,1.3395599228871254e-14,0.4,0.23568799999999804,1.6457820524048115e-06
0.9930624999997896,-0.020001645782052404,1.3401863508090063e-14,0.4,0.23568799999999276,1.6457820524048115e-06
0.994062499999789,-0.020001645782052404,1.3397392847280065e-14,0.4,0.23568800000000384,1.6457820524048115e-06
0.9950624999997885,-0.020001645782052404,1.339865105720863e-14,0.4,0.23568799999999798,1.6457820524048115e-06
0.9960624999997879,-0.020001645782052404,1.340427284625115e-14,0.4,0.23568799999999282,1.6457820524048115e-06
0.9970624999997874,-0.020001645782052404,1.339088763424516e-14,0.4,0.23568799999999318,1.6457820524048115e-06
0.9980624999997868,-0.020001645782052404,1.340071237985756e-14,0.4,0.23568799999999798,1.6457820524048115e-06
0.9990624999997862,-0.020001645782052404,1.3387407479123602e-14,0.4,0.23568800000001244,1.6457820524048115e-06
1.0000624999997858,-0.020001645782052404,1.3392708023077978e-14,0.4,0.23568799999999354,1.6457820524048115e-06
1.001062499999787,-0.020001645782052404,1.3402532768690379e-14,0.4,0.23568799999999798,1.6457820524048115e-06
1.0020624999997882,-0.020001645782052404,1.3408368721124995e-14,0.4,0.2356879999999927,1.6457820524048115e-06
1.0030624999997895,-0.020001645782052404,1.3395037049967026e-14,0.4,0.2356879999999933,1.6457820524048115e-06
1.0040624999997907,-0.020001645782052404,1.3390405766612953e-14,0.4,0.23568800000000353,1.6457820524048115e-06
1.005062499999792,-0.020001645782052404,1.339115533848529e-14,0.4,0.23568799999999815,1.6457820524048115e-06
1.0060624999997931,-0.020001645782052404,1.3396937750071882e-14,0.4,0.2356879999999933,1.6457820524048115e-06
1.0070624999997944,-0.020001645782052404,1.3392815104774038e-14,0.4,0.23568800000000348,1.6457820524048115e-06
1.0080624999997956,-0.020001645782052404,1.33938323808865e-14,0.4,0.2356880000000128,1.6457820524048115e-06
1.0090624999997968,-0.020001645782052404,1.3399614792473092e-14,0.4,0.23568799999999293,1.6457820524048115e-06
1.010062499999798,-0.020001645782052404,1.3394956738695007e-14,0.4,0.23568800000000378,1.6457820524048115e-06
1.0110624999997992,-0.020001645782052404,1.3396134637351537e-14,0.4,0.2356880000000128,1.6457820524048115e-06
1.0120624999998005,-0.020001645782052404,1.3383124211281711e-14,0.4,0.23568800000001267,1.6457820524048115e-06
1.0130624999998017,-0.020001645782052404,1.339749992897615e-14,0.4,0.2356880000000036,1.6457820524048115e-06
1.014062499999803,-0.020001645782052404,1.3398062107880402e-14,0.4,0.23568799999999798,1.6457820524048115e-06
1.0150624999998041,-0.020001645782052404,1.338564063113884e-14,0.4,0.23568800000001178,1.6457820524048115e-06
1.0160624999998054,-0.020001645782052404,1.3399213236112919e-14,0.4,0.23568800000000378,1.6457820524048115e-06
1.0170624999998066,-0.020001645782052404,1.3400578527737534e-14,0.4,0.23568799999999798,1.6457820524048115e-06
1.0180624999998078,-0.020001645782052404,1.3387353938275613e-14,0.4,0.23568800000001244,1.6457820524048115e-06
1.019062499999809,-0.020001645782052404,1.3401247788337835e-14,0.4,0.23568800000000378,1.6457820524048115e-06
1.0200624999998102,-0.020001645782052404,1.3388451525660105e-14,0.4,0.23568800000000337,1.6457820524048115e-06
1.0210624999998115,-0.020001645782052404,1.338917432710843e-14,0.4,0.23568800000001244,1.6457820524048115e-06
1.0220624999998127,-0.020001645782052404,1.3403737437770954e-14,0.4,0.23568800000000373,1.6457820524048115e-06
1.023062499999814,-0.020001645782052404,1.3390352225764962e-14,0.4,0.23568800000000353,1.6457820524048115e-06
1.0240624999998151,-0.020001645782052404,1.3390967945517239e-14,0.4,0.2356879999999981,1.6457820524048115e-06
1.0250624999998164,-0.020001645782052404,1.3396884209223891e-14,0.4,0.23568799999999349,1.6457820524048115e-06
1.0260624999998176,-0.020001645782052404,1.3392199385021796e-14,0.4,0.23568800000000367,1.6457820524048115e-06
1.0270624999998188,-0.020001645782052404,1.3393832380886531e-14,0.4,0.2356880000000128,1.6457820524048115e-06
1.02806249999982,-0.020001645782052404,1.33995612516251e-14,0.4,0.23568799999999307,1.6457820524048115e-06
1.0290624999998212,-0.020001645782052404,1.339525121335917e-14,0.4,0.23568800000000373,1.6457820524048115e-06
1.0300624999998225,-0.020001645782052404,1.3396375571167676e-14,0.4,0.2356879999999981,1.6457820524048115e-06
1.0310624999998237,-0.020001645782052404,1.3402265064450314e-14,0.4,0.23568799999999282,1.6457820524048115e-06
1.032062499999825,-0.020001645782052404,1.3397419617704146e-14,0.4,0.23568800000000364,1.6457820524048115e-06
1.0330624999998261,-0.020001645782052404,1.3398651057208698e-14,0.4,0.23568799999999798,1.6457820524048115e-06
1.0340624999998274,-0.020001645782052404,1.3385346156474743e-14,0.4,0.2356880000000126,1.6457820524048115e-06
1.0350624999998286,-0.020001645782052404,1.3399909267137265e-14,0.4,0.23568800000000384,1.6457820524048115e-06
1.0360624999998298,-0.020001645782052404,1.3401247788337866e-14,0.4,0.23568799999999798,1.6457820524048115e-06
1.037062499999831,-0.020001645782052404,1.3388076739723969e-14,0.4,0.2356880000000128,1.6457820524048115e-06
1.0380624999998322,-0.020001645782052404,1.3393912692158585e-14,0.4,0.23568799999999349,1.6457820524048115e-06
1.0390624999998335,-0.020001645782052404,1.3389308179228527e-14,0.4,0.23568800000000364,1.6457820524048115e-06
1.0400624999998347,-0.020001645782052404,1.3390271914492962e-14,0.4,0.2356879999999981,1.6457820524048115e-06
1.041062499999836,-0.020001645782052404,1.3396348800743684e-14,0.4,0.23568799999999354,1.6457820524048115e-06
1.0420624999998371,-0.020001645782052404,1.3392038762477756e-14,0.4,0.23568800000000364,1.6457820524048115e-06
1.0430624999998384,-0.020001645782052404,1.3393404054102371e-14,0.4,0.2356880000000128,1.6457820524048115e-06
1.0440624999998396,-0.020001645782052404,1.339932031780902e-14,0.4,0.23568799999999318,1.6457820524048115e-06
1.0450624999998408,-0.020001645782052404,1.3394769345726985e-14,0.4,0.23568800000000367,1.6457820524048115e-06
1.046062499999842,-0.020001645782052404,1.3396241719047646e-14,0.4,0.2356879999999981,1.6457820524048115e-06
1.0470624999998432,-0.020001645782052404,1.3402157982754296e-14,0.4,0.23568799999999293,1.6457820524048115e-06
1.0480624999998445,-0.020001645782052404,1.3397955026184414e-14,0.4,0.23568800000000373,1.6457820524048115e-06
1.0490624999998457,-0.020001645782052404,1.339907938399292e-14,0.4,0.23568799999999798,1.6457820524048115e-06
1.050062499999847,-0.020001645782052404,1.3405290122363705e-14,0.4,0.23568799999999282,1.6457820524048115e-06
1.0510624999998481,-0.020001645782052404,1.3391931680781724e-14,0.4,0.23568799999999318,1.6457820524048115e-06
1.0520624999998494,-0.020001645782052404,1.340180996724215e-14,0.4,0.23568799999999798,1.6457820524048115e-06
1.0530624999998506,-0.020001645782052404,1.3407913623916884e-14,0.4,0.2356879999999927,1.6457820524048115e-06
1.0540624999998518,-0.020001645782052404,1.3394796116151012e-14,0.4,0.2356879999999933,1.6457820524048115e-06
1.055062499999853,-0.020001645782052404,1.3405075958971615e-14,0.4,0.23568799999999795,1.6457820524048115e-06
1.0560624999998542,-0.020001645782052404,1.3392092303325802e-14,0.4,0.23568799999999815,1.6457820524048115e-06
1.0570624999998555,-0.020001645782052404,1.3397687321944309e-14,0.4,0.23568799999999301,1.6457820524048115e-06
1.0580624999998567,-0.020001645782052404,1.339380561046257e-14,0.4,0.23568800000000373,1.6457820524048115e-06
1.059062499999858,-0.020001645782052404,1.3394662264030958e-14,0.4,0.23568799999999804,1.6457820524048115e-06
1.0600624999998591,-0.020001645782052404,1.3401060395369824e-14,0.4,0.23568799999999282,1.6457820524048115e-06
1.0610624999998604,-0.020001645782052404,1.339640234159174e-14,0.4,0.23568800000000378,1.6457820524048115e-06
1.0620624999998616,-0.020001645782052404,1.3396803897951923e-14,0.4,0.23568799999999798,1.6457820524048115e-06
1.0630624999998628,-0.020001645782052404,1.3384034405698207e-14,0.4,0.23568800000001267,1.6457820524048115e-06
1.064062499999864,-0.020001645782052404,1.33983030416966e-14,0.4,0.23568800000000378,1.6457820524048115e-06
1.0650624999998652,-0.020001645782052404,1.3399641562897202e-14,0.4,0.23568799999999798,1.6457820524048115e-06
1.0660624999998665,-0.020001645782052404,1.338695238191552e-14,0.4,0.23568800000001214,1.6457820524048115e-06
1.0670624999998677,-0.020001645782052404,1.3401301329185948e-14,0.4,0.23568800000000384,1.6457820524048115e-06
1.068062499999869,-0.020001645782052404,1.3388451525660195e-14,0.4,0.23568800000000337,1.6457820524048115e-06
1.0690624999998701,-0.020001645782052404,1.3408234869005054e-14,0.4,0.23568799999999265,1.6457820524048115e-06
1.0700624999998714,-0.020001645782052404,1.3403790978619066e-14,0.4,0.23568800000000384,1.6457820524048115e-06
1.0710624999998726,-0.020001645782052404,1.3391048256789364e-14,0.4,0.2356880000000036,1.6457820524048115e-06
1.0720624999998738,-0.020001645782052404,1.3392226155445894e-14,0.4,0.23568799999999815,1.6457820524048115e-06
1.073062499999875,-0.020001645782052404,1.3397955026184462e-14,0.4,0.23568799999999301,1.6457820524048115e-06
1.0740624999998762,-0.020001645782052404,1.3393778840038594e-14,0.4,0.23568800000000348,1.6457820524048115e-06
1.0750624999998775,-0.020001645782052404,1.3394581952758955e-14,0.4,0.23568799999999804,1.6457820524048115e-06
1.0760624999998787,-0.020001645782052404,1.3400712379857702e-14,0.4,0.23568799999999293,1.6457820524048115e-06
1.07706249999988,-0.020001645782052404,1.3396455882439799e-14,0.4,0.23568800000000367,1.6457820524048115e-06
1.0780624999998811,-0.020001645782052404,1.339768732194435e-14,0.4,0.23568799999999804,1.6457820524048115e-06
1.0790624999998824,-0.020001645782052404,1.3403496503954954e-14,0.4,0.23568799999999293,1.6457820524048115e-06
1.0800624999998836,-0.020001645782052404,1.339051284830914e-14,0.4,0.2356879999999933,1.6457820524048115e-06
1.0810624999998848,-0.020001645782052404,1.3400471446041602e-14,0.4,0.23568799999999798,1.6457820524048115e-06
1.082062499999886,-0.020001645782052404,1.3406789266108431e-14,0.4,0.23568799999999282,1.6457820524048115e-06
1.0830624999998872,-0.020001645782052404,1.3393323742830406e-14,0.4,0.23568799999999318,1.6457820524048115e-06
1.0840624999998885,-0.020001645782052404,1.3403576815227e-14,0.4,0.23568799999999795,1.6457820524048115e-06
1.0850624999998897,-0.020001645782052404,1.3390271914493043e-14,0.4,0.2356879999999981,1.6457820524048115e-06
1.086062499999891,-0.020001645782052404,1.3396348800743764e-14,0.4,0.23568799999999354,1.6457820524048115e-06
1.0870624999998921,-0.020001645782052404,1.3392038762477837e-14,0.4,0.23568800000000364,1.6457820524048115e-06
1.0880624999998934,-0.020001645782052404,1.3393404054102452e-14,0.4,0.2356880000000128,1.6457820524048115e-06
1.0890624999998946,-0.020001645782052404,1.33993203178091e-14,0.4,0.23568799999999318,1.6457820524048115e-06
1.0900624999998958,-0.020001645782052404,1.3394849656999102e-14,0.4,0.23568800000000378,1.6457820524048115e-06
1.091062499999897,-0.020001645782052404,1.3395733080991497e-14,0.4,0.23568799999999804,1.6457820524048115e-06
1.0920624999998982,-0.020001645782052404,1.3402157982754377e-14,0.4,0.23568799999999293,1.6457820524048115e-06
1.0930624999998995,-0.020001645782052404,1.339790148533647e-14,0.4,0.23568800000000367,1.6457820524048115e-06
1.0940624999999007,-0.020001645782052404,1.3399293547385094e-14,0.4,0.2356879999999981,1.6457820524048115e-06
1.095062499999902,-0.020001645782052404,1.338601541707515e-14,0.4,0.2356880000000128,1.6457820524048115e-06
1.0960624999999031,-0.020001645782052404,1.3392252925869944e-14,0.4,0.2356879999999933,1.6457820524048115e-06
1.0970624999999044,-0.020001645782052404,1.3402050901058334e-14,0.4,0.23568799999999798,1.6457820524048115e-06
1.0980624999999056,-0.020001645782052404,1.338944203134869e-14,0.4,0.23568800000001214,1.6457820524048115e-06
1.0990624999999068,-0.020001645782052404,1.3394769345727078e-14,0.4,0.23568799999999354,1.6457820524048115e-06
1.100062499999908,-0.020001645782052404,1.3389763276436839e-14,0.4,0.2356880000000036,1.6457820524048115e-06
1.1010624999999092,-0.020001645782052404,1.3391396272301572e-14,0.4,0.2356880000000125,1.6457820524048115e-06
1.1020624999999105,-0.020001645782052404,1.3396803897951997e-14,0.4,0.23568799999999301,1.6457820524048115e-06
1.1030624999999117,-0.020001645782052404,1.3392600941382118e-14,0.4,0.23568800000000364,1.6457820524048115e-06
1.104062499999913,-0.020001645782052404,1.3393537906222539e-14,0.4,0.2356879999999981,1.6457820524048115e-06
1.1050624999999141,-0.020001645782052404,1.3399748644593322e-14,0.4,0.23568799999999301,1.6457820524048115e-06
1.1060624999999153,-0.020001645782052404,1.3395037049967212e-14,0.4,0.23568800000000384,1.6457820524048115e-06
1.1070624999999166,-0.020001645782052404,1.3396134637351704e-14,0.4,0.23568799999999804,1.6457820524048115e-06
1.1080624999999178,-0.020001645782052404,1.340223829402644e-14,0.4,0.23568799999999301,1.6457820524048115e-06
1.109062499999919,-0.020001645782052404,1.3398276271272669e-14,0.4,0.23568800000000367,1.6457820524048115e-06
1.1100624999999202,-0.020001645782052404,1.339948094035321e-14,0.4,0.23568799999999798,1.6457820524048115e-06
1.1110624999999215,-0.020001645782052404,1.3386336662163328e-14,0.4,0.23568800000001267,1.6457820524048115e-06
1.1120624999999227,-0.020001645782052404,1.3400712379857768e-14,0.4,0.2356880000000039,1.6457820524048115e-06
1.113062499999924,-0.020001645782052404,1.3387675183363931e-14,0.4,0.23568800000000364,1.6457820524048115e-06
1.1140624999999251,-0.020001645782052404,1.3388906622868483e-14,0.4,0.2356879999999981,1.6457820524048115e-06
1.1150624999999263,-0.020001645782052404,1.3403764208195139e-14,0.4,0.2356880000000039,1.6457820524048115e-06
1.1160624999999276,-0.020001645782052404,1.3405075958971726e-14,0.4,0.23568799999999795,1.6457820524048115e-06
1.1170624999999288,-0.020001645782052404,1.3391663976541724e-14,0.4,0.2356879999999981,1.6457820524048115e-06
1.11806249999993,-0.020001645782052404,1.3397847944488495e-14,0.4,0.2356879999999933,1.6457820524048115e-06
1.1190624999999312,-0.020001645782052404,1.3393430824526518e-14,0.4,0.23568800000000373,1.6457820524048115e-06
1.1200624999999325,-0.020001645782052404,1.339479611615113e-14,0.4,0.23568799999999815,1.6457820524048115e-06
1.1210624999999337,-0.020001645782052404,1.340081946155383e-14,0.4,0.23568799999999282,1.6457820524048115e-06
1.122062499999935,-0.020001645782052404,1.339645588243988e-14,0.4,0.23568800000000367,1.6457820524048115e-06
1.1230624999999361,-0.020001645782052404,1.339768732194443e-14,0.4,0.23568799999999804,1.6457820524048115e-06
1.1240624999999373,-0.020001645782052404,1.3403496503955035e-14,0.4,0.23568799999999293,1.6457820524048115e-06
1.1250624999999386,-0.020001645782052404,1.3390512848309221e-14,0.4,0.2356879999999933,1.6457820524048115e-06
1.1260624999999398,-0.020001645782052404,1.3400471446041682e-14,0.4,0.23568799999999798,1.6457820524048115e-06
1.127062499999941,-0.020001645782052404,1.3406789266108512e-14,0.4,0.23568799999999282,1.6457820524048115e-06
1.1280624999999422,-0.020001645782052404,1.3393270201982463e-14,0.4,0.23568799999999338,1.6457820524048115e-06
1.1290624999999435,-0.020001645782052404,1.3388826311596473e-14,0.4,0.23568800000000364,1.6457820524048115e-06
1.1300624999999447,-0.020001645782052404,1.3390271914493123e-14,0.4,0.2356879999999981,1.6457820524048115e-06
1.131062499999946,-0.020001645782052404,1.3396482652863903e-14,0.4,0.23568799999999301,1.6457820524048115e-06
1.1320624999999471,-0.020001645782052404,1.3406575102716423e-14,0.4,0.2356879999999979,1.6457820524048115e-06
1.1330624999999483,-0.020001645782052404,1.3393163120286418e-14,0.4,0.2356879999999981,1.6457820524048115e-06
1.1340624999999496,-0.020001645782052404,1.339961479247331e-14,0.4,0.23568799999999293,1.6457820524048115e-06
1.1350624999999508,-0.020001645782052404,1.339501027954325e-14,0.4,0.23568800000000367,1.6457820524048115e-06
1.136062499999952,-0.020001645782052404,1.3396000785231696e-14,0.4,0.23568799999999804,1.6457820524048115e-06
1.1370624999999532,-0.020001645782052404,1.3401917048938348e-14,0.4,0.23568799999999293,1.6457820524048115e-06
1.1380624999999545,-0.020001645782052404,1.3396991290920144e-14,0.4,0.23568800000000367,1.6457820524048115e-06
1.1390624999999557,-0.020001645782052404,1.3398303041696734e-14,0.4,0.23568799999999798,1.6457820524048115e-06
1.140062499999957,-0.020001645782052404,1.3385185533930863e-14,0.4,0.23568800000001267,1.6457820524048115e-06
1.1410624999999581,-0.020001645782052404,1.3399909267137458e-14,0.4,0.2356880000000039,1.6457820524048115e-06
1.1420624999999593,-0.020001645782052404,1.340073915028183e-14,0.4,0.23568799999999798,1.6457820524048115e-06
1.1430624999999606,-0.020001645782052404,1.3406949888652614e-14,0.4,0.23568799999999293,1.6457820524048115e-06
1.1440624999999618,-0.020001645782052404,1.339377884003872e-14,0.4,0.23568799999999349,1.6457820524048115e-06
1.145062499999963,-0.020001645782052404,1.3403871289891242e-14,0.4,0.23568799999999795,1.6457820524048115e-06
1.1460624999999642,-0.020001645782052404,1.3390700241277348e-14,0.4,0.2356880000000123,1.6457820524048115e-06
1.1470624999999655,-0.020001645782052404,1.3395974014807712e-14,0.4,0.23568799999999301,1.6457820524048115e-06
1.1480624999999667,-0.020001645782052404,1.3391904910357888e-14,0.4,0.23568800000000348,1.6457820524048115e-06
1.149062499999968,-0.020001645782052404,1.3392199385022023e-14,0.4,0.23568799999999815,1.6457820524048115e-06
1.1500624999999691,-0.020001645782052404,1.339779440364053e-14,0.4,0.23568799999999313,1.6457820524048115e-06
1.1510624999999703,-0.020001645782052404,1.3393270201982507e-14,0.4,0.23568800000000364,1.6457820524048115e-06
1.1520624999999716,-0.020001645782052404,1.3394260707670953e-14,0.4,0.2356880000000128,1.6457820524048115e-06
1.1530624999999728,-0.020001645782052404,1.3400176971377602e-14,0.4,0.23568799999999301,1.6457820524048115e-06
1.154062499999974,-0.020001645782052404,1.3386979152339693e-14,0.4,0.23568799999999385,1.6457820524048115e-06
1.1550624999999752,-0.020001645782052404,1.3396161407775805e-14,0.4,0.23568799999999804,1.6457820524048115e-06
1.1560624999999765,-0.020001645782052404,1.338312421128197e-14,0.4,0.23568800000001267,1.6457820524048115e-06
1.1570624999999777,-0.020001645782052404,1.3397847944488566e-14,0.4,0.23568800000000384,1.6457820524048115e-06
1.158062499999979,-0.020001645782052404,1.3398784909328991e-14,0.4,0.23568799999999804,1.6457820524048115e-06
1.1590624999999801,-0.020001645782052404,1.338622958046737e-14,0.4,0.23568800000001214,1.6457820524048115e-06
1.1600624999999813,-0.020001645782052404,1.3399962807985523e-14,0.4,0.23568800000000367,1.6457820524048115e-06
1.1610624999999826,-0.020001645782052404,1.3401087165794029e-14,0.4,0.23568799999999804,1.6457820524048115e-06
1.1620624999999838,-0.020001645782052404,1.3387996428452166e-14,0.4,0.2356879999999981,1.6457820524048115e-06
1.163062499999985,-0.020001645782052404,1.3393752069614747e-14,0.4,0.23568799999999338,1.6457820524048115e-06
1.1640624999999862,-0.020001645782052404,1.3403202029290978e-14,0.4,0.23568799999999798,1.6457820524048115e-06
1.1650624999999875,-0.020001645782052404,1.3390191603221153e-14,0.4,0.2356879999999982,1.6457820524048115e-06
1.1660624999999887,-0.020001645782052404,1.3395572458447563e-14,0.4,0.23568799999999338,1.6457820524048115e-06
1.16706249999999,-0.020001645782052404,1.3405691678724097e-14,0.4,0.23568799999999798,1.6457820524048115e-06
1.1680624999999911,-0.020001645782052404,1.3392145844174034e-14,0.4,0.23568799999999815,1.6457820524048115e-06
1.1690624999999923,-0.020001645782052404,1.3397553469824455e-14,0.4,0.23568799999999338,1.6457820524048115e-06
1.1700624999999936,-0.020001645782052404,1.3393377283678586e-14,0.4,0.23568800000000378,1.6457820524048115e-06
1.1710624999999948,-0.020001645782052404,1.339396623300685e-14,0.4,0.23568799999999815,1.6457820524048115e-06
1.172062499999996,-0.020001645782052404,1.3399936037561527e-14,0.4,0.23568799999999318,1.6457820524048115e-06
1.1730624999999972,-0.020001645782052404,1.3395438606327514e-14,0.4,0.23568800000000384,1.6457820524048115e-06
1.1740624999999985,-0.020001645782052404,1.3396027555655778e-14,0.4,0.23568799999999804,1.6457820524048115e-06
1.1750624999999997,-0.020001645782052404,1.3402265064450574e-14,0.4,0.23568799999999282,1.6457820524048115e-06
1.176062500000001,-0.020001645782052404,1.3388638918628475e-14,0.4,0.23568799999999354,1.6457820524048115e-06
1.1770625000000021,-0.020001645782052404,1.3398784909329023e-14,0.4,0.23568799999999804,1.6457820524048115e-06
1.1780625000000033,-0.020001645782052404,1.3386229580467402e-14,0.4,0.23568800000001214,1.6457820524048115e-06
1.1790625000000046,-0.020001645782052404,1.3400337593921722e-14,0.4,0.23568800000000378,1.6457820524048115e-06
1.1800625000000058,-0.020001645782052404,1.3401515492578252e-14,0.4,0.23568799999999798,1.6457820524048115e-06
1.181062500000007,-0.020001645782052404,1.3388933393292618e-14,0.4,0.23568800000001203,1.6457820524048115e-06
1.1820625000000082,-0.020001645782052404,1.339364498791873e-14,0.4,0.2356879999999933,1.6457820524048115e-06
1.1830625000000095,-0.020001645782052404,1.3389843587709026e-14,0.4,0.23568800000000348,1.6457820524048115e-06
1.1840625000000107,-0.020001645782052404,1.3390218373645199e-14,0.4,0.2356879999999981,1.6457820524048115e-06
1.185062500000012,-0.020001645782052404,1.3396107866927838e-14,0.4,0.23568799999999318,1.6457820524048115e-06
1.1860625000000131,-0.020001645782052404,1.3392038762478018e-14,0.4,0.2356880000000036,1.6457820524048115e-06
1.1870625000000143,-0.020001645782052404,1.339300249774245e-14,0.4,0.2356879999999981,1.6457820524048115e-06
1.1880625000000156,-0.020001645782052404,1.339918646568922e-14,0.4,0.23568799999999293,1.6457820524048115e-06
1.1890625000000168,-0.020001645782052404,1.3394314248519043e-14,0.4,0.23568800000000373,1.6457820524048115e-06
1.190062500000018,-0.020001645782052404,1.3395331524631501e-14,0.4,0.23568799999999804,1.6457820524048115e-06
1.1910625000000192,-0.020001645782052404,1.3401542263002283e-14,0.4,0.23568799999999301,1.6457820524048115e-06
1.1920625000000205,-0.020001645782052404,1.3397125143040308e-14,0.4,0.23568800000000384,1.6457820524048115e-06
1.1930625000000217,-0.020001645782052404,1.3398356582544863e-14,0.4,0.23568799999999804,1.6457820524048115e-06
1.194062500000023,-0.020001645782052404,1.3385346156475037e-14,0.4,0.2356880000000128,1.6457820524048115e-06
1.1950625000000241,-0.020001645782052404,1.3399855726289537e-14,0.4,0.23568800000000378,1.6457820524048115e-06
1.1960625000000253,-0.020001645782052404,1.3387059463611807e-14,0.4,0.2356880000000036,1.6457820524048115e-06
1.1970625000000266,-0.020001645782052404,1.3407512067556968e-14,0.4,0.2356879999999927,1.6457820524048115e-06
1.1980625000000278,-0.020001645782052404,1.340309494759499e-14,0.4,0.23568800000000384,1.6457820524048115e-06
1.199062500000029,-0.020001645782052404,1.3389816817285049e-14,0.4,0.23568800000000364,1.6457820524048115e-06
1.2000625000000302,-0.020001645782052404,1.3391369501877746e-14,0.4,0.23568800000001267,1.6457820524048115e-06
1.2010625000000315,-0.020001645782052404,1.3397018061344276e-14,0.4,0.23568799999999301,1.6457820524048115e-06
1.2020625000000327,-0.020001645782052404,1.3393002497742478e-14,0.4,0.23568800000000348,1.6457820524048115e-06
1.203062500000034,-0.020001645782052404,1.3393993003430926e-14,0.4,0.2356880000000126,1.6457820524048115e-06
1.2040625000000351,-0.020001645782052404,1.339982895586554e-14,0.4,0.23568799999999313,1.6457820524048115e-06
1.2050625000000363,-0.020001645782052404,1.339578662183973e-14,0.4,0.23568800000000367,1.6457820524048115e-06
1.2060625000000376,-0.020001645782052404,1.3396777127528175e-14,0.4,0.23568799999999804,1.6457820524048115e-06
1.2070625000000388,-0.020001645782052404,1.3402934325050933e-14,0.4,0.23568799999999282,1.6457820524048115e-06
1.20806250000004,-0.020001645782052404,1.3398463664240933e-14,0.4,0.23568800000000378,1.6457820524048115e-06
1.2090625000000412,-0.020001645782052404,1.339907938399321e-14,0.4,0.23568799999999804,1.6457820524048115e-06
1.2100625000000425,-0.020001645782052404,1.3386202810043445e-14,0.4,0.2356880000000126,1.6457820524048115e-06
1.2110625000000437,-0.020001645782052404,1.3392092303326084e-14,0.4,0.23568799999999313,1.6457820524048115e-06
1.212062500000045,-0.020001645782052404,1.3402291834874652e-14,0.4,0.23568799999999798,1.6457820524048115e-06
1.2130625000000461,-0.020001645782052404,1.3389442031348901e-14,0.4,0.2356880000000123,1.6457820524048115e-06
1.2140625000000473,-0.020001645782052404,1.3394742575303278e-14,0.4,0.2356879999999933,1.6457820524048115e-06
1.2150625000000486,-0.020001645782052404,1.339056638915741e-14,0.4,0.23568800000000348,1.6457820524048115e-06
1.2160625000000498,-0.020001645782052404,1.3391208879333703e-14,0.4,0.23568799999999815,1.6457820524048115e-06
1.217062500000051,-0.020001645782052404,1.3397018061344308e-14,0.4,0.23568799999999293,1.6457820524048115e-06
1.2180625000000522,-0.020001645782052404,1.3392172614598138e-14,0.4,0.23568800000000353,1.6457820524048115e-06
1.2190625000000535,-0.020001645782052404,1.339335051325467e-14,0.4,0.2356880000000128,1.6457820524048115e-06
1.2200625000000547,-0.020001645782052404,1.339913292484126e-14,0.4,0.23568799999999276,1.6457820524048115e-06
1.221062500000056,-0.020001645782052404,1.3394126855551019e-14,0.4,0.23568800000000373,1.6457820524048115e-06
1.2220625000000571,-0.020001645782052404,1.3395331524631561e-14,0.4,0.23568799999999815,1.6457820524048115e-06
1.2230625000000583,-0.020001645782052404,1.3382401409833773e-14,0.4,0.23568800000001214,1.6457820524048115e-06
1.2240625000000596,-0.020001645782052404,1.3396884209224263e-14,0.4,0.23568800000000367,1.6457820524048115e-06
1.2250625000000608,-0.020001645782052404,1.3397928255760733e-14,0.4,0.23568799999999798,1.6457820524048115e-06
1.226062500000062,-0.020001645782052404,1.3403978371587444e-14,0.4,0.23568799999999293,1.6457820524048115e-06
1.2270625000000632,-0.020001645782052404,1.3390834093397559e-14,0.4,0.23568799999999349,1.6457820524048115e-06
1.2280625000000644,-0.020001645782052404,1.340079269113002e-14,0.4,0.23568799999999795,1.6457820524048115e-06
1.2290625000000657,-0.020001645782052404,1.3406708954836671e-14,0.4,0.23568799999999293,1.6457820524048115e-06
1.230062500000067,-0.020001645782052404,1.339361821749481e-14,0.4,0.23568799999999354,1.6457820524048115e-06
1.2310625000000681,-0.020001645782052404,1.3389415260924928e-14,0.4,0.23568800000000342,1.6457820524048115e-06
1.2320625000000693,-0.020001645782052404,1.3390111291949243e-14,0.4,0.2356879999999981,1.6457820524048115e-06
1.2330625000000706,-0.020001645782052404,1.3404620861763743e-14,0.4,0.2356880000000039,1.6457820524048115e-06
1.2340625000000718,-0.020001645782052404,1.3391583665269906e-14,0.4,0.2356880000000036,1.6457820524048115e-06
1.235062500000073,-0.020001645782052404,1.3392199385022182e-14,0.4,0.23568799999999815,1.6457820524048115e-06
1.2360625000000742,-0.020001645782052404,1.3397794403640689e-14,0.4,0.23568799999999313,1.6457820524048115e-06
1.2370625000000754,-0.020001645782052404,1.3393270201982666e-14,0.4,0.23568800000000364,1.6457820524048115e-06
1.2380625000000767,-0.020001645782052404,1.3394260707671112e-14,0.4,0.2356880000000128,1.6457820524048115e-06
1.239062500000078,-0.020001645782052404,1.3400176971377761e-14,0.4,0.23568799999999301,1.6457820524048115e-06
1.2400625000000791,-0.020001645782052404,1.3386979152339853e-14,0.4,0.23568799999999385,1.6457820524048115e-06
1.2410625000000803,-0.020001645782052404,1.3396161407775965e-14,0.4,0.23568799999999804,1.6457820524048115e-06
1.2420625000000816,-0.020001645782052404,1.3383124211282129e-14,0.4,0.23568800000001267,1.6457820524048115e-06
1.2430625000000828,-0.020001645782052404,1.3397847944488725e-14,0.4,0.23568800000000384,1.6457820524048115e-06
1.244062500000084,-0.020001645782052404,1.339878490932915e-14,0.4,0.23568799999999804,1.6457820524048115e-06
1.2450625000000852,-0.020001645782052404,1.338622958046753e-14,0.4,0.23568800000001214,1.6457820524048115e-06
1.2460625000000864,-0.020001645782052404,1.3399962807985682e-14,0.4,0.23568800000000367,1.6457820524048115e-06
1.2470625000000877,-0.020001645782052404,1.3401087165794188e-14,0.4,0.23568799999999804,1.6457820524048115e-06
1.248062500000089,-0.020001645782052404,1.3387996428452326e-14,0.4,0.2356879999999981,1.6457820524048115e-06
1.2490625000000901,-0.020001645782052404,1.3393752069614906e-14,0.4,0.23568799999999338,1.6457820524048115e-06
1.2500625000000913,-0.020001645782052404,1.3403202029291137e-14,0.4,0.23568799999999798,1.6457820524048115e-06
1.2510625000000926,-0.020001645782052404,1.3390191603221312e-14,0.4,0.2356879999999982,1.6457820524048115e-06
1.2520625000000938,-0.020001645782052404,1.3395572458447723e-14,0.4,0.23568799999999338,1.6457820524048115e-06
1.253062500000095,-0.020001645782052404,1.3405691678724257e-14,0.4,0.23568799999999798,1.6457820524048115e-06
1.2540625000000962,-0.020001645782052404,1.3392145844174193e-14,0.4,0.23568799999999815,1.6457820524048115e-06
1.2550625000000974,-0.020001645782052404,1.3397553469824614e-14,0.4,0.23568799999999338,1.6457820524048115e-06
1.2560625000000987,-0.020001645782052404,1.3393377283678745e-14,0.4,0.23568800000000378,1.6457820524048115e-06
1.2570625000001,-0.020001645782052404,1.339396623300701e-14,0.4,0.23568799999999815,1.6457820524048115e-06
1.2580625000001011,-0.020001645782052404,1.3399936037561687e-14,0.4,0.23568799999999318,1.6457820524048115e-06
1.2590625000001023,-0.020001645782052404,1.3395438606327673e-14,0.4,0.23568800000000384,1.6457820524048115e-06
1.2600625000001036,-0.020001645782052404,1.3396027555655938e-14,0.4,0.23568799999999804,1.6457820524048115e-06
1.2610625000001048,-0.020001645782052404,1.3402265064450734e-14,0.4,0.23568799999999282,1.6457820524048115e-06
1.262062500000106,-0.020001645782052404,1.3388638918628634e-14,0.4,0.23568799999999354,1.6457820524048115e-06
1.2630625000001072,-0.020001645782052404,1.3398784909329182e-14,0.4,0.23568799999999804,1.6457820524048115e-06
1.2640625000001084,-0.020001645782052404,1.3386229580467562e-14,0.4,0.23568800000001214,1.6457820524048115e-06
1.2650625000001097,-0.020001645782052404,1.3400337593921881e-14,0.4,0.23568800000000378,1.6457820524048115e-06
1.266062500000111,-0.020001645782052404,1.3387487790396128e-14,0.4,0.23568800000000348,1.6457820524048115e-06
1.2670625000001121,-0.020001645782052404,1.3407619149253145e-14,0.4,0.23568799999999293,1.6457820524048115e-06
1.2680625000001133,-0.020001645782052404,1.3403068177171108e-14,0.4,0.23568800000000378,1.6457820524048115e-06
1.2690625000001146,-0.020001645782052404,1.3390271914493379e-14,0.4,0.23568800000000348,1.6457820524048115e-06
1.2700625000001158,-0.020001645782052404,1.33912088793338e-14,0.4,0.23568799999999815,1.6457820524048115e-06
1.271062500000117,-0.020001645782052404,1.3396857438800331e-14,0.4,0.23568799999999301,1.6457820524048115e-06
1.2720625000001182,-0.020001645782052404,1.3406601873140698e-14,0.4,0.23568799999999795,1.6457820524048115e-06
1.2730625000001194,-0.020001645782052404,1.33934308245268e-14,0.4,0.2356879999999981,1.6457820524048115e-06
1.2740625000001207,-0.020001645782052404,1.3381036118209251e-14,0.4,0.23568800000001158,1.6457820524048115e-06
1.275062500000122,-0.020001645782052404,1.3394260707671174e-14,0.4,0.23568800000000367,1.6457820524048115e-06
1.2760625000001231,-0.020001645782052404,1.3395117361239561e-14,0.4,0.2356879999999981,1.6457820524048115e-06
1.2770625000001243,-0.020001645782052404,1.340084623197813e-14,0.4,0.23568799999999318,1.6457820524048115e-06
1.2780625000001256,-0.020001645782052404,1.3396589734560222e-14,0.4,0.23568800000000373,1.6457820524048115e-06
1.2790625000001268,-0.020001645782052404,1.3383820242306507e-14,0.4,0.23568800000000328,1.6457820524048115e-06
1.280062500000128,-0.020001645782052404,1.340298786589909e-14,0.4,0.23568799999999293,1.6457820524048115e-06
1.2810625000001292,-0.020001645782052404,1.3389602653893097e-14,0.4,0.2356879999999933,1.6457820524048115e-06
1.2820625000001304,-0.020001645782052404,1.3399802185441668e-14,0.4,0.23568799999999798,1.6457820524048115e-06
1.2830625000001317,-0.020001645782052404,1.3386577595979751e-14,0.4,0.23568800000001267,1.6457820524048115e-06
1.284062500000133,-0.020001645782052404,1.3392467089262391e-14,0.4,0.23568799999999354,1.6457820524048115e-06
1.2850625000001341,-0.020001645782052404,1.34018635080906e-14,0.4,0.23568799999999804,1.6457820524048115e-06
1.2860625000001353,-0.020001645782052404,1.340802070561336e-14,0.4,0.23568799999999282,1.6457820524048115e-06
1.2870625000001366,-0.020001645782052404,1.3394635493607367e-14,0.4,0.23568799999999313,1.6457820524048115e-06
1.2880625000001378,-0.020001645782052404,1.3390352225765451e-14,0.4,0.23568800000000353,1.6457820524048115e-06
1.289062500000139,-0.020001645782052404,1.339115533848581e-14,0.4,0.2356880000000125,1.6457820524048115e-06
1.2900625000001402,-0.020001645782052404,1.3397018061344437e-14,0.4,0.23568799999999293,1.6457820524048115e-06
1.2910625000001414,-0.020001645782052404,1.3392172614598267e-14,0.4,0.23568800000000353,1.6457820524048115e-06
1.2920625000001427,-0.020001645782052404,1.3393350513254799e-14,0.4,0.2356880000000128,1.6457820524048115e-06
1.2930625000001439,-0.020001645782052404,1.3399132924841389e-14,0.4,0.23568799999999276,1.6457820524048115e-06
1.294062500000145,-0.020001645782052404,1.339415362597516e-14,0.4,0.23568800000000353,1.6457820524048115e-06
1.2950625000001463,-0.020001645782052404,1.3395277983783664e-14,0.4,0.23568799999999804,1.6457820524048115e-06
1.2960625000001476,-0.020001645782052404,1.3400953313674205e-14,0.4,0.23568799999999276,1.6457820524048115e-06
1.2970625000001488,-0.020001645782052404,1.3396402341592171e-14,0.4,0.23568800000000367,1.6457820524048115e-06
1.29806250000015,-0.020001645782052404,1.3397392847280616e-14,0.4,0.23568799999999798,1.6457820524048115e-06
1.2990625000001512,-0.020001645782052404,1.3403014636323134e-14,0.4,0.23568799999999276,1.6457820524048115e-06
1.3000625000001524,-0.020001645782052404,1.3398570745937147e-14,0.4,0.23568800000000384,1.6457820524048115e-06
1.3010625000001537,-0.020001645782052404,1.3385292615627203e-14,0.4,0.23568800000000348,1.6457820524048115e-06
1.3020625000001549,-0.020001645782052404,1.3386577595979783e-14,0.4,0.23568800000001267,1.6457820524048115e-06
1.303062500000156,-0.020001645782052404,1.3392467089262422e-14,0.4,0.23568799999999354,1.6457820524048115e-06
1.3040625000001573,-0.020001645782052404,1.3402291834874824e-14,0.4,0.23568799999999798,1.6457820524048115e-06
1.3050625000001586,-0.020001645782052404,1.3389174327108953e-14,0.4,0.2356880000000128,1.6457820524048115e-06
1.3060625000001598,-0.020001645782052404,1.3395117361239615e-14,0.4,0.2356879999999936,1.6457820524048115e-06
1.307062500000161,-0.020001645782052404,1.339019160322141e-14,0.4,0.2356880000000036,1.6457820524048115e-06
1.3080625000001622,-0.020001645782052404,1.3391637206118057e-14,0.4,0.23568799999999815,1.6457820524048115e-06
1.3090625000001634,-0.020001645782052404,1.3396964520496447e-14,0.4,0.23568799999999301,1.6457820524048115e-06
1.3100625000001647,-0.020001645782052404,1.3392600941382495e-14,0.4,0.23568800000000364,1.6457820524048115e-06
1.3110625000001659,-0.020001645782052404,1.3393885921735072e-14,0.4,0.2356879999999981,1.6457820524048115e-06
1.312062500000167,-0.020001645782052404,1.3399748644593697e-14,0.4,0.23568799999999301,1.6457820524048115e-06
1.3130625000001683,-0.020001645782052404,1.3395545688023817e-14,0.4,0.23568800000000378,1.6457820524048115e-06
1.3140625000001696,-0.020001645782052404,1.339621494862412e-14,0.4,0.23568799999999804,1.6457820524048115e-06
1.3150625000001708,-0.020001645782052404,1.3402157982754786e-14,0.4,0.23568799999999293,1.6457820524048115e-06
1.316062500000172,-0.020001645782052404,1.3397955026184904e-14,0.4,0.23568800000000373,1.6457820524048115e-06
1.3170625000001732,-0.020001645782052404,1.339907938399341e-14,0.4,0.23568799999999798,1.6457820524048115e-06
1.3180625000001744,-0.020001645782052404,1.3405290122364195e-14,0.4,0.23568799999999282,1.6457820524048115e-06
1.3190625000001757,-0.020001645782052404,1.3391931680782214e-14,0.4,0.23568799999999318,1.6457820524048115e-06
1.3200625000001769,-0.020001645782052404,1.3401809967242638e-14,0.4,0.23568799999999798,1.6457820524048115e-06
1.321062500000178,-0.020001645782052404,1.3388906622868861e-14,0.4,0.2356879999999981,1.6457820524048115e-06
1.3220625000001793,-0.020001645782052404,1.3403764208195518e-14,0.4,0.2356880000000039,1.6457820524048115e-06
1.3230625000001806,-0.020001645782052404,1.3405075958972104e-14,0.4,0.23568799999999795,1.6457820524048115e-06
1.3240625000001818,-0.020001645782052404,1.3391663976542103e-14,0.4,0.2356879999999981,1.6457820524048115e-06
1.325062500000183,-0.020001645782052404,1.3397847944488873e-14,0.4,0.2356879999999933,1.6457820524048115e-06
1.3260625000001842,-0.020001645782052404,1.3393430824526897e-14,0.4,0.23568800000000373,1.6457820524048115e-06
1.3270625000001854,-0.020001645782052404,1.3394796116151509e-14,0.4,0.23568799999999815,1.6457820524048115e-06
1.3280625000001867,-0.020001645782052404,1.3400471446042053e-14,0.4,0.2356879999999933,1.6457820524048115e-06
1.3290625000001879,-0.020001645782052404,1.3396295259896184e-14,0.4,0.23568800000000367,1.6457820524048115e-06
1.330062500000189,-0.020001645782052404,1.3397687321944809e-14,0.4,0.23568799999999804,1.6457820524048115e-06
1.3310625000001903,-0.020001645782052404,1.3384810747995043e-14,0.4,0.2356880000000128,1.6457820524048115e-06
1.3320625000001916,-0.020001645782052404,1.339918646568948e-14,0.4,0.23568800000000378,1.6457820524048115e-06
1.3330625000001928,-0.020001645782052404,1.3386336662163727e-14,0.4,0.23568800000000364,1.6457820524048115e-06
1.334062500000194,-0.020001645782052404,1.3388103510148521e-14,0.4,0.23568800000001214,1.6457820524048115e-06
1.3350625000001952,-0.020001645782052404,1.339356467664697e-14,0.4,0.23568799999999318,1.6457820524048115e-06
1.3360625000001964,-0.020001645782052404,1.338909401583697e-14,0.4,0.23568800000000364,1.6457820524048115e-06
1.3370625000001977,-0.020001645782052404,1.339000421025338e-14,0.4,0.2356879999999982,1.6457820524048115e-06
1.3380625000001989,-0.020001645782052404,1.3395545688023863e-14,0.4,0.23568799999999313,1.6457820524048115e-06
1.3390625000002,-0.020001645782052404,1.3391262420181948e-14,0.4,0.23568800000000353,1.6457820524048115e-06
1.3400625000002013,-0.020001645782052404,1.3392440318838479e-14,0.4,0.2356880000000128,1.6457820524048115e-06
1.3410625000002026,-0.020001645782052404,1.3398276271273092e-14,0.4,0.23568799999999313,1.6457820524048115e-06
1.3420625000002038,-0.020001645782052404,1.3393966233007165e-14,0.4,0.23568800000000367,1.6457820524048115e-06
1.343062500000205,-0.020001645782052404,1.3395277983783754e-14,0.4,0.23568799999999804,1.6457820524048115e-06
1.3440625000002062,-0.020001645782052404,1.3400712379858189e-14,0.4,0.23568799999999318,1.6457820524048115e-06
1.3450625000002074,-0.020001645782052404,1.3396455882440284e-14,0.4,0.23568800000000364,1.6457820524048115e-06
1.3460625000002087,-0.020001645782052404,1.3397955026184957e-14,0.4,0.23568799999999804,1.6457820524048115e-06
1.3470625000002099,-0.020001645782052404,1.340403191243568e-14,0.4,0.23568799999999301,1.6457820524048115e-06
1.348062500000211,-0.020001645782052404,1.3399454169929634e-14,0.4,0.23568800000000378,1.6457820524048115e-06
1.3490625000002123,-0.020001645782052404,1.3400792691130237e-14,0.4,0.23568799999999795,1.6457820524048115e-06
1.3500625000002136,-0.020001645782052404,1.3387327167852208e-14,0.4,0.23568799999999815,1.6457820524048115e-06
1.3510625000002148,-0.020001645782052404,1.3393564676647001e-14,0.4,0.23568799999999362,1.6457820524048115e-06
1.352062500000216,-0.020001645782052404,1.3403576815227489e-14,0.4,0.23568799999999795,1.6457820524048115e-06
1.3530625000002172,-0.020001645782052404,1.3390271914493532e-14,0.4,0.2356879999999981,1.6457820524048115e-06
1.3540625000002184,-0.020001645782052404,1.3396348800744253e-14,0.4,0.23568799999999354,1.6457820524048115e-06
1.3550625000002197,-0.020001645782052404,1.3392038762478326e-14,0.4,0.23568800000000364,1.6457820524048115e-06
1.3560625000002209,-0.020001645782052404,1.3393404054102941e-14,0.4,0.2356880000000128,1.6457820524048115e-06
1.357062500000222,-0.020001645782052404,1.339932031780959e-14,0.4,0.23568799999999318,1.6457820524048115e-06
1.3580625000002233,-0.020001645782052404,1.3394769345727554e-14,0.4,0.23568800000000367,1.6457820524048115e-06
1.3590625000002245,-0.020001645782052404,1.3396241719048215e-14,0.4,0.2356879999999981,1.6457820524048115e-06
1.3600625000002258,-0.020001645782052404,1.3402157982754866e-14,0.4,0.23568799999999293,1.6457820524048115e-06
1.361062500000227,-0.020001645782052404,1.3397955026184984e-14,0.4,0.23568800000000373,1.6457820524048115e-06
1.3620625000002282,-0.020001645782052404,1.339907938399349e-14,0.4,0.23568799999999798,1.6457820524048115e-06
1.3630625000002294,-0.020001645782052404,1.3405290122364275e-14,0.4,0.23568799999999282,1.6457820524048115e-06
1.3640625000002307,-0.020001645782052404,1.3391931680782294e-14,0.4,0.23568799999999318,1.6457820524048115e-06
1.3650625000002319,-0.020001645782052404,1.3401809967242719e-14,0.4,0.23568799999999798,1.6457820524048115e-06
1.366062500000233,-0.020001645782052404,1.3407913623917453e-14,0.4,0.2356879999999927,1.6457820524048115e-06
1.3670625000002343,-0.020001645782052404,1.3394796116151581e-14,0.4,0.2356879999999933,1.6457820524048115e-06
1.3680625000002355,-0.020001645782052404,1.3405075958972185e-14,0.4,0.23568799999999795,1.6457820524048115e-06
1.3690625000002368,-0.020001645782052404,1.3392092303326371e-14,0.4,0.23568799999999815,1.6457820524048115e-06
1.370062500000238,-0.020001645782052404,1.3397687321944878e-14,0.4,0.23568799999999301,1.6457820524048115e-06
1.3710625000002392,-0.020001645782052404,1.339380561046314e-14,0.4,0.23568800000000373,1.6457820524048115e-06
1.3720625000002404,-0.020001645782052404,1.3394662264031527e-14,0.4,0.23568799999999804,1.6457820524048115e-06
1.3730625000002417,-0.020001645782052404,1.3401060395370393e-14,0.4,0.23568799999999282,1.6457820524048115e-06
1.3740625000002429,-0.020001645782052404,1.339640234159231e-14,0.4,0.23568800000000378,1.6457820524048115e-06
1.375062500000244,-0.020001645782052404,1.3396803897952492e-14,0.4,0.23568799999999798,1.6457820524048115e-06
1.3760625000002453,-0.020001645782052404,1.3384034405698777e-14,0.4,0.23568800000001267,1.6457820524048115e-06
1.3770625000002465,-0.020001645782052404,1.3398303041697169e-14,0.4,0.23568800000000378,1.6457820524048115e-06
1.3780625000002478,-0.020001645782052404,1.3399641562897772e-14,0.4,0.23568799999999798,1.6457820524048115e-06
1.379062500000249,-0.020001645782052404,1.338695238191609e-14,0.4,0.23568800000001214,1.6457820524048115e-06
1.3800625000002502,-0.020001645782052404,1.3401301329186518e-14,0.4,0.23568800000000384,1.6457820524048115e-06
1.3810625000002514,-0.020001645782052404,1.3388451525660765e-14,0.4,0.23568800000000337,1.6457820524048115e-06
1.3820625000002527,-0.020001645782052404,1.3408234869005624e-14,0.4,0.23568799999999265,1.6457820524048115e-06
1.3830625000002539,-0.020001645782052404,1.3403790978619636e-14,0.4,0.23568800000000384,1.6457820524048115e-06
1.384062500000255,-0.020001645782052404,1.3391048256789933e-14,0.4,0.2356880000000036,1.6457820524048115e-06
1.3850625000002563,-0.020001645782052404,1.3392226155446463e-14,0.4,0.23568799999999815,1.6457820524048115e-06
1.3860625000002575,-0.020001645782052404,1.3397955026185031e-14,0.4,0.23568799999999301,1.6457820524048115e-06
1.3870625000002588,-0.020001645782052404,1.3393778840039164e-14,0.4,0.23568800000000348,1.6457820524048115e-06
1.38806250000026,-0.020001645782052404,1.3394581952759524e-14,0.4,0.23568799999999804,1.6457820524048115e-06
1.3890625000002612,-0.020001645782052404,1.3400712379858271e-14,0.4,0.23568799999999293,1.6457820524048115e-06
1.3900625000002624,-0.020001645782052404,1.3396455882440369e-14,0.4,0.23568800000000367,1.6457820524048115e-06
1.3910625000002637,-0.020001645782052404,1.3397687321944919e-14,0.4,0.23568799999999804,1.6457820524048115e-06
1.3920625000002649,-0.020001645782052404,1.3403496503955524e-14,0.4,0.23568799999999293,1.6457820524048115e-06
1.393062500000266,-0.020001645782052404,1.339051284830971e-14,0.4,0.2356879999999933,1.6457820524048115e-06
1.3940625000002673,-0.020001645782052404,1.3400471446042172e-14,0.4,0.23568799999999798,1.6457820524048115e-06
1.3950625000002685,-0.020001645782052404,1.3406789266109e-14,0.4,0.23568799999999282,1.6457820524048115e-06
1.3960625000002698,-0.020001645782052404,1.3393323742830975e-14,0.4,0.23568799999999318,1.6457820524048115e-06
1.397062500000271,-0.020001645782052404,1.340357681522757e-14,0.4,0.23568799999999795,1.6457820524048115e-06
1.3980625000002722,-0.020001645782052404,1.3390271914493612e-14,0.4,0.2356879999999981,1.6457820524048115e-06
1.3990625000002734,-0.020001645782052404,1.3396348800744334e-14,0.4,0.23568799999999354,1.6457820524048115e-06
1.4000625000002747,-0.020001645782052404,1.3392038762478406e-14,0.4,0.23568800000000364,1.6457820524048115e-06
1.4010625000002759,-0.020001645782052404,1.3393404054103021e-14,0.4,0.2356880000000128,1.6457820524048115e-06
1.402062500000277,-0.020001645782052404,1.339932031780967e-14,0.4,0.23568799999999318,1.6457820524048115e-06
1.4030625000002783,-0.020001645782052404,1.3394849656999671e-14,0.4,0.23568800000000378,1.6457820524048115e-06
1.4040625000002795,-0.020001645782052404,1.3395733080992067e-14,0.4,0.23568799999999804,1.6457820524048115e-06
1.4050625000002808,-0.020001645782052404,1.3402157982754946e-14,0.4,0.23568799999999293,1.6457820524048115e-06
1.406062500000282,-0.020001645782052404,1.339790148533704e-14,0.4,0.23568800000000367,1.6457820524048115e-06
1.4070625000002832,-0.020001645782052404,1.3399293547385664e-14,0.4,0.2356879999999981,1.6457820524048115e-06
1.4080625000002844,-0.020001645782052404,1.338601541707572e-14,0.4,0.2356880000000128,1.6457820524048115e-06
1.4090625000002857,-0.020001645782052404,1.3392252925870514e-14,0.4,0.2356879999999933,1.6457820524048115e-06
1.4100625000002869,-0.020001645782052404,1.3402050901058904e-14,0.4,0.23568799999999798,1.6457820524048115e-06
1.411062500000288,-0.020001645782052404,1.338944203134926e-14,0.4,0.23568800000001214,1.6457820524048115e-06
1.4120625000002893,-0.020001645782052404,1.3394769345727648e-14,0.4,0.23568799999999354,1.6457820524048115e-06
1.4130625000002905,-0.020001645782052404,1.3389763276437408e-14,0.4,0.2356880000000036,1.6457820524048115e-06
1.4140625000002918,-0.020001645782052404,1.3391396272302142e-14,0.4,0.2356880000000125,1.6457820524048115e-06
1.415062500000293,-0.020001645782052404,1.3396803897952566e-14,0.4,0.23568799999999301,1.6457820524048115e-06
1.4160625000002942,-0.020001645782052404,1.3392600941382688e-14,0.4,0.23568800000000364,1.6457820524048115e-06
1.4170625000002954,-0.020001645782052404,1.3393537906223107e-14,0.4,0.23568799999999815,1.6457820524048115e-06
1.4180625000002967,-0.020001645782052404,1.3399507710777784e-14,0.4,0.23568799999999318,1.6457820524048115e-06
1.4190625000002979,-0.020001645782052404,1.339538506547994e-14,0.4,0.23568800000000373,1.6457820524048115e-06
1.420062500000299,-0.020001645782052404,1.3396482652864435e-14,0.4,0.23568799999999804,1.6457820524048115e-06
1.4210625000003003,-0.020001645782052404,1.3402372146147074e-14,0.4,0.23568799999999282,1.6457820524048115e-06
1.4220625000003015,-0.020001645782052404,1.3388826311597011e-14,0.4,0.23568799999999354,1.6457820524048115e-06
1.4230625000003028,-0.020001645782052404,1.3398838450177495e-14,0.4,0.23568799999999798,1.6457820524048115e-06
1.424062500000304,-0.020001645782052404,1.338550677901953e-14,0.4,0.23568799999999826,1.6457820524048115e-06
1.4250625000003052,-0.020001645782052404,1.3399347088233725e-14,0.4,0.23568800000000378,1.6457820524048115e-06
1.4260625000003064,-0.020001645782052404,1.340031082349816e-14,0.4,0.23568799999999798,1.6457820524048115e-06
1.4270625000003077,-0.020001645782052404,1.3387407479124385e-14,0.4,0.23568800000001225,1.6457820524048115e-06
1.4280625000003089,-0.020001645782052404,1.3401729655970798e-14,0.4,0.23568800000000384,1.6457820524048115e-06
1.42906250000031,-0.020001645782052404,1.3388665689052951e-14,0.4,0.23568800000000373,1.6457820524048115e-06
1.4300625000003113,-0.020001645782052404,1.3408368721125772e-14,0.4,0.23568799999999263,1.6457820524048115e-06
1.4310625000003125,-0.020001645782052404,1.3394635493607625e-14,0.4,0.23568799999999313,1.6457820524048115e-06
1.4320625000003138,-0.020001645782052404,1.3390539618733796e-14,0.4,0.23568800000000364,1.6457820524048115e-06
1.433062500000315,-0.020001645782052404,1.3391449813150207e-14,0.4,0.2356879999999981,1.6457820524048115e-06
1.4340625000003162,-0.020001645782052404,1.3397553469824943e-14,0.4,0.23568799999999313,1.6457820524048115e-06
1.4350625000003174,-0.020001645782052404,1.3407083740773213e-14,0.4,0.23568799999999795,1.6457820524048115e-06
1.4360625000003187,-0.020001645782052404,1.33941000851274e-14,0.4,0.23568800000001267,1.6457820524048115e-06
1.4370625000003199,-0.020001645782052404,1.3399614792473871e-14,0.4,0.23568799999999313,1.6457820524048115e-06
1.438062500000321,-0.020001645782052404,1.3395438606328003e-14,0.4,0.23568800000000384,1.6457820524048115e-06
1.4390625000003223,-0.020001645782052404,1.3396000785232255e-14,0.4,0.2356879999999981,1.6457820524048115e-06
1.4400625000003235,-0.020001645782052404,1.3401917048938905e-14,0.4,0.23568799999999313,1.6457820524048115e-06
1.4410625000003248,-0.020001645782052404,1.339725899516082e-14,0.4,0.23568800000000384,1.6457820524048115e-06
1.442062500000326,-0.020001645782052404,1.339830304169729e-14,0.4,0.23568799999999804,1.6457820524048115e-06
1.4430625000003272,-0.020001645782052404,1.3404219305403941e-14,0.4,0.23568799999999293,1.6457820524048115e-06
1.4440625000003284,-0.020001645782052404,1.3399293547385736e-14,0.4,0.2356880000000039,1.6457820524048115e-06
1.4450625000003297,-0.020001645782052404,1.340028405307418e-14,0.4,0.23568799999999804,1.6457820524048115e-06
1.4460625000003309,-0.020001645782052404,1.3386872070644175e-14,0.4,0.2356880000000128,1.6457820524048115e-06
1.447062500000332,-0.020001645782052404,1.339257417095873e-14,0.4,0.2356879999999933,1.6457820524048115e-06
1.4480625000003333,-0.020001645782052404,1.3402532768691191e-14,0.4,0.23568799999999798,1.6457820524048115e-06
1.4490625000003345,-0.020001645782052404,1.340855611409389e-14,0.4,0.23568799999999246,1.6457820524048115e-06
1.4500625000003358,-0.020001645782052404,1.3403737437771735e-14,0.4,0.23568800000000378,1.6457820524048115e-06
1.451062500000337,-0.020001645782052404,1.3390218373645683e-14,0.4,0.23568800000000364,1.6457820524048115e-06
1.4520625000003382,-0.020001645782052404,1.3391449813150238e-14,0.4,0.2356879999999981,1.6457820524048115e-06
1.4530625000003394,-0.020001645782052404,1.3397553469824974e-14,0.4,0.23568799999999313,1.6457820524048115e-06
1.4540625000003407,-0.020001645782052404,1.3393029268166951e-14,0.4,0.23568800000000364,1.6457820524048115e-06
1.4550625000003419,-0.020001645782052404,1.3394100085127434e-14,0.4,0.2356879999999981,1.6457820524048115e-06
1.456062500000343,-0.020001645782052404,1.3400444675618276e-14,0.4,0.23568799999999293,1.6457820524048115e-06
1.4570625000003443,-0.020001645782052404,1.3395197672511926e-14,0.4,0.23568800000000373,1.6457820524048115e-06
1.4580625000003455,-0.020001645782052404,1.3396616504984561e-14,0.4,0.2356879999999981,1.6457820524048115e-06
1.4590625000003468,-0.020001645782052404,1.3402104441907022e-14,0.4,0.23568799999999293,1.6457820524048115e-06
1.460062500000348,-0.020001645782052404,1.3388879852445103e-14,0.4,0.23568799999999349,1.6457820524048115e-06
1.4610625000003492,-0.020001645782052404,1.3398891991025588e-14,0.4,0.23568799999999804,1.6457820524048115e-06
1.4620625000003504,-0.020001645782052404,1.340510272939637e-14,0.4,0.2356879999999927,1.6457820524048115e-06
1.4630625000003517,-0.020001645782052404,1.3391824599086425e-14,0.4,0.2356879999999933,1.6457820524048115e-06
1.4640625000003529,-0.020001645782052404,1.340140841088272e-14,0.4,0.23568799999999798,1.6457820524048115e-06
1.465062500000354,-0.020001645782052404,1.3388317673540862e-14,0.4,0.2356880000000126,1.6457820524048115e-06
1.4660625000003553,-0.020001645782052404,1.3403094947595479e-14,0.4,0.23568800000000384,1.6457820524048115e-06
1.4670625000003565,-0.020001645782052404,1.3389816817285538e-14,0.4,0.23568800000000364,1.6457820524048115e-06
1.4680625000003578,-0.020001645782052404,1.3391369501878235e-14,0.4,0.23568800000001267,1.6457820524048115e-06
1.469062500000359,-0.020001645782052404,1.3397018061344765e-14,0.4,0.23568799999999301,1.6457820524048115e-06
1.4700625000003602,-0.020001645782052404,1.3393002497742967e-14,0.4,0.23568800000000348,1.6457820524048115e-06
1.4710625000003614,-0.020001645782052404,1.3393885921735366e-14,0.4,0.2356879999999981,1.6457820524048115e-06
1.4720625000003627,-0.020001645782052404,1.3399989578410103e-14,0.4,0.23568799999999318,1.6457820524048115e-06
1.4730625000003639,-0.020001645782052404,1.339578662184022e-14,0.4,0.23568800000000367,1.6457820524048115e-06
1.474062500000365,-0.020001645782052404,1.3396670045832618e-14,0.4,0.23568799999999804,1.6457820524048115e-06
1.4750625000003663,-0.020001645782052404,1.3384034405698961e-14,0.4,0.23568800000001267,1.6457820524048115e-06
1.4760625000003675,-0.020001645782052404,1.3398517205089448e-14,0.4,0.23568800000000378,1.6457820524048115e-06
1.4770625000003688,-0.020001645782052404,1.3399855726290048e-14,0.4,0.23568799999999804,1.6457820524048115e-06
1.47806250000037,-0.020001645782052404,1.3386872070644238e-14,0.4,0.23568800000001244,1.6457820524048115e-06
1.4790625000003712,-0.020001645782052404,1.3392333237142684e-14,0.4,0.23568799999999313,1.6457820524048115e-06
1.4800625000003724,-0.020001645782052404,1.3388424755236937e-14,0.4,0.23568800000000364,1.6457820524048115e-06
1.4810625000003736,-0.020001645782052404,1.3389736506013523e-14,0.4,0.2356879999999981,1.6457820524048115e-06
1.4820625000003749,-0.020001645782052404,1.3404540550492153e-14,0.4,0.23568800000000403,1.6457820524048115e-06
1.483062500000376,-0.020001645782052404,1.3391315961030232e-14,0.4,0.23568800000000364,1.6457820524048115e-06
1.4840625000003773,-0.020001645782052404,1.3392788334350893e-14,0.4,0.23568799999999815,1.6457820524048115e-06
1.4850625000003785,-0.020001645782052404,1.3398543975513474e-14,0.4,0.23568799999999313,1.6457820524048115e-06
1.4860625000003798,-0.020001645782052404,1.3394100085127486e-14,0.4,0.23568800000000373,1.6457820524048115e-06
1.487062500000381,-0.020001645782052404,1.3395090590815932e-14,0.4,0.23568799999999804,1.6457820524048115e-06
1.4880625000003822,-0.020001645782052404,1.3400524986890367e-14,0.4,0.23568799999999313,1.6457820524048115e-06
1.4890625000003834,-0.020001645782052404,1.33963488007445e-14,0.4,0.23568800000000384,1.6457820524048115e-06
1.4900625000003846,-0.020001645782052404,1.3397392847280971e-14,0.4,0.23568799999999804,1.6457820524048115e-06
1.4910625000003859,-0.020001645782052404,1.3403657126499776e-14,0.4,0.2356879999999927,1.6457820524048115e-06
1.492062500000387,-0.020001645782052404,1.339019160322175e-14,0.4,0.2356879999999933,1.6457820524048115e-06
1.4930625000003883,-0.020001645782052404,1.340041790519433e-14,0.4,0.23568799999999798,1.6457820524048115e-06
1.4940625000003895,-0.020001645782052404,1.338692561149229e-14,0.4,0.2356880000000126,1.6457820524048115e-06
1.4950625000003908,-0.020001645782052404,1.3392681252654867e-14,0.4,0.2356879999999933,1.6457820524048115e-06
1.496062500000392,-0.020001645782052404,1.3388585377781036e-14,0.4,0.23568800000000364,1.6457820524048115e-06
1.4970625000003932,-0.020001645782052404,1.3409278915542303e-14,0.4,0.23568799999999282,1.6457820524048115e-06
1.4980625000003944,-0.020001645782052404,1.3395840162688289e-14,0.4,0.23568799999999349,1.6457820524048115e-06
1.4990625000003956,-0.020001645782052404,1.3405932612540812e-14,0.4,0.23568799999999798,1.6457820524048115e-06
1.5000625000003969,-0.020001645782052404,1.3392306466718712e-14,0.4,0.2356879999999981,1.6457820524048115e-06
1.501062500000398,-0.020001645782052404,1.3398704598057578e-14,0.4,0.23568799999999313,1.6457820524048115e-06
1.5020625000003993,-0.020001645782052404,1.339439455979165e-14,0.4,0.2356880000000036,1.6457820524048115e-06
1.5030625000004005,-0.020001645782052404,1.3395331524632071e-14,0.4,0.23568799999999804,1.6457820524048115e-06
1.5040625000004018,-0.020001645782052404,1.3401542263002853e-14,0.4,0.23568799999999301,1.6457820524048115e-06
1.505062500000403,-0.020001645782052404,1.3397125143040877e-14,0.4,0.23568800000000384,1.6457820524048115e-06
1.5060625000004042,-0.020001645782052404,1.3398356582545433e-14,0.4,0.23568799999999804,1.6457820524048115e-06
1.5070625000004054,-0.020001645782052404,1.3385346156475606e-14,0.4,0.2356880000000128,1.6457820524048115e-06
1.5080625000004066,-0.020001645782052404,1.3399855726290106e-14,0.4,0.23568800000000378,1.6457820524048115e-06
1.5090625000004079,-0.020001645782052404,1.3387059463612377e-14,0.4,0.2356880000000036,1.6457820524048115e-06
1.510062500000409,-0.020001645782052404,1.3407512067557538e-14,0.4,0.2356879999999927,1.6457820524048115e-06
1.5110625000004103,-0.020001645782052404,1.340309494759556e-14,0.4,0.23568800000000384,1.6457820524048115e-06
1.5120625000004115,-0.020001645782052404,1.3389816817285618e-14,0.4,0.23568800000000364,1.6457820524048115e-06
1.5130625000004128,-0.020001645782052404,1.3391369501878315e-14,0.4,0.23568800000001267,1.6457820524048115e-06
1.514062500000414,-0.020001645782052404,1.3397018061344846e-14,0.4,0.23568799999999301,1.6457820524048115e-06
1.5150625000004152,-0.020001645782052404,1.3393002497743048e-14,0.4,0.23568800000000348,1.6457820524048115e-06
1.5160625000004164,-0.020001645782052404,1.3393993003431495e-14,0.4,0.2356880000000126,1.6457820524048115e-06
1.5170625000004176,-0.020001645782052404,1.339982895586611e-14,0.4,0.23568799999999313,1.6457820524048115e-06
1.5180625000004189,-0.020001645782052404,1.33957866218403e-14,0.4,0.23568800000000367,1.6457820524048115e-06
1.51906250000042,-0.020001645782052404,1.339715191346491e-14,0.4,0.23568799999999804,1.6457820524048115e-06
1.5200625000004213,-0.020001645782052404,1.3402827243355454e-14,0.4,0.23568799999999293,1.6457820524048115e-06
1.5210625000004225,-0.020001645782052404,1.338984358770964e-14,0.4,0.23568799999999313,1.6457820524048115e-06
1.5220625000004238,-0.020001645782052404,1.3399802185442103e-14,0.4,0.23568799999999798,1.6457820524048115e-06
1.523062500000425,-0.020001645782052404,1.3386979152340362e-14,0.4,0.2356880000000128,1.6457820524048115e-06
1.5240625000004262,-0.020001645782052404,1.3392600941382883e-14,0.4,0.23568799999999318,1.6457820524048115e-06
1.5250625000004274,-0.020001645782052404,1.3388264132692943e-14,0.4,0.23568800000000337,1.6457820524048115e-06
1.5260625000004286,-0.020001645782052404,1.3388906622869232e-14,0.4,0.2356879999999981,1.6457820524048115e-06
1.5270625000004299,-0.020001645782052404,1.3394662264031813e-14,0.4,0.23568799999999338,1.6457820524048115e-06
1.528062500000431,-0.020001645782052404,1.3404781484308347e-14,0.4,0.23568799999999798,1.6457820524048115e-06
1.5290625000004323,-0.020001645782052404,1.3391637206118461e-14,0.4,0.23568799999999815,1.6457820524048115e-06
1.5300625000004335,-0.020001645782052404,1.3397499928977091e-14,0.4,0.23568799999999318,1.6457820524048115e-06
1.5310625000004348,-0.020001645782052404,1.3393377283679245e-14,0.4,0.23568800000000378,1.6457820524048115e-06
1.532062500000436,-0.020001645782052404,1.3394126855551582e-14,0.4,0.2356880000000128,1.6457820524048115e-06
1.5330625000004372,-0.020001645782052404,1.3399962807986196e-14,0.4,0.23568799999999318,1.6457820524048115e-06
1.5340625000004384,-0.020001645782052404,1.3396054326080449e-14,0.4,0.23568800000000373,1.6457820524048115e-06
1.5350625000004396,-0.020001645782052404,1.3397285765585002e-14,0.4,0.23568799999999804,1.6457820524048115e-06
1.5360625000004409,-0.020001645782052404,1.3403094947595607e-14,0.4,0.23568799999999293,1.6457820524048115e-06
1.537062500000442,-0.020001645782052404,1.3398811679753692e-14,0.4,0.23568800000000384,1.6457820524048115e-06
1.5380625000004433,-0.020001645782052404,1.3385533549443747e-14,0.4,0.23568800000000353,1.6457820524048115e-06
1.5390625000004445,-0.020001645782052404,1.3387407479124587e-14,0.4,0.235688000000012,1.6457820524048115e-06
1.5400625000004458,-0.020001645782052404,1.3401595803850944e-14,0.4,0.23568800000000384,1.6457820524048115e-06
1.541062500000447,-0.020001645782052404,1.3388424755237047e-14,0.4,0.23568800000000364,1.6457820524048115e-06
1.5420625000004482,-0.020001645782052404,1.3390111291949803e-14,0.4,0.23568800000001214,1.6457820524048115e-06
1.5430625000004494,-0.020001645782052404,1.3395545688024238e-14,0.4,0.23568799999999313,1.6457820524048115e-06
1.5440625000004506,-0.020001645782052404,1.3405745219572809e-14,0.4,0.23568799999999795,1.6457820524048115e-06
1.5450625000004519,-0.020001645782052404,1.3392734793502983e-14,0.4,0.2356880000000128,1.6457820524048115e-06
1.546062500000453,-0.020001645782052404,1.339830304169748e-14,0.4,0.23568799999999313,1.6457820524048115e-06
1.5470625000004543,-0.020001645782052404,1.339439455979173e-14,0.4,0.2356880000000036,1.6457820524048115e-06
1.5480625000004555,-0.020001645782052404,1.3395331524632151e-14,0.4,0.23568799999999804,1.6457820524048115e-06
1.5490625000004568,-0.020001645782052404,1.3401542263002933e-14,0.4,0.23568799999999301,1.6457820524048115e-06
1.550062500000458,-0.020001645782052404,1.3397125143040958e-14,0.4,0.23568800000000384,1.6457820524048115e-06
1.5510625000004592,-0.020001645782052404,1.3398356582545513e-14,0.4,0.23568799999999804,1.6457820524048115e-06
1.5520625000004604,-0.020001645782052404,1.3385346156475687e-14,0.4,0.2356880000000128,1.6457820524048115e-06
1.5530625000004616,-0.020001645782052404,1.3399855726290187e-14,0.4,0.23568800000000373,1.6457820524048115e-06
1.5540625000004629,-0.020001645782052404,1.3400873002402642e-14,0.4,0.23568799999999798,1.6457820524048115e-06
1.555062500000464,-0.020001645782052404,1.3388317673541023e-14,0.4,0.2356880000000126,1.6457820524048115e-06
1.5560625000004653,-0.020001645782052404,1.340309494759564e-14,0.4,0.2356880000000039,1.6457820524048115e-06
1.5570625000004665,-0.020001645782052404,1.339029868491791e-14,0.4,0.23568800000000353,1.6457820524048115e-06
1.5580625000004678,-0.020001645782052404,1.33909411750942e-14,0.4,0.2356879999999981,1.6457820524048115e-06
1.559062500000469,-0.020001645782052404,1.3397392847281089e-14,0.4,0.23568799999999301,1.6457820524048115e-06
1.5600625000004702,-0.020001645782052404,1.3392761563927019e-14,0.4,0.23568800000000367,1.6457820524048115e-06
1.5610625000004714,-0.020001645782052404,1.3394126855551631e-14,0.4,0.23568799999999815,1.6457820524048115e-06
1.5620625000004726,-0.020001645782052404,1.3400043119258283e-14,0.4,0.23568799999999293,1.6457820524048115e-06
1.5630625000004739,-0.020001645782052404,1.339484965699996e-14,0.4,0.23568800000000384,1.6457820524048115e-06
1.564062500000475,-0.020001645782052404,1.3396241719048586e-14,0.4,0.2356879999999981,1.6457820524048115e-06
1.5650625000004763,-0.020001645782052404,1.3401943819363142e-14,0.4,0.23568799999999293,1.6457820524048115e-06
1.5660625000004775,-0.020001645782052404,1.339768732194524e-14,0.4,0.23568800000000384,1.6457820524048115e-06
1.5670625000004788,-0.020001645782052404,1.3398651057209671e-14,0.4,0.23568799999999798,1.6457820524048115e-06
1.56806250000048,-0.020001645782052404,1.3404995647700515e-14,0.4,0.23568799999999282,1.6457820524048115e-06
1.5690625000004812,-0.020001645782052404,1.3391690746966557e-14,0.4,0.23568799999999374,1.6457820524048115e-06
1.5700625000004824,-0.020001645782052404,1.3401140706642789e-14,0.4,0.23568799999999804,1.6457820524048115e-06
1.5710625000004836,-0.020001645782052404,1.3407485297133633e-14,0.4,0.23568799999999282,1.6457820524048115e-06
1.5720625000004849,-0.020001645782052404,1.3394501641487822e-14,0.4,0.2356879999999933,1.6457820524048115e-06
1.573062500000486,-0.020001645782052404,1.3390432537038002e-14,0.4,0.23568800000000353,1.6457820524048115e-06
1.5740625000004873,-0.020001645782052404,1.3391208879334353e-14,0.4,0.2356879999999981,1.6457820524048115e-06
1.5750625000004885,-0.020001645782052404,1.3397125143041005e-14,0.4,0.23568799999999349,1.6457820524048115e-06
1.5760625000004898,-0.020001645782052404,1.3392681252655016e-14,0.4,0.23568800000000373,1.6457820524048115e-06
1.577062500000491,-0.020001645782052404,1.3393885921735557e-14,0.4,0.2356879999999981,1.6457820524048115e-06
1.5780625000004922,-0.020001645782052404,1.3399989578410294e-14,0.4,0.23568799999999318,1.6457820524048115e-06
1.5790625000004934,-0.020001645782052404,1.339578662184041e-14,0.4,0.23568800000000367,1.6457820524048115e-06
1.5800625000004946,-0.020001645782052404,1.3396670045832809e-14,0.4,0.23568799999999804,1.6457820524048115e-06
1.5810625000004959,-0.020001645782052404,1.3384034405699152e-14,0.4,0.23568800000001267,1.6457820524048115e-06
1.582062500000497,-0.020001645782052404,1.339851720508964e-14,0.4,0.23568800000000378,1.6457820524048115e-06
1.5830625000004983,-0.020001645782052404,1.3399855726290239e-14,0.4,0.23568799999999804,1.6457820524048115e-06
1.5840625000004995,-0.020001645782052404,1.3386738218524368e-14,0.4,0.2356880000000128,1.6457820524048115e-06
1.5850625000005008,-0.020001645782052404,1.3401595803851025e-14,0.4,0.23568800000000384,1.6457820524048115e-06
1.586062500000502,-0.020001645782052404,1.3388424755237128e-14,0.4,0.23568800000000364,1.6457820524048115e-06
1.5870625000005032,-0.020001645782052404,1.3390111291949883e-14,0.4,0.23568800000001214,1.6457820524048115e-06
1.5880625000005044,-0.020001645782052404,1.3395545688024319e-14,0.4,0.23568799999999313,1.6457820524048115e-06
1.5890625000005056,-0.020001645782052404,1.340574521957289e-14,0.4,0.23568799999999795,1.6457820524048115e-06
1.5900625000005069,-0.020001645782052404,1.3392734793503063e-14,0.4,0.2356880000000128,1.6457820524048115e-06
1.591062500000508,-0.020001645782052404,1.3398490434665644e-14,0.4,0.23568799999999293,1.6457820524048115e-06
1.5920625000005093,-0.020001645782052404,1.3393832380887558e-14,0.4,0.23568800000000373,1.6457820524048115e-06
1.5930625000005105,-0.020001645782052404,1.3395331524632232e-14,0.4,0.23568799999999804,1.6457820524048115e-06
1.5940625000005118,-0.020001645782052404,1.3401435181306965e-14,0.4,0.23568799999999313,1.6457820524048115e-06
1.595062500000513,-0.020001645782052404,1.3397446388129179e-14,0.4,0.2356880000000036,1.6457820524048115e-06
1.5960625000005142,-0.020001645782052404,1.3398356582545587e-14,0.4,0.23568799999999798,1.6457820524048115e-06
1.5970625000005154,-0.020001645782052404,1.3385774483259956e-14,0.4,0.2356880000000126,1.6457820524048115e-06
1.5980625000005166,-0.020001645782052404,1.3400096660106372e-14,0.4,0.23568800000000378,1.6457820524048115e-06
1.5990625000005179,-0.020001645782052404,1.3401140706642841e-14,0.4,0.23568799999999798,1.6457820524048115e-06
1.600062500000519,-0.020001645782052404,1.3388531836933197e-14,0.4,0.23568800000001214,1.6457820524048115e-06
1.6010625000005203,-0.020001645782052404,1.3393216661135297e-14,0.4,0.2356879999999933,1.6457820524048115e-06
1.6020625000005215,-0.020001645782052404,1.3403442963107879e-14,0.4,0.23568799999999798,1.6457820524048115e-06
1.6030625000005227,-0.020001645782052404,1.3390057751101888e-14,0.4,0.2356879999999981,1.6457820524048115e-06
1.604062500000524,-0.020001645782052404,1.33961078669286e-14,0.4,0.23568799999999318,1.6457820524048115e-06
1.6050625000005252,-0.020001645782052404,1.3391744287814646e-14,0.4,0.23568800000000353,1.6457820524048115e-06
1.6060625000005264,-0.020001645782052404,1.3392922186471177e-14,0.4,0.2356880000000128,1.6457820524048115e-06
1.6070625000005276,-0.020001645782052404,1.3398972302297889e-14,0.4,0.23568799999999301,1.6457820524048115e-06
1.6080625000005289,-0.020001645782052404,1.3394581952759927e-14,0.4,0.23568800000000367,1.6457820524048115e-06
1.60906250000053,-0.020001645782052404,1.3395438606328312e-14,0.4,0.23568799999999815,1.6457820524048115e-06
1.6100625000005313,-0.020001645782052404,1.338258880280256e-14,0.4,0.23568800000001214,1.6457820524048115e-06
1.6110625000005325,-0.020001645782052404,1.3396884209224962e-14,0.4,0.23568800000000378,1.6457820524048115e-06
1.6120625000005337,-0.020001645782052404,1.3383820242307116e-14,0.4,0.23568800000000328,1.6457820524048115e-06
1.613062500000535,-0.020001645782052404,1.3402987865899698e-14,0.4,0.23568799999999293,1.6457820524048115e-06
1.6140625000005362,-0.020001645782052404,1.3398356582545628e-14,0.4,0.23568800000000384,1.6457820524048115e-06
1.6150625000005374,-0.020001645782052404,1.3399213236114014e-14,0.4,0.23568799999999804,1.6457820524048115e-06
1.6160625000005386,-0.020001645782052404,1.3405423974484794e-14,0.4,0.23568799999999282,1.6457820524048115e-06
1.6170625000005399,-0.020001645782052404,1.33922529258709e-14,0.4,0.23568799999999301,1.6457820524048115e-06
1.618062500000541,-0.020001645782052404,1.3401247788338927e-14,0.4,0.23568799999999804,1.6457820524048115e-06
1.6190625000005423,-0.020001645782052404,1.3387996428452995e-14,0.4,0.2356879999999981,1.6457820524048115e-06
1.6200625000005435,-0.020001645782052404,1.3394046544279708e-14,0.4,0.23568799999999318,1.6457820524048115e-06
1.6210625000005447,-0.020001645782052404,1.3389602653893722e-14,0.4,0.2356880000000036,1.6457820524048115e-06
1.622062500000546,-0.020001645782052404,1.3390914404670312e-14,0.4,0.23568799999999815,1.6457820524048115e-06
1.6230625000005472,-0.020001645782052404,1.3405102729396668e-14,0.4,0.23568800000000384,1.6457820524048115e-06
1.6240625000005484,-0.020001645782052404,1.340630739847721e-14,0.4,0.23568799999999795,1.6457820524048115e-06
1.6250625000005496,-0.020001645782052404,1.339297572731924e-14,0.4,0.2356879999999981,1.6457820524048115e-06
1.6260625000005509,-0.020001645782052404,1.3399132924842e-14,0.4,0.23568799999999276,1.6457820524048115e-06
1.627062500000552,-0.020001645782052404,1.339415362597577e-14,0.4,0.23568800000000353,1.6457820524048115e-06
1.6280625000005533,-0.020001645782052404,1.3395277983784274e-14,0.4,0.23568799999999804,1.6457820524048115e-06
1.6290625000005545,-0.020001645782052404,1.3400953313674816e-14,0.4,0.23568799999999276,1.6457820524048115e-06
1.6300625000005557,-0.020001645782052404,1.3396402341592782e-14,0.4,0.23568800000000367,1.6457820524048115e-06
1.631062500000557,-0.020001645782052404,1.3397392847281226e-14,0.4,0.23568799999999798,1.6457820524048115e-06
1.6320625000005582,-0.020001645782052404,1.3403041406747757e-14,0.4,0.2356879999999927,1.6457820524048115e-06
1.6330625000005594,-0.020001645782052404,1.3398383352969671e-14,0.4,0.23568800000000367,1.6457820524048115e-06
1.6340625000005606,-0.020001645782052404,1.3399213236114042e-14,0.4,0.23568799999999798,1.6457820524048115e-06
1.6350625000005619,-0.020001645782052404,1.3386095728348172e-14,0.4,0.23568800000001267,1.6457820524048115e-06
1.636062500000563,-0.020001645782052404,1.3400578527738659e-14,0.4,0.23568800000000378,1.6457820524048115e-06
1.6370625000005643,-0.020001645782052404,1.340127455876297e-14,0.4,0.23568799999999798,1.6457820524048115e-06
1.6380625000005655,-0.020001645782052404,1.3407378215437708e-14,0.4,0.23568799999999293,1.6457820524048115e-06
1.6390625000005667,-0.020001645782052404,1.3393725299191596e-14,0.4,0.23568799999999313,1.6457820524048115e-06
1.640062500000568,-0.020001645782052404,1.3389602653893754e-14,0.4,0.2356880000000036,1.6457820524048115e-06
1.6410625000005692,-0.020001645782052404,1.3390914404670343e-14,0.4,0.23568799999999815,1.6457820524048115e-06
1.6420625000005704,-0.020001645782052404,1.3396536193712864e-14,0.4,0.23568799999999318,1.6457820524048115e-06
1.6430625000005716,-0.020001645782052404,1.3392252925870949e-14,0.4,0.23568800000000364,1.6457820524048115e-06
1.6440625000005729,-0.020001645782052404,1.3393618217495561e-14,0.4,0.23568799999999815,1.6457820524048115e-06
1.645062500000574,-0.020001645782052404,1.3398784909329875e-14,0.4,0.23568799999999301,1.6457820524048115e-06
1.6460625000005753,-0.020001645782052404,1.3394769345728077e-14,0.4,0.23568800000000364,1.6457820524048115e-06
1.6470625000005765,-0.020001645782052404,1.3395277983784308e-14,0.4,0.23568799999999804,1.6457820524048115e-06
1.6480625000005777,-0.020001645782052404,1.3382588802802629e-14,0.4,0.2356880000000123,1.6457820524048115e-06
1.649062500000579,-0.020001645782052404,1.339699129092108e-14,0.4,0.23568800000000367,1.6457820524048115e-06
1.6500625000005802,-0.020001645782052404,1.3398062107881558e-14,0.4,0.23568799999999804,1.6457820524048115e-06
1.6510625000005814,-0.020001645782052404,1.3385346156475867e-14,0.4,0.2356880000000126,1.6457820524048115e-06
1.6520625000005826,-0.020001645782052404,1.3399454169930188e-14,0.4,0.23568800000000384,1.6457820524048115e-06
1.6530625000005839,-0.020001645782052404,1.3400471446042646e-14,0.4,0.23568799999999798,1.6457820524048115e-06
1.654062500000585,-0.020001645782052404,1.3406789266109476e-14,0.4,0.23568799999999282,1.6457820524048115e-06
1.6550625000005863,-0.020001645782052404,1.339332374283145e-14,0.4,0.23568799999999318,1.6457820524048115e-06
1.6560625000005875,-0.020001645782052404,1.3403576815228044e-14,0.4,0.23568799999999795,1.6457820524048115e-06
1.6570625000005887,-0.020001645782052404,1.3390271914494087e-14,0.4,0.2356879999999981,1.6457820524048115e-06
1.65806250000059,-0.020001645782052404,1.3396348800744809e-14,0.4,0.23568799999999354,1.6457820524048115e-06
1.6590625000005912,-0.020001645782052404,1.3392038762478881e-14,0.4,0.23568800000000364,1.6457820524048115e-06
1.6600625000005924,-0.020001645782052404,1.3393404054103496e-14,0.4,0.2356880000000128,1.6457820524048115e-06
1.6610625000005936,-0.020001645782052404,1.3399320317810145e-14,0.4,0.23568799999999318,1.6457820524048115e-06
1.6620625000005949,-0.020001645782052404,1.339476934572811e-14,0.4,0.23568800000000367,1.6457820524048115e-06
1.663062500000596,-0.020001645782052404,1.3396241719048771e-14,0.4,0.2356879999999981,1.6457820524048115e-06
1.6640625000005973,-0.020001645782052404,1.3402157982755421e-14,0.4,0.23568799999999293,1.6457820524048115e-06
1.6650625000005985,-0.020001645782052404,1.339795502618554e-14,0.4,0.23568800000000373,1.6457820524048115e-06
1.6660625000005997,-0.020001645782052404,1.339886522060195e-14,0.4,0.2356879999999981,1.6457820524048115e-06
1.667062500000601,-0.020001645782052404,1.3385694171988053e-14,0.4,0.23568800000001297,1.6457820524048115e-06
1.6680625000006022,-0.020001645782052404,1.339193168078285e-14,0.4,0.23568799999999318,1.6457820524048115e-06
1.6690625000006034,-0.020001645782052404,1.3387889346757039e-14,0.4,0.23568800000000364,1.6457820524048115e-06
1.6700625000006046,-0.020001645782052404,1.3408422261974233e-14,0.4,0.23568799999999246,1.6457820524048115e-06
1.6710625000006059,-0.020001645782052404,1.3394822886576145e-14,0.4,0.23568799999999313,1.6457820524048115e-06
1.672062500000607,-0.020001645782052404,1.3390994715942432e-14,0.4,0.23568800000000348,1.6457820524048115e-06
1.6730625000006083,-0.020001645782052404,1.3391904910358843e-14,0.4,0.2356879999999981,1.6457820524048115e-06
1.6740625000006095,-0.020001645782052404,1.3397687321945435e-14,0.4,0.23568799999999301,1.6457820524048115e-06
1.6750625000006107,-0.020001645782052404,1.3393189890711423e-14,0.4,0.23568800000000378,1.6457820524048115e-06
1.676062500000612,-0.020001645782052404,1.3393885921735737e-14,0.4,0.2356879999999981,1.6457820524048115e-06
1.6770625000006132,-0.020001645782052404,1.3400043119258496e-14,0.4,0.23568799999999276,1.6457820524048115e-06
1.6780625000006144,-0.020001645782052404,1.3395492147176462e-14,0.4,0.23568800000000367,1.6457820524048115e-06
1.6790625000006156,-0.020001645782052404,1.3396616504984965e-14,0.4,0.2356879999999981,1.6457820524048115e-06
1.6800625000006169,-0.020001645782052404,1.3383713160611191e-14,0.4,0.2356880000000126,1.6457820524048115e-06
1.681062500000618,-0.020001645782052404,1.3398463664241797e-14,0.4,0.23568800000000378,1.6457820524048115e-06
1.6820625000006193,-0.020001645782052404,1.3399079383994074e-14,0.4,0.23568799999999804,1.6457820524048115e-06
1.6830625000006205,-0.020001645782052404,1.338620281004431e-14,0.4,0.2356880000000126,1.6457820524048115e-06
1.6840625000006217,-0.020001645782052404,1.3392092303326949e-14,0.4,0.23568799999999313,1.6457820524048115e-06
1.685062500000623,-0.020001645782052404,1.3402345375723541e-14,0.4,0.23568799999999804,1.6457820524048115e-06
1.6860625000006242,-0.020001645782052404,1.3389549113045815e-14,0.4,0.2356880000000123,1.6457820524048115e-06
1.6870625000006254,-0.020001645782052404,1.340397837158828e-14,0.4,0.23568800000000378,1.6457820524048115e-06
1.6880625000006266,-0.020001645782052404,1.3390459307462228e-14,0.4,0.23568800000000364,1.6457820524048115e-06
1.6890625000006279,-0.020001645782052404,1.3392065532902947e-14,0.4,0.23568799999999815,1.6457820524048115e-06
1.690062500000629,-0.020001645782052404,1.339784794448954e-14,0.4,0.2356879999999933,1.6457820524048115e-06
1.6910625000006303,-0.020001645782052404,1.3393430824527562e-14,0.4,0.23568800000000373,1.6457820524048115e-06
1.6920625000006315,-0.020001645782052404,1.3394796116152175e-14,0.4,0.23568799999999815,1.6457820524048115e-06
1.6930625000006327,-0.020001645782052404,1.3400819461554874e-14,0.4,0.23568799999999282,1.6457820524048115e-06
1.694062500000634,-0.020001645782052404,1.3396455882440924e-14,0.4,0.23568800000000367,1.6457820524048115e-06
1.6950625000006352,-0.020001645782052404,1.3397687321945474e-14,0.4,0.23568799999999804,1.6457820524048115e-06
1.6960625000006364,-0.020001645782052404,1.3403496503956079e-14,0.4,0.23568799999999293,1.6457820524048115e-06
1.6970625000006376,-0.020001645782052404,1.3390512848310266e-14,0.4,0.2356879999999933,1.6457820524048115e-06
1.6980625000006389,-0.020001645782052404,1.3400471446042727e-14,0.4,0.23568799999999798,1.6457820524048115e-06
1.69906250000064,-0.020001645782052404,1.3406789266109556e-14,0.4,0.23568799999999282,1.6457820524048115e-06
1.7000625000006413,-0.020001645782052404,1.3393323742831531e-14,0.4,0.23568799999999318,1.6457820524048115e-06
1.7010625000006425,-0.020001645782052404,1.3403576815228125e-14,0.4,0.23568799999999795,1.6457820524048115e-06
1.7020625000006437,-0.020001645782052404,1.3390271914494168e-14,0.4,0.2356879999999981,1.6457820524048115e-06
1.703062500000645,-0.020001645782052404,1.339634880074489e-14,0.4,0.23568799999999354,1.6457820524048115e-06
1.7040625000006462,-0.020001645782052404,1.340614677593328e-14,0.4,0.23568799999999795,1.6457820524048115e-06
1.7050625000006474,-0.020001645782052404,1.3393189890711479e-14,0.4,0.2356879999999981,1.6457820524048115e-06
1.7060625000006486,-0.020001645782052404,1.3399320317810226e-14,0.4,0.23568799999999318,1.6457820524048115e-06
1.7070625000006499,-0.020001645782052404,1.3395251213360402e-14,0.4,0.23568800000000373,1.6457820524048115e-06
1.708062500000651,-0.020001645782052404,1.3396000785232739e-14,0.4,0.23568799999999804,1.6457820524048115e-06
1.7090625000006523,-0.020001645782052404,1.338320452255501e-14,0.4,0.23568800000001297,1.6457820524048115e-06
1.7100625000006535,-0.020001645782052404,1.3397847944489571e-14,0.4,0.23568800000000378,1.6457820524048115e-06
1.7110625000006547,-0.020001645782052404,1.339932031781023e-14,0.4,0.23568799999999798,1.6457820524048115e-06
1.712062500000656,-0.020001645782052404,1.3386015417076276e-14,0.4,0.2356880000000128,1.6457820524048115e-06
1.7130625000006572,-0.020001645782052404,1.3391503353998735e-14,0.4,0.23568799999999374,1.6457820524048115e-06
1.7140625000006584,-0.020001645782052404,1.3387059463612747e-14,0.4,0.2356880000000036,1.6457820524048115e-06
1.7150625000006596,-0.020001645782052404,1.338826413269329e-14,0.4,0.23568800000001244,1.6457820524048115e-06
1.7160625000006609,-0.020001645782052404,1.3402827243355815e-14,0.4,0.23568800000000378,1.6457820524048115e-06
1.717062500000662,-0.020001645782052404,1.338984358771e-14,0.4,0.23568800000000348,1.6457820524048115e-06
1.7180625000006633,-0.020001645782052404,1.3390914404670484e-14,0.4,0.2356880000000128,1.6457820524048115e-06
1.7190625000006645,-0.020001645782052404,1.3397018061345218e-14,0.4,0.23568799999999293,1.6457820524048115e-06
1.7200625000006657,-0.020001645782052404,1.340646802102145e-14,0.4,0.23568799999999795,1.6457820524048115e-06
1.721062500000667,-0.020001645782052404,1.339337728367959e-14,0.4,0.23568800000001286,1.6457820524048115e-06
1.7220625000006682,-0.020001645782052404,1.3399641562898398e-14,0.4,0.23568799999999301,1.6457820524048115e-06
1.7230625000006694,-0.020001645782052404,1.3395385065480494e-14,0.4,0.23568800000000373,1.6457820524048115e-06
1.7240625000006706,-0.020001645782052404,1.3396268489472892e-14,0.4,0.23568799999999804,1.6457820524048115e-06
1.7250625000006719,-0.020001645782052404,1.3402505998267688e-14,0.4,0.23568799999999282,1.6457820524048115e-06
1.726062500000673,-0.020001645782052404,1.3388933393293612e-14,0.4,0.23568799999999338,1.6457820524048115e-06
1.7270625000006743,-0.020001645782052404,1.3398972302298108e-14,0.4,0.23568799999999804,1.6457820524048115e-06
1.7280625000006755,-0.020001645782052404,1.3405290122364941e-14,0.4,0.23568799999999282,1.6457820524048115e-06
1.7290625000006767,-0.020001645782052404,1.339193168078296e-14,0.4,0.23568799999999318,1.6457820524048115e-06
1.730062500000678,-0.020001645782052404,1.3401809967243385e-14,0.4,0.23568799999999798,1.6457820524048115e-06
1.7310625000006792,-0.020001645782052404,1.3388906622869608e-14,0.4,0.2356879999999981,1.6457820524048115e-06
1.7320625000006804,-0.020001645782052404,1.3403764208196264e-14,0.4,0.2356880000000039,1.6457820524048115e-06
1.7330625000006816,-0.020001645782052404,1.340507595897285e-14,0.4,0.23568799999999795,1.6457820524048115e-06
1.7340625000006828,-0.020001645782052404,1.3391663976542849e-14,0.4,0.2356879999999981,1.6457820524048115e-06
1.735062500000684,-0.020001645782052404,1.339784794448962e-14,0.4,0.2356879999999933,1.6457820524048115e-06
1.7360625000006853,-0.020001645782052404,1.3393430824527643e-14,0.4,0.23568800000000373,1.6457820524048115e-06
1.7370625000006865,-0.020001645782052404,1.3394796116152255e-14,0.4,0.23568799999999815,1.6457820524048115e-06
1.7380625000006877,-0.020001645782052404,1.3400819461554954e-14,0.4,0.23568799999999282,1.6457820524048115e-06
1.739062500000689,-0.020001645782052404,1.3396455882441005e-14,0.4,0.23568800000000367,1.6457820524048115e-06
1.7400625000006902,-0.020001645782052404,1.3397687321945555e-14,0.4,0.23568799999999804,1.6457820524048115e-06
1.7410625000006914,-0.020001645782052404,1.3403442963108136e-14,0.4,0.23568799999999307,1.6457820524048115e-06
1.7420625000006926,-0.020001645782052404,1.339891876145011e-14,0.4,0.23568800000000378,1.6457820524048115e-06
1.7430625000006938,-0.020001645782052404,1.3400471446042807e-14,0.4,0.23568799999999798,1.6457820524048115e-06
1.744062500000695,-0.020001645782052404,1.340684280695766e-14,0.4,0.2356879999999927,1.6457820524048115e-06
1.7450625000006963,-0.020001645782052404,1.3393698528767776e-14,0.4,0.23568799999999338,1.6457820524048115e-06
1.7460625000006975,-0.020001645782052404,1.3389094015837715e-14,0.4,0.23568800000000364,1.6457820524048115e-06
1.7470625000006987,-0.020001645782052404,1.3390646700430411e-14,0.4,0.2356879999999981,1.6457820524048115e-06
1.7480625000007,-0.020001645782052404,1.3396295259896944e-14,0.4,0.23568799999999318,1.6457820524048115e-06
1.7490625000007012,-0.020001645782052404,1.339233323714317e-14,0.4,0.23568800000000348,1.6457820524048115e-06
1.7500625000007024,-0.020001645782052404,1.3393216661135569e-14,0.4,0.23568799999999815,1.6457820524048115e-06
1.7510625000007036,-0.020001645782052404,1.3398543975513957e-14,0.4,0.23568799999999282,1.6457820524048115e-06
1.7520625000007048,-0.020001645782052404,1.3394394559792102e-14,0.4,0.23568800000000353,1.6457820524048115e-06
1.753062500000706,-0.020001645782052404,1.3395117361240427e-14,0.4,0.23568799999999804,1.6457820524048115e-06
1.7540625000007073,-0.020001645782052404,1.3401381640459236e-14,0.4,0.23568799999999282,1.6457820524048115e-06
1.7550625000007085,-0.020001645782052404,1.3396643275409114e-14,0.4,0.23568800000000373,1.6457820524048115e-06
1.7560625000007097,-0.020001645782052404,1.3397874714913669e-14,0.4,0.23568799999999804,1.6457820524048115e-06
1.757062500000711,-0.020001645782052404,1.3384891059267857e-14,0.4,0.23568800000001286,1.6457820524048115e-06
1.7580625000007122,-0.020001645782052404,1.339080732297451e-14,0.4,0.2356879999999933,1.6457820524048115e-06
1.7590625000007134,-0.020001645782052404,1.3400632068586912e-14,0.4,0.23568799999999798,1.6457820524048115e-06
1.7600625000007146,-0.020001645782052404,1.3387273627004932e-14,0.4,0.23568799999999815,1.6457820524048115e-06
1.7610625000007158,-0.020001645782052404,1.3402077671483562e-14,0.4,0.23568800000000384,1.6457820524048115e-06
1.762062500000717,-0.020001645782052404,1.338866568905356e-14,0.4,0.23568800000000373,1.6457820524048115e-06
1.7630625000007183,-0.020001645782052404,1.3408368721126381e-14,0.4,0.23568799999999263,1.6457820524048115e-06
1.7640625000007195,-0.020001645782052404,1.3394715804880272e-14,0.4,0.23568799999999338,1.6457820524048115e-06
1.7650625000007207,-0.020001645782052404,1.3390352225766319e-14,0.4,0.23568800000000348,1.6457820524048115e-06
1.766062500000722,-0.020001645782052404,1.3391342731454764e-14,0.4,0.2356880000000128,1.6457820524048115e-06
1.7670625000007232,-0.020001645782052404,1.3397258995161416e-14,0.4,0.23568799999999307,1.6457820524048115e-06
1.7680625000007244,-0.020001645782052404,1.3406601873141599e-14,0.4,0.2356879999999979,1.6457820524048115e-06
1.7690625000007256,-0.020001645782052404,1.3392975727319499e-14,0.4,0.2356879999999981,1.6457820524048115e-06
1.7700625000007268,-0.020001645782052404,1.339913292484226e-14,0.4,0.23568799999999301,1.6457820524048115e-06
1.771062500000728,-0.020001645782052404,1.3394608723184237e-14,0.4,0.23568800000000373,1.6457820524048115e-06
1.7720625000007293,-0.020001645782052404,1.3395893703536816e-14,0.4,0.2356879999999981,1.6457820524048115e-06
1.7730625000007305,-0.020001645782052404,1.3401328099611253e-14,0.4,0.23568799999999318,1.6457820524048115e-06
1.7740625000007317,-0.020001645782052404,1.3397125143041371e-14,0.4,0.2356880000000036,1.6457820524048115e-06
1.775062500000733,-0.020001645782052404,1.3397981796609756e-14,0.4,0.23568799999999804,1.6457820524048115e-06
1.7760625000007342,-0.020001645782052404,1.3404219305404552e-14,0.4,0.23568799999999293,1.6457820524048115e-06
1.7770625000007354,-0.020001645782052404,1.3399293547386347e-14,0.4,0.2356880000000039,1.6457820524048115e-06
1.7780625000007366,-0.020001645782052404,1.340028405307479e-14,0.4,0.23568799999999804,1.6457820524048115e-06
1.7790625000007378,-0.020001645782052404,1.3386872070644785e-14,0.4,0.2356880000000128,1.6457820524048115e-06
1.780062500000739,-0.020001645782052404,1.339257417095934e-14,0.4,0.2356879999999933,1.6457820524048115e-06
1.7810625000007403,-0.020001645782052404,1.3402532768691802e-14,0.4,0.23568799999999798,1.6457820524048115e-06
1.7820625000007415,-0.020001645782052404,1.3408529343670489e-14,0.4,0.23568799999999246,1.6457820524048115e-06
1.7830625000007427,-0.020001645782052404,1.339452841191222e-14,0.4,0.23568799999999318,1.6457820524048115e-06
1.784062500000744,-0.020001645782052404,1.338995066940617e-14,0.4,0.23568800000000364,1.6457820524048115e-06
1.7850625000007452,-0.020001645782052404,1.3390967945518627e-14,0.4,0.2356879999999981,1.6457820524048115e-06
1.7860625000007464,-0.020001645782052404,1.339688420922528e-14,0.4,0.23568799999999338,1.6457820524048115e-06
1.7870625000007476,-0.020001645782052404,1.3406708954837679e-14,0.4,0.2356879999999979,1.6457820524048115e-06
1.7880625000007488,-0.020001645782052404,1.3393350513255701e-14,0.4,0.2356880000000128,1.6457820524048115e-06
1.78906250000075,-0.020001645782052404,1.3398811679754148e-14,0.4,0.23568799999999301,1.6457820524048115e-06
1.7900625000007513,-0.020001645782052404,1.3394635493608282e-14,0.4,0.23568800000000378,1.6457820524048115e-06
1.7910625000007525,-0.020001645782052404,1.3395893703536848e-14,0.4,0.2356879999999981,1.6457820524048115e-06
1.7920625000007537,-0.020001645782052404,1.34018099672435e-14,0.4,0.23568799999999282,1.6457820524048115e-06
1.793062500000755,-0.020001645782052404,1.3397258995161465e-14,0.4,0.23568800000000373,1.6457820524048115e-06
1.7940625000007562,-0.020001645782052404,1.3398704598058113e-14,0.4,0.23568799999999804,1.6457820524048115e-06
1.7950625000007574,-0.020001645782052404,1.3404272846252607e-14,0.4,0.23568799999999257,1.6457820524048115e-06
1.7960625000007586,-0.020001645782052404,1.3399802185442605e-14,0.4,0.23568800000000378,1.6457820524048115e-06
1.7970625000007598,-0.020001645782052404,1.3400417905194883e-14,0.4,0.23568799999999798,1.6457820524048115e-06
1.798062500000761,-0.020001645782052404,1.3387327167853024e-14,0.4,0.23568799999999815,1.6457820524048115e-06
1.7990625000007623,-0.020001645782052404,1.3393216661135663e-14,0.4,0.2356879999999933,1.6457820524048115e-06
1.8000625000007635,-0.020001645782052404,1.3403335881412196e-14,0.4,0.23568799999999795,1.6457820524048115e-06
1.8010625000007647,-0.020001645782052404,1.3390218373646322e-14,0.4,0.2356879999999981,1.6457820524048115e-06
1.802062500000766,-0.020001645782052404,1.3395840162688843e-14,0.4,0.23568799999999349,1.6457820524048115e-06
1.8030625000007672,-0.020001645782052404,1.3391342731454833e-14,0.4,0.2356880000000036,1.6457820524048115e-06
1.8040625000007684,-0.020001645782052404,1.3392734793503458e-14,0.4,0.2356880000000128,1.6457820524048115e-06
1.8050625000007696,-0.020001645782052404,1.3398303041697955e-14,0.4,0.23568799999999313,1.6457820524048115e-06
1.8060625000007708,-0.020001645782052404,1.3394394559792206e-14,0.4,0.2356880000000036,1.6457820524048115e-06
1.807062500000772,-0.020001645782052404,1.3395331524632626e-14,0.4,0.23568799999999804,1.6457820524048115e-06
1.8080625000007733,-0.020001645782052404,1.3401542263003408e-14,0.4,0.23568799999999301,1.6457820524048115e-06
1.8090625000007745,-0.020001645782052404,1.3397125143041433e-14,0.4,0.23568800000000384,1.6457820524048115e-06
1.8100625000007757,-0.020001645782052404,1.3398356582545988e-14,0.4,0.23568799999999804,1.6457820524048115e-06
1.811062500000777,-0.020001645782052404,1.3385346156476162e-14,0.4,0.2356880000000128,1.6457820524048115e-06
1.8120625000007782,-0.020001645782052404,1.3399855726290662e-14,0.4,0.23568800000000378,1.6457820524048115e-06
1.8130625000007794,-0.020001645782052404,1.3387059463612932e-14,0.4,0.2356880000000036,1.6457820524048115e-06
1.8140625000007806,-0.020001645782052404,1.3407512067558093e-14,0.4,0.2356879999999927,1.6457820524048115e-06
1.8150625000007818,-0.020001645782052404,1.3403094947596115e-14,0.4,0.23568800000000384,1.6457820524048115e-06
1.816062500000783,-0.020001645782052404,1.3389870358134197e-14,0.4,0.23568800000000353,1.6457820524048115e-06
1.8170625000007843,-0.020001645782052404,1.3390673470854558e-14,0.4,0.2356879999999981,1.6457820524048115e-06
1.8180625000007855,-0.020001645782052404,1.3397018061345401e-14,0.4,0.23568799999999301,1.6457820524048115e-06
1.8190625000007867,-0.020001645782052404,1.3392895416047554e-14,0.4,0.23568800000000373,1.6457820524048115e-06
1.820062500000788,-0.020001645782052404,1.3394421330216239e-14,0.4,0.2356880000000126,1.6457820524048115e-06
1.8210625000007892,-0.020001645782052404,1.340009666010678e-14,0.4,0.23568799999999282,1.6457820524048115e-06
1.8220625000007904,-0.020001645782052404,1.3395974014808936e-14,0.4,0.23568800000000378,1.6457820524048115e-06
1.8230625000007916,-0.020001645782052404,1.3396910979649358e-14,0.4,0.23568799999999804,1.6457820524048115e-06
1.8240625000007928,-0.020001645782052404,1.340282724335601e-14,0.4,0.23568799999999293,1.6457820524048115e-06
1.825062500000794,-0.020001645782052404,1.3398276271273975e-14,0.4,0.23568800000000378,1.6457820524048115e-06
1.8260625000007953,-0.020001645782052404,1.3398891991026252e-14,0.4,0.23568799999999804,1.6457820524048115e-06
1.8270625000007965,-0.020001645782052404,1.3405129499821048e-14,0.4,0.23568799999999293,1.6457820524048115e-06
1.8280625000007977,-0.020001645782052404,1.3391663976543021e-14,0.4,0.2356879999999933,1.6457820524048115e-06
1.829062500000799,-0.020001645782052404,1.340186350809159e-14,0.4,0.23568799999999798,1.6457820524048115e-06
1.8300625000008002,-0.020001645782052404,1.3388585377781647e-14,0.4,0.2356879999999981,1.6457820524048115e-06
1.8310625000008014,-0.020001645782052404,1.339466226403237e-14,0.4,0.23568799999999318,1.6457820524048115e-06
1.8320625000008026,-0.020001645782052404,1.338995066940626e-14,0.4,0.2356880000000036,1.6457820524048115e-06
1.8330625000008038,-0.020001645782052404,1.3391075027214765e-14,0.4,0.2356879999999981,1.6457820524048115e-06
1.834062500000805,-0.020001645782052404,1.33971786838895e-14,0.4,0.23568799999999301,1.6457820524048115e-06
1.8350625000008063,-0.020001645782052404,1.3407565608406153e-14,0.4,0.23568799999999795,1.6457820524048115e-06
1.8360625000008075,-0.020001645782052404,1.339428747809621e-14,0.4,0.23568799999999815,1.6457820524048115e-06
1.8370625000008087,-0.020001645782052404,1.3400176971378853e-14,0.4,0.23568799999999318,1.6457820524048115e-06
1.83806250000081,-0.020001645782052404,1.3395465376752743e-14,0.4,0.23568800000000373,1.6457820524048115e-06
1.8390625000008112,-0.020001645782052404,1.3397044831769452e-14,0.4,0.2356879999999981,1.6457820524048115e-06
1.8400625000008124,-0.020001645782052404,1.3384034405699627e-14,0.4,0.23568800000001267,1.6457820524048115e-06
1.8410625000008136,-0.020001645782052404,1.3398517205090114e-14,0.4,0.23568800000000378,1.6457820524048115e-06
1.8420625000008148,-0.020001645782052404,1.3399855726290714e-14,0.4,0.23568799999999804,1.6457820524048115e-06
1.843062500000816,-0.020001645782052404,1.3386738218524843e-14,0.4,0.2356880000000128,1.6457820524048115e-06
1.8440625000008173,-0.020001645782052404,1.34015958038515e-14,0.4,0.23568800000000384,1.6457820524048115e-06
1.8450625000008185,-0.020001645782052404,1.3388424755237602e-14,0.4,0.23568800000000364,1.6457820524048115e-06
1.8460625000008197,-0.020001645782052404,1.3390111291950358e-14,0.4,0.23568800000001214,1.6457820524048115e-06
1.847062500000821,-0.020001645782052404,1.3395545688024794e-14,0.4,0.23568799999999313,1.6457820524048115e-06
1.8480625000008222,-0.020001645782052404,1.3405745219573364e-14,0.4,0.23568799999999795,1.6457820524048115e-06
1.8490625000008234,-0.020001645782052404,1.3392734793503538e-14,0.4,0.2356880000000128,1.6457820524048115e-06
1.8500625000008246,-0.020001645782052404,1.3398303041698035e-14,0.4,0.23568799999999313,1.6457820524048115e-06
1.8510625000008258,-0.020001645782052404,1.3394394559792286e-14,0.4,0.2356880000000036,1.6457820524048115e-06
1.852062500000827,-0.020001645782052404,1.3395331524632707e-14,0.4,0.23568799999999804,1.6457820524048115e-06
1.8530625000008283,-0.020001645782052404,1.3401542263003489e-14,0.4,0.23568799999999301,1.6457820524048115e-06
1.8540625000008295,-0.020001645782052404,1.3397018061345466e-14,0.4,0.2356880000000036,1.6457820524048115e-06
1.8550625000008307,-0.020001645782052404,1.3398195960001994e-14,0.4,0.23568799999999804,1.6457820524048115e-06
1.856062500000832,-0.020001645782052404,1.3385346156476242e-14,0.4,0.2356880000000128,1.6457820524048115e-06
1.8570625000008332,-0.020001645782052404,1.3391396272302951e-14,0.4,0.23568799999999318,1.6457820524048115e-06
1.8580625000008344,-0.020001645782052404,1.3401140706643315e-14,0.4,0.23568799999999798,1.6457820524048115e-06
1.8590625000008356,-0.020001645782052404,1.3388183821421514e-14,0.4,0.2356879999999981,1.6457820524048115e-06
1.8600625000008368,-0.020001645782052404,1.3394341018944273e-14,0.4,0.23568799999999354,1.6457820524048115e-06
1.861062500000838,-0.020001645782052404,1.3390057751102358e-14,0.4,0.23568800000000364,1.6457820524048115e-06
1.8620625000008393,-0.020001645782052404,1.3390941175094757e-14,0.4,0.2356879999999981,1.6457820524048115e-06
1.8630625000008405,-0.020001645782052404,1.3396830668377396e-14,0.4,0.23568799999999293,1.6457820524048115e-06
1.8640625000008417,-0.020001645782052404,1.3392038762479252e-14,0.4,0.23568800000000364,1.6457820524048115e-06
1.865062500000843,-0.020001645782052404,1.339305603859171e-14,0.4,0.23568799999999815,1.6457820524048115e-06
1.8660625000008442,-0.020001645782052404,1.3399025843146388e-14,0.4,0.23568799999999318,1.6457820524048115e-06
1.8670625000008454,-0.020001645782052404,1.339476934572848e-14,0.4,0.23568800000000364,1.6457820524048115e-06
1.8680625000008466,-0.020001645782052404,1.3395866933112976e-14,0.4,0.23568799999999804,1.6457820524048115e-06
1.8690625000008478,-0.020001645782052404,1.340210444190777e-14,0.4,0.23568799999999293,1.6457820524048115e-06
1.870062500000849,-0.020001645782052404,1.3397178683889565e-14,0.4,0.23568800000000367,1.6457820524048115e-06
1.8710625000008503,-0.020001645782052404,1.3398356582546094e-14,0.4,0.23568799999999804,1.6457820524048115e-06
1.8720625000008515,-0.020001645782052404,1.3385453238172318e-14,0.4,0.23568800000001297,1.6457820524048115e-06
1.8730625000008527,-0.020001645782052404,1.3400444675619033e-14,0.4,0.23568800000000373,1.6457820524048115e-06
1.874062500000854,-0.020001645782052404,1.3401408410883468e-14,0.4,0.23568799999999798,1.6457820524048115e-06
1.8750625000008552,-0.020001645782052404,1.3407619149254253e-14,0.4,0.23568799999999293,1.6457820524048115e-06
1.8760625000008564,-0.020001645782052404,1.339396623300814e-14,0.4,0.23568799999999313,1.6457820524048115e-06
1.8770625000008576,-0.020001645782052404,1.3390271914494486e-14,0.4,0.23568800000000342,1.6457820524048115e-06
1.8780625000008588,-0.020001645782052404,1.3391369501878981e-14,0.4,0.23568800000001267,1.6457820524048115e-06
1.87906250000086,-0.020001645782052404,1.3397018061345512e-14,0.4,0.23568799999999301,1.6457820524048115e-06
1.8800625000008613,-0.020001645782052404,1.3393002497743713e-14,0.4,0.23568800000000348,1.6457820524048115e-06
1.8810625000008625,-0.020001645782052404,1.3393885921736112e-14,0.4,0.2356879999999981,1.6457820524048115e-06
1.8820625000008637,-0.020001645782052404,1.339998957841085e-14,0.4,0.23568799999999318,1.6457820524048115e-06
1.883062500000865,-0.020001645782052404,1.3395786621840966e-14,0.4,0.23568800000000367,1.6457820524048115e-06
1.8840625000008662,-0.020001645782052404,1.3396670045833365e-14,0.4,0.23568799999999804,1.6457820524048115e-06
1.8850625000008674,-0.020001645782052404,1.3384034405699708e-14,0.4,0.23568800000001267,1.6457820524048115e-06
1.8860625000008686,-0.020001645782052404,1.3398517205090195e-14,0.4,0.23568800000000378,1.6457820524048115e-06
1.8870625000008698,-0.020001645782052404,1.3399855726290794e-14,0.4,0.23568799999999804,1.6457820524048115e-06
1.888062500000871,-0.020001645782052404,1.3386738218524924e-14,0.4,0.2356880000000128,1.6457820524048115e-06
1.8890625000008723,-0.020001645782052404,1.340159580385158e-14,0.4,0.23568800000000384,1.6457820524048115e-06
1.8900625000008735,-0.020001645782052404,1.3388424755237683e-14,0.4,0.23568800000000364,1.6457820524048115e-06
1.8910625000008747,-0.020001645782052404,1.3390111291950439e-14,0.4,0.23568800000001214,1.6457820524048115e-06
1.892062500000876,-0.020001645782052404,1.3404165764556735e-14,0.4,0.2356880000000039,1.6457820524048115e-06
1.8930625000008772,-0.020001645782052404,1.3391342731454994e-14,0.4,0.2356880000000036,1.6457820524048115e-06
1.8940625000008784,-0.020001645782052404,1.3392734793503619e-14,0.4,0.2356880000000128,1.6457820524048115e-06
1.8950625000008796,-0.020001645782052404,1.3398838450178351e-14,0.4,0.23568799999999301,1.6457820524048115e-06
1.8960625000008808,-0.020001645782052404,1.339410008512823e-14,0.4,0.23568800000000373,1.6457820524048115e-06
1.897062500000882,-0.020001645782052404,1.339570631056895e-14,0.4,0.23568799999999804,1.6457820524048115e-06
1.8980625000008833,-0.020001645782052404,1.3401488722155544e-14,0.4,0.23568799999999293,1.6457820524048115e-06
1.8990625000008845,-0.020001645782052404,1.3397366076857698e-14,0.4,0.23568800000000384,1.6457820524048115e-06
1.9000625000008857,-0.020001645782052404,1.3398356582546144e-14,0.4,0.23568799999999798,1.6457820524048115e-06
1.901062500000887,-0.020001645782052404,1.3385453238172369e-14,0.4,0.23568800000001178,1.6457820524048115e-06
1.9020625000008882,-0.020001645782052404,1.3390512848310636e-14,0.4,0.2356879999999933,1.6457820524048115e-06
1.9030625000008894,-0.020001645782052404,1.3400257282651003e-14,0.4,0.23568799999999798,1.6457820524048115e-06
1.9040625000008906,-0.020001645782052404,1.3406468021021788e-14,0.4,0.23568799999999293,1.6457820524048115e-06
1.9050625000008918,-0.020001645782052404,1.3393189890711841e-14,0.4,0.23568799999999354,1.6457820524048115e-06
1.906062500000893,-0.020001645782052404,1.3403255570140352e-14,0.4,0.23568799999999798,1.6457820524048115e-06
1.9070625000008943,-0.020001645782052404,1.3390191603222504e-14,0.4,0.2356879999999982,1.6457820524048115e-06
1.9080625000008955,-0.020001645782052404,1.3404487009644905e-14,0.4,0.2356880000000039,1.6457820524048115e-06
1.9090625000008967,-0.020001645782052404,1.3405771989997482e-14,0.4,0.23568799999999795,1.6457820524048115e-06
1.910062500000898,-0.020001645782052404,1.339289541604772e-14,0.4,0.2356879999999981,1.6457820524048115e-06
1.9110625000008992,-0.020001645782052404,1.3398972302298443e-14,0.4,0.23568799999999301,1.6457820524048115e-06
1.9120625000009004,-0.020001645782052404,1.3394367789368384e-14,0.4,0.23568800000000373,1.6457820524048115e-06
1.9130625000009016,-0.020001645782052404,1.3395572458448926e-14,0.4,0.23568799999999815,1.6457820524048115e-06
1.9140625000009028,-0.020001645782052404,1.3382535261955089e-14,0.4,0.2356880000000125,1.6457820524048115e-06
1.915062500000904,-0.020001645782052404,1.33970716021936e-14,0.4,0.23568800000000378,1.6457820524048115e-06
1.9160625000009053,-0.020001645782052404,1.3398356582546179e-14,0.4,0.23568799999999804,1.6457820524048115e-06
1.9170625000009065,-0.020001645782052404,1.3385346156476353e-14,0.4,0.2356880000000128,1.6457820524048115e-06
1.9180625000009077,-0.020001645782052404,1.3399855726290853e-14,0.4,0.23568800000000378,1.6457820524048115e-06
1.919062500000909,-0.020001645782052404,1.3387059463613123e-14,0.4,0.2356880000000036,1.6457820524048115e-06
1.9200625000009102,-0.020001645782052404,1.3407512067558284e-14,0.4,0.2356879999999927,1.6457820524048115e-06
1.9210625000009114,-0.020001645782052404,1.3403094947596306e-14,0.4,0.23568800000000384,1.6457820524048115e-06
1.9220625000009126,-0.020001645782052404,1.3389816817286364e-14,0.4,0.23568800000000364,1.6457820524048115e-06
1.9230625000009138,-0.020001645782052404,1.3391369501879062e-14,0.4,0.23568800000001267,1.6457820524048115e-06
1.924062500000915,-0.020001645782052404,1.3397018061345592e-14,0.4,0.23568799999999301,1.6457820524048115e-06
1.9250625000009163,-0.020001645782052404,1.3393002497743794e-14,0.4,0.23568800000000348,1.6457820524048115e-06
1.9260625000009175,-0.020001645782052404,1.3393885921736192e-14,0.4,0.2356879999999981,1.6457820524048115e-06
1.9270625000009187,-0.020001645782052404,1.339998957841093e-14,0.4,0.23568799999999318,1.6457820524048115e-06
1.92806250000092,-0.020001645782052404,1.3395786621841046e-14,0.4,0.23568800000000367,1.6457820524048115e-06
1.9290625000009212,-0.020001645782052404,1.3396750357105481e-14,0.4,0.23568799999999804,1.6457820524048115e-06
1.9300625000009224,-0.020001645782052404,1.3402559539116083e-14,0.4,0.23568799999999293,1.6457820524048115e-06
1.9310625000009236,-0.020001645782052404,1.3398517205090275e-14,0.4,0.23568800000000378,1.6457820524048115e-06
1.9320625000009248,-0.020001645782052404,1.339980218544285e-14,0.4,0.23568799999999804,1.6457820524048115e-06
1.933062500000926,-0.020001645782052404,1.3387300397429253e-14,0.4,0.23568800000001244,1.6457820524048115e-06
1.9340625000009273,-0.020001645782052404,1.3392600941383628e-14,0.4,0.23568799999999318,1.6457820524048115e-06
1.9350625000009285,-0.020001645782052404,1.3388799541173926e-14,0.4,0.2356880000000036,1.6457820524048115e-06
1.9360625000009297,-0.020001645782052404,1.3389709735590337e-14,0.4,0.2356880000000128,1.6457820524048115e-06
1.937062500000931,-0.020001645782052404,1.3395679540145012e-14,0.4,0.23568799999999354,1.6457820524048115e-06
1.9380625000009322,-0.020001645782052404,1.3391423042727108e-14,0.4,0.23568800000000348,1.6457820524048115e-06
1.9390625000009334,-0.020001645782052404,1.3391610435695195e-14,0.4,0.2356879999999981,1.6457820524048115e-06
1.9400625000009346,-0.020001645782052404,1.3397794403641967e-14,0.4,0.23568799999999338,1.6457820524048115e-06
1.9410625000009358,-0.020001645782052404,1.3393216661135919e-14,0.4,0.23568800000000373,1.6457820524048115e-06
1.942062500000937,-0.020001645782052404,1.3394448100640474e-14,0.4,0.2356879999999981,1.6457820524048115e-06
1.9430625000009383,-0.020001645782052404,1.3400230512227063e-14,0.4,0.23568799999999307,1.6457820524048115e-06
1.9440625000009395,-0.020001645782052404,1.339597401480916e-14,0.4,0.23568800000000367,1.6457820524048115e-06
1.9450625000009407,-0.020001645782052404,1.339728576558575e-14,0.4,0.23568799999999804,1.6457820524048115e-06
1.946062500000942,-0.020001645782052404,1.3384328880363953e-14,0.4,0.2356880000000126,1.6457820524048115e-06
1.9470625000009432,-0.020001645782052404,1.339867782763438e-14,0.4,0.23568800000000384,1.6457820524048115e-06
1.9480625000009444,-0.020001645782052404,1.3385480008596471e-14,0.4,0.23568800000000348,1.6457820524048115e-06
1.9490625000009456,-0.020001645782052404,1.3405771989997558e-14,0.4,0.23568799999999282,1.6457820524048115e-06
1.9500625000009468,-0.020001645782052404,1.3392252925871509e-14,0.4,0.23568799999999301,1.6457820524048115e-06
1.951062500000948,-0.020001645782052404,1.3401247788339536e-14,0.4,0.23568799999999804,1.6457820524048115e-06
1.9520625000009493,-0.020001645782052404,1.3388317673541749e-14,0.4,0.23568800000001244,1.6457820524048115e-06
1.9530625000009505,-0.020001645782052404,1.339369852876816e-14,0.4,0.23568799999999349,1.6457820524048115e-06
1.9540625000009517,-0.020001645782052404,1.3403683896924631e-14,0.4,0.23568799999999798,1.6457820524048115e-06
1.955062500000953,-0.020001645782052404,1.3390566389158761e-14,0.4,0.23568799999999804,1.6457820524048115e-06
1.9560625000009542,-0.020001645782052404,1.340456732091703e-14,0.4,0.23568800000000395,1.6457820524048115e-06
1.9570625000009554,-0.020001645782052404,1.3391128568063014e-14,0.4,0.23568800000000364,1.6457820524048115e-06
1.9580625000009566,-0.020001645782052404,1.3392386777991582e-14,0.4,0.2356879999999981,1.6457820524048115e-06
1.9590625000009578,-0.020001645782052404,1.3398195960002187e-14,0.4,0.23568799999999301,1.6457820524048115e-06
1.960062500000959,-0.020001645782052404,1.3394046544280331e-14,0.4,0.23568800000000364,1.6457820524048115e-06
1.9610625000009603,-0.020001645782052404,1.3394742575304646e-14,0.4,0.2356880000000128,1.6457820524048115e-06
1.9620625000009615,-0.020001645782052404,1.340057852773926e-14,0.4,0.2356879999999933,1.6457820524048115e-06
1.9630625000009627,-0.020001645782052404,1.3396081096505247e-14,0.4,0.23568800000000367,1.6457820524048115e-06
1.964062500000964,-0.020001645782052404,1.3397392847281837e-14,0.4,0.23568799999999798,1.6457820524048115e-06
1.9650625000009652,-0.020001645782052404,1.3403041406748367e-14,0.4,0.2356879999999927,1.6457820524048115e-06
1.9660625000009664,-0.020001645782052404,1.3398383352970281e-14,0.4,0.23568800000000367,1.6457820524048115e-06
1.9670625000009676,-0.020001645782052404,1.3399213236114653e-14,0.4,0.23568799999999798,1.6457820524048115e-06
1.9680625000009688,-0.020001645782052404,1.3386095728348783e-14,0.4,0.23568800000001267,1.6457820524048115e-06
1.96906250000097,-0.020001645782052404,1.340057852773927e-14,0.4,0.23568800000000378,1.6457820524048115e-06
1.9700625000009713,-0.020001645782052404,1.340124778833957e-14,0.4,0.23568799999999798,1.6457820524048115e-06
1.9710625000009725,-0.020001645782052404,1.3387942887605613e-14,0.4,0.2356880000000128,1.6457820524048115e-06
1.9720625000009737,-0.020001645782052404,1.3393457594952083e-14,0.4,0.23568799999999318,1.6457820524048115e-06
1.973062500000975,-0.020001645782052404,1.3389120786262143e-14,0.4,0.2356880000000036,1.6457820524048115e-06
1.9740625000009762,-0.020001645782052404,1.3390486077886756e-14,0.4,0.2356880000000125,1.6457820524048115e-06
1.9750625000009774,-0.020001645782052404,1.340467440261311e-14,0.4,0.23568800000000403,1.6457820524048115e-06
1.9760625000009786,-0.020001645782052404,1.3405691678725569e-14,0.4,0.23568799999999798,1.6457820524048115e-06
1.9770625000009798,-0.020001645782052404,1.339206553290347e-14,0.4,0.2356879999999981,1.6457820524048115e-06
1.978062500000981,-0.020001645782052404,1.3398276271274254e-14,0.4,0.23568799999999293,1.6457820524048115e-06
1.9790625000009823,-0.020001645782052404,1.3394046544280363e-14,0.4,0.23568800000000364,1.6457820524048115e-06
1.9800625000009835,-0.020001645782052404,1.3394876427424738e-14,0.4,0.2356879999999981,1.6457820524048115e-06
1.9810625000009847,-0.020001645782052404,1.3400846231979414e-14,0.4,0.23568799999999301,1.6457820524048115e-06
1.982062500000986,-0.020001645782052404,1.3396803897953604e-14,0.4,0.23568800000000378,1.6457820524048115e-06
1.9830625000009872,-0.020001645782052404,1.3397098372617736e-14,0.4,0.23568799999999804,1.6457820524048115e-06
1.9840625000009884,-0.020001645782052404,1.3403442963108578e-14,0.4,0.23568799999999293,1.6457820524048115e-06
1.9850625000009896,-0.020001645782052404,1.3398463664242351e-14,0.4,0.23568800000000378,1.6457820524048115e-06
1.9860625000009908,-0.020001645782052404,1.3385533549444563e-14,0.4,0.23568800000000348,1.6457820524048115e-06
1.987062500000992,-0.020001645782052404,1.3386738218525105e-14,0.4,0.2356880000000126,1.6457820524048115e-06
1.9880625000009933,-0.020001645782052404,1.3401354870035651e-14,0.4,0.2356880000000039,1.6457820524048115e-06
1.9890625000009945,-0.020001645782052404,1.3388371214389837e-14,0.4,0.2356880000000036,1.6457820524048115e-06
1.9900625000009957,-0.020001645782052404,1.3389549113046369e-14,0.4,0.2356880000000123,1.6457820524048115e-06
1.991062500000997,-0.020001645782052404,1.3394796116152722e-14,0.4,0.2356879999999933,1.6457820524048115e-06
1.9920625000009982,-0.020001645782052404,1.3405075958973326e-14,0.4,0.23568799999999795,1.6457820524048115e-06
1.9930625000009994,-0.020001645782052404,1.3391663976543324e-14,0.4,0.2356879999999981,1.6457820524048115e-06
1.9940625000010006,-0.020001645782052404,1.3397847944490095e-14,0.4,0.2356879999999933,1.6457820524048115e-06
1.9950625000010018,-0.020001645782052404,1.3393430824528118e-14,0.4,0.23568800000000373,1.6457820524048115e-06
1.996062500001003,-0.020001645782052404,1.339479611615273e-14,0.4,0.23568799999999815,1.6457820524048115e-06
1.9970625000010043,-0.020001645782052404,1.340081946155543e-14,0.4,0.23568799999999282,1.6457820524048115e-06
1.9980625000010055,-0.020001645782052404,1.339645588244148e-14,0.4,0.23568800000000367,1.6457820524048115e-06
1.9990625000010067,-0.020001645782052404,1.339768732194603e-14,0.4,0.23568799999999804,1.6457820524048115e-06
2.0000000000010076,-0.020001645782052404,1.3399855726291004e-14,0.4,0.23568800000000378,1.6457820524048115e-06
