time_s,q_m,velocity_m_s,actuator_n,contact_normal_n,penetration_m
6.25e-05,0.0,0.0,0.300044736,0.0,0.0
0.0010625000000000005,1.5394378378252502e-08,4.084182054019717e-05,0.3023720501666403,0.0,0.0
0.0020625000000000014,1.1106313232463405e-07,0.00015514160678935162,0.3045488057553229,0.0,0.0
0.0030625000000000023,3.5789373197842186e-07,0.00033809541586687225,0.3065817908854471,0.0,0.0
0.004062500000000003,8.220859813719741e-07,0.0005851169121887241,0.3084775454982049,0.0,0.0
0.005062500000000004,1.565365363801428e-06,0.0008918293830282474,0.31024236880211165,0.0,0.0
0.0060625000000000045,2.64518853099276e-06,0.0012540579946072464,0.31188232655164505,0.0,0.0
0.007062500000000005,4.114941173703279e-06,0.001667822283283914,0.31340325816034337,0.0,0.0
0.008062500000000005,6.024128505989519e-06,0.002129328876450576,0.31481078364984155,0.0,0.0
0.009062500000000006,8.418558590011909e-06,0.0026349644378045674,0.3161103104364364,0.0,0.0
0.010062500000000007,1.134051872293823e-05,0.00318128883170943,0.31730703995687776,0.0,0.0
0.011062500000000008,1.4828945102255228e-05,0.00376502850142081,0.3184059741351792,0.0,0.0
0.012062500000000009,1.8919585980603778e-05,0.004383070056011605,0.3194119216923282,0.0,0.0
0.01306250000000001,2.36451585161208e-05,0.0050324540608938035,0.32032950430085877,0.0,0.0
0.01406250000000001,2.9035499519203194e-05,0.0057103690268998945,0.32116316258631783,0.0,0.0
0.015062500000000012,3.511771029160749e-05,0.006414145592954314,0.32191716197772513,0.0,0.0
0.01606250000000001,4.191629574886636e-05,0.00714125089743507,0.32259559840918367,0.0,0.0
0.01706250000000001,4.94532980121412e-05,0.007889283133397129,0.3232024038748496,0.0,0.0
0.018062500000000013,5.7748424650839906e-05,0.008655966282902173,0.32374135183951597,0.0,0.0
0.019062500000000013,6.681917175261345e-05,0.009439145025773796,0.3242160625071065,0.0,0.0
0.020062500000000014,7.668094199270364e-05,0.010236779818172788,0.32463000794940755,0.0,0.0
0.021062500000000015,8.734715787005002e-05,0.011046942136464044,0.32498651709739945,0.0,0.0
0.022062500000000016,9.882937027307644e-05,0.011867809881923907,0.32528878059756866,0.0,0.0
0.023062500000000017,0.0001111373625336682,0.01269766294191534,0.32553985553560694,0.0,0.0
0.024062500000000018,0.00012427925012351978,0.013534878903237032,0.3257426700299156,0.0,0.0
0.02506250000000002,0.000138261576142782,0.014377928913431976,0.3259000276973467,0.0,0.0
0.02606250000000002,0.0001530894027467639,0.015225373685920546,0.32601461199362064,0.0,0.0
0.02706250000000002,0.0001687663986523542,0.016075859644903115,0.3260889904308626,0.0,0.0
0.02806250000000002,0.0001852949228618123,0.016928115206057033,0.32612561867470347,0.0,0.0
0.029062500000000022,0.00020267610473764788,0.017780947189132715,0.32612684452338575,0.0,0.0
0.030062500000000023,0.00022090992055845437,0.01863323735863334,0.3260949117713129,0.0,0.0
0.031062500000000024,0.00023999526668178859,0.019483939088842245,0.32603196395946904,0.0,0.0
0.03206250000000002,0.00025993002943649525,0.020332074149541253,0.325940048015129,0.0,0.0
0.03306250000000002,0.0002807111518632597,0.021176729608842065,0.3258211177832628,0.0,0.0
0.03406250000000002,0.00030233469741863686,0.022017054849631228,0.32567703745202536,0.0,0.0
0.035062500000000024,0.0003247959107543446,0.022852258696207085,0.3255095848747037,0.0,0.0
0.036062500000000025,0.0003480892756802322,0.023681606647764246,0.32532045479047644,0.0,0.0
0.037062500000000026,0.00037220857041602736,0.02450441821545779,0.3251112619463162,0.0,0.0
0.03806250000000003,0.000397146920233741,0.025320064359855395,0.32488354412234766,0.0,0.0
0.03906250000000003,0.00042289684758945427,0.026127965025660414,0.3246387650629457,0.0,0.0
0.04006250000000003,0.00044945031984013756,0.026927586770663627,0.32437831731583466,0.0,0.0
0.04106250000000003,0.0004767987946381465,0.027718440485954444,0.32410352498142264,0.0,0.0
0.04206250000000003,0.0005049332630931087,0.028500079204495207,0.3238156463745775,0.0,0.0
0.04306250000000003,0.0005338442907880593,0.02927209599523362,0.3235158766010208,0.0,0.0
0.04406250000000003,0.0005635220567338935,0.030034121939999346,0.323205350050489,0.0,0.0
0.04506250000000003,0.0005939563903434878,0.03078582419050003,0.32288514280877584,0.0,0.0
0.046062500000000034,0.0006251368065041961,0.03152690410280103,0.3225562749907443,0.0,0.0
0.047062500000000035,0.0006570525388248425,0.03225709544674082,0.32221971299636004,0.0,0.0
0.048062500000000036,0.0006896925711308244,0.03297616268780005,0.3218763716917674,0.0,0.0
0.04906250000000004,0.0007230456672784908,0.033683899339008595,0.32152711651739546,0.0,0.0
0.05006250000000004,0.0007571003993575775,0.034380126380538556,0.32117276552504936,0.0,0.0
0.05106250000000004,0.0007918451743481653,0.035064690744694864,0.32081409134590577,0.0,0.0
0.05206250000000004,0.0008272682592963703,0.03573746386407743,0.3204518230912998,0.0,0.0
0.05306250000000004,0.0008633578050707852,0.03639834028074947,0.3200866481881554,0.0,0.0
0.05406250000000004,0.0009001018687595507,0.03704723631430695,0.3197192141508743,0.0,0.0
0.05506250000000004,0.0009374884347658671,0.03768408878680278,0.3193501302914693,0.0,0.0
0.05606250000000004,0.000975505434657743,0.038308853802536756,0.3189799693696877,0.0,0.0
0.057062500000000044,0.0010141407658258111,0.03892150558077972,0.31860926918483756,0.0,0.0
0.058062500000000045,0.001053382309001145,0.03952203533955437,0.31823853411099723,0.0,0.0
0.059062500000000046,0.0010932179446831649,0.04011045022865093,0.31786823657724994,0.0,0.0
0.060062500000000046,0.0011336355685259165,0.040686772310107894,0.3174988184945536,0.0,0.0
0.06106250000000005,0.001174623105729276,0.04125103758444071,0.317130692630821,0.0,0.0
0.06206250000000005,0.0012161685244799379,0.04180329506095201,0.31676424393574953,0.0,0.0
0.06306249999999998,0.0012582598484854053,0.04234360587050658,0.3163998308169091,0.0,0.0
0.06406249999999987,0.0013008851686426084,0.04287204241920314,0.31603778636855995,0.0,0.0
0.06506249999999976,0.0013440326538812395,0.043388687581422704,0.3156784195546405,0.0,0.0
0.06606249999999965,0.001387690561220391,0.043893633930779434,0.31532201634732954,0.0,0.0
0.06706249999999954,0.0014318472450756395,0.04438698300754537,0.31496884082256016,0.0,0.0
0.06806249999999943,0.0014764911658523068,0.04486884462116528,0.3146191362138222,0.0,0.0
0.06906249999999932,0.0015216108978592779,0.045339336186520265,0.3142731259255648,0.0,0.0
0.07006249999999921,0.0015671951365764227,0.0457985820926419,0.3139310145074747,0.0,0.0
0.0710624999999991,0.001613232705307412,0.04624671310261902,0.31359298859087703,0.0,0.0
0.07206249999999899,0.001659712561248459,0.046683865783480445,0.31325921778847166,0.0,0.0
0.07306249999999888,0.0017066238010023426,0.047110181964875146,0.312929855558591,0.0,0.0
0.07406249999999877,0.001753955665565893,0.04752580822541006,0.3126050400351328,0.0,0.0
0.07506249999999866,0.0018016975448180157,0.04793089540554315,0.31228489482429084,0.0,0.0
0.07606249999999855,0.0018498389815342355,0.0483255981459649,0.31196952976918174,0.0,0.0
0.07706249999999844,0.0018983696749526986,0.048710074450437575,0.3116590416834312,0.0,0.0
0.07806249999999833,0.0019472794839155583,0.04908448527209515,0.31135351505476017,0.0,0.0
0.07906249999999822,0.0019965584296086952,0.0494489941222409,0.31105302271957946,0.0,0.0
0.08006249999999811,0.0020461966979217613,0.04980376670071184,0.31075762650957783,0.0,0.0
0.081062499999998,0.0020961846414496474,0.05014897054691102,0.31046737787125844,0.0,0.0
0.08206249999999789,0.0021465127811555714,0.05048477471063939,0.3101823184593534,0.0,0.0
0.08306249999999778,0.0021971718077151378,0.05081134944188913,0.3099024807050218,0.0,0.0
0.08406249999999767,0.0022481525825599003,0.05112886589878902,0.3096278883597089,0.0,0.0
0.08506249999999756,0.002299446138638163,0.0514374958729213,0.30935855701552,0.0,0.0
0.08606249999999745,0.0023510436809099896,0.05173741153125644,0.30909449460294025,0.0,0.0
0.08706249999999734,0.0024029365865926443,0.05202878517397921,0.30883570186670356,0.0,0.0
0.08806249999999723,0.0024551164051719917,0.052311789007505397,0.30858217282059486,0.0,0.0
0.08906249999999712,0.0025075748581946736,0.052586594932013536,0.308333895181944,0.0,0.0
0.090062499999997,0.002560303838855241,0.052853374342840626,0.308090850786548,0.0,0.0
0.0910624999999969,0.002613295411391762,0.05311229794511421,0.30785301598473835,0.0,0.0
0.09206249999999679,0.002666541810302821,0.05336353558101672,0.30762036201928467,0.0,0.0
0.09306249999999668,0.0027200354393982357,0.05360725606909983,0.30739285538580846,0.0,0.0
0.09406249999999657,0.002773768870695231,0.05384362705508836,0.30717045817635974,0.0,0.0
0.09506249999999646,0.002827734843171287,0.05407281487363426,0.30695312840678757,0.0,0.0
0.09606249999999635,0.002881926261384314,0.054294984420501596,0.3067408203285172,0.0,0.0
0.09706249999999624,0.0029363361939703375,0.054510299034682984,0.3065334847253286,0.0,0.0
0.09806249999999612,0.0029909578720283578,0.054718920389967174,0.3063310691957096,0.0,0.0
0.09906249999999601,0.0030457846874015894,0.05492100839549575,0.3061335184213413,0.0,0.0
0.1000624999999959,0.0031008101908638285,0.05511672110486518,0.3059407744222551,0.0,0.0
0.1010624999999958,0.003156028090219282,0.05530621463334737,0.30575277679918195,0.0,0.0
0.10206249999999568,0.003211432248323733,0.055489643082818764,0.3055694629635999,0.0,0.0
0.10306249999999557,0.003267016681034558,0.05566715847400443,0.3053907683559676,0.0,0.0
0.10406249999999546,0.003322775555096708,0.05583891068565909,0.3052166266526172,0.0,0.0
0.10506249999999535,0.003378703185971392,0.056005047400322173,0.3050469699617613,0.0,0.0
0.10606249999999524,0.0034347940356138397,0.056165714056298936,0.3048817290090593,0.0,0.0
0.10706249999999513,0.0034910427102062247,0.05632105380553341,0.30472083331316663,0.0,0.0
0.10806249999999502,0.0035474439578514192,0.05647120747705319,0.30456421135168144,0.0,0.0
0.10906249999999491,0.00360399266623304,0.056616313545678906,0.3044117907178867,0.0,0.0
0.1100624999999948,0.0036606838602468573,0.05675650810570412,0.30426349826867216,0.0,0.0
0.1110624999999947,0.003717512699608395,0.05689192484926386,0.3041192602640097,0.0,0.0
0.11206249999999458,0.003774474476441273,0.05702269504912191,0.3039790024983389,0.0,0.0
0.11306249999999447,0.003831564612850567,0.05714894754561831,0.3038426504242104,0.0,0.0
0.11406249999999436,0.0038887786584852163,0.05727080873752982,0.3037101292685203,0.0,0.0
0.11506249999999425,0.003946112288093258,0.05738840257660677,0.3035813641416604,0.0,0.0
0.11606249999999414,0.004003561299073463,0.05750185056556007,0.30345628013989134,0.0,0.0
0.11706249999999403,0.004061121609026671,0.057611271759282115,0.3033348024412428,0.0,0.0
0.11806249999999392,0.0041187892533100035,0.057716782769094824,0.30321685639522594,0.0,0.0
0.11906249999999381,0.004176560382596807,0.05781849776982759,0.3031023676066402,0.0,0.0
0.1200624999999937,0.004234431260445131,0.05791652850953664,0.30299126201373905,0.0,0.0
0.12106249999999359,0.0042923982608772185,0.0580109843216858,0.30288346596101673,0.0,0.0
0.12206249999999348,0.004350457865972419,0.05810197213961738,0.30277890626686277,0.0,0.0
0.12306249999999337,0.004408606663475713,0.058189596513149255,0.30267751028632484,0.0,0.0
0.12406249999999326,0.004466841344423899,0.05827395962714253,0.30257920596920973,0.0,0.0
0.12506249999999317,0.004525158700791322,0.05835516132189109,0.30248392191374524,0.0,0.0
0.12606249999999306,0.004583555623156893,0.0584332991151917,0.3023915874160168,0.0,0.0
0.12706249999999294,0.004642029098394022,0.05850846822595992,0.3023021325153826,0.0,0.0
0.12806249999999283,0.0047005762073849145,0.05858076159926417,0.30221548803606657,0.0,0.0
0.12906249999999272,0.004759194122760618,0.05865026993265583,0.3021315856251168,0.0,0.0
0.13006249999999261,0.004817880106668024,0.058717081703680174,0.3020503577869138,0.0,0.0
0.1310624999999925,0.00487663150856496,0.05878128319845803,0.3019717379144023,0.0,0.0
0.1320624999999924,0.0049354457630443865,0.058842958541234246,0.3018956603172155,0.0,0.0
0.13306249999999228,0.004994320387688613,0.05890218972479403,0.3018220602468525,0.0,0.0
0.13406249999999217,0.0050532529809543475,0.05895905664165356,0.30175087391906463,0.0,0.0
0.13506249999999206,0.005112241220089308,0.059013637115936234,0.3016820385335992,0.0,0.0
0.13606249999999195,0.0051712828590810426,0.05906600693585063,0.30161549229144136,0.0,0.0
0.13706249999999184,0.005230375726638492,0.05911623988669086,0.30155117440969587,0.0,0.0
0.13806249999999173,0.0052895177242068235,0.059164407784284175,0.3014890251342323,0.0,0.0
0.13906249999999162,0.005348706824015898,0.05921058050881526,0.3014289857502263,0.0,0.0
0.1400624999999915,0.0054079410671627436,0.059254826038960234,0.3013709985907127,0.0,0.0
0.1410624999999914,0.005467218561728288,0.0592972104862676,0.3013150070432673,0.0,0.0
0.1420624999999913,0.005526537480928582,0.059337798129726574,0.3012609555549284,0.0,0.0
0.14306249999999118,0.005585896061300675,0.05937665145046749,0.30120878963546044,0.0,0.0
0.14406249999999107,0.005645292600923218,0.0594138311665416,0.3011584558590647,0.0,0.0
0.14506249999999096,0.00570472545767188,0.05944939626773103,0.3011099018646304,0.0,0.0
0.14606249999999085,0.005764193047509567,0.0594834040503432,0.3010630763546198,0.0,0.0
0.14706249999999074,0.005823693842811412,0.059515910151946225,0.30101792909267505,0.0,0.0
0.14806249999999063,0.005883226370724437,0.05954696858600517,0.3009744109000302,0.0,0.0
0.14906249999999052,0.0059427892115617945,0.0595766317763814,0.30093247365081105,0.0,0.0
0.1500624999999904,0.006002380997231419,0.05960495059166002,0.30089207026629594,0.0,0.0
0.1510624999999903,0.0060620004096988925,0.059631974379272826,0.300853154708213,0.0,0.0
0.1520624999999902,0.0061216461794843195,0.059657750999386194,0.3008156819711437,0.0,0.0
0.15306249999999008,0.006181317084192942,0.05968232685852633,0.30077960807409676,0.0,0.0
0.15406249999998997,0.006241011947079237,0.059705746942915264,0.3007448900513181,0.0,0.0
0.15506249999998986,0.006300729635644186,0.059728054851494225,0.3007114859423959,0.0,0.0
0.15606249999998975,0.0063604690602653835,0.059749292828611925,0.3006793547817177,0.0,0.0
0.15706249999998964,0.006420229172859652,0.05976950179635782,0.3006484565873353,0.0,0.0
0.15806249999998953,0.006480008965577798,0.059788721386521665,0.30061875234928676,0.0,0.0
0.15906249999998942,0.00653980746953111,0.05980698997216266,0.3005902040174281,0.0,0.0
0.1600624999999893,0.006599623753549225,0.05982434469877285,0.3005627744888177,0.0,0.0
0.1610624999999892,0.006659456922968923,0.059840821515020994,0.3005364275947009,0.0,0.0
0.1620624999999891,0.006719306118453447,0.05985645520306446,0.30051112808713415,0.0,0.0
0.16306249999998898,0.006779170514841893,0.05987127940841825,0.30048684162529016,0.0,0.0
0.16406249999998887,0.006839049320028238,0.05988532666937122,0.30046353476148074,0.0,0.0
0.16506249999998876,0.006898941773869531,0.05989862844594095,0.30044117492693395,0.0,0.0
0.16606249999998865,0.006958847147122793,0.05991121514835985,0.30041973041735764,0.0,0.0
0.16706249999998854,0.007018764740410159,0.05992311616508587,0.3003991703783231,0.0,0.0
0.16806249999998843,0.007078693883211762,0.05993435989033289,0.3003794647904968,0.0,0.0
0.16906249999998832,0.0071386339328859,0.05994497375111587,0.300360584454751,0.0,0.0
0.1700624999999882,0.007198584273715985,0.059954984233807504,0.30034250097717696,0.0,0.0
0.1710624999999881,0.007258544315983791,0.059964416910203634,0.300325186754028,0.0,0.0
0.172062499999988,0.007318513495068501,0.05997329646309536,0.3003086149566156,0.0,0.0
0.17306249999998788,0.007378491270571069,0.059981646711347,0.3002927595161802,0.0,0.0
0.17406249999998777,0.007438477125463387,0.05998949063447915,0.3002775951087571,0.0,0.0
0.17506249999998766,0.007498470565261789,0.05999685039675715,0.30026309714005905,0.0,0.0
0.17606249999998755,0.007558471117224363,0.06000374737078594,0.30024924173039025,0.0,0.0
0.17706249999998744,0.007618478329571613,0.06001020216061234,0.3002360056996125,0.0,0.0
0.17806249999998733,0.007678491770729946,0.060016234624336987,0.3002233665521766,0.0,0.0
0.17906249999998722,0.007738511028597522,0.060021863896238314,0.30021130246223493,0.0,0.0
0.1800624999999871,0.007798535709831969,0.06002710840841122,0.3001997922588499,0.0,0.0
0.181062499999987,0.007858565439159474,0.06003198591192409,0.3001888154113078,0.0,0.0
0.1820624999999869,0.0079185998587048,0.060036513497497696,0.30017835201455384,0.0,0.0
0.18306249999998678,0.007978638627341682,0.060040707615710086,0.300168382774757,0.0,0.0
0.18406249999998667,0.008038681420063233,0.06004458409673193,0.30015888899501464,0.0,0.0
0.18506249999998656,0.008098727927371797,0.06004815816959701,0.30014985256120785,0.0,0.0
0.18606249999998645,0.008158777854687844,0.06005144448101306,0.300141255928013,0.0,0.0
0.18706249999998634,0.008218830921777448,0.06005445711371804,0.3001330821050806,0.0,0.0
0.18806249999998623,0.008278886862197856,0.06005720960438759,0.3001253146433857,0.0,0.0
0.18906249999998612,0.008338945422760731,0.06005971496109918,0.3001179376217589,0.0,0.0
0.190062499999986,0.008399006363012655,0.060061985680359156,0.3001109356336006,0.0,0.0
0.1910624999999859,0.008459069454732406,0.060064033763698746,0.3001042937737853,0.0,0.0
0.1920624999999858,0.00851913448144459,0.06006587073384514,0.3000979976257623,0.0,0.0
0.19306249999998568,0.00857920123794926,0.060067507650474375,0.3000920332488526,0.0,0.0
0.19406249999998557,0.008639269529867048,0.060068955125552354,0.30008638716574887,0.0,0.0
0.19506249999998546,0.008699339173199405,0.06007022333827068,0.3000810463502208,0.0,0.0
0.19606249999998535,0.00875940999390361,0.06007132204958421,0.3000759982150275,0.0,0.0
0.19706249999998524,0.008819481827482057,0.06007226061635694,0.30007123060004015,0.0,0.0
0.19806249999998513,0.008879554518585511,0.06007304800512333,0.3000667317605763,0.0,0.0
0.19906249999998502,0.008939627920629932,0.06007369280547188,0.3000624903559464,0.0,0.0
0.2000624999999849,0.008999701895426461,0.0600742032430579,0.3000584954382154,0.0,0.0
0.2010624999999848,0.009059776312824236,0.06007458719225256,0.3000547364411783,0.0,0.0
0.20206249999998468,0.009119851050365673,0.06007485218843536,0.3000512031695508,0.0,0.0
0.20306249999998457,0.009179925992953851,0.06007500543993678,0.3000478857883756,0.0,0.0
0.20406249999998446,0.009240001032531645,0.06007505383963833,0.30004477481264236,0.0,0.0
0.20506249999998435,0.009300076067772287,0.06007500397623705,0.300041861097124,0.0,0.0
0.20606249999998424,0.00936015100378103,0.060074862145181304,0.3000391358264248,0.0,0.0
0.20706249999998413,0.009420225751807555,0.06007463435928486,0.30003659050524256,0.0,0.0
0.20806249999998402,0.009480300228968836,0.06007432635902647,0.3000342169488419,0.0,0.0
0.20906249999998391,0.009540374357982141,0.06007394362254148,0.30003200727373786,0.0,0.0
0.2100624999999838,0.00960044806690786,0.06007349137531239,0.3000299538885886,0.0,0.0
0.2110624999999837,0.009660521288901868,0.06007297459956547,0.3000280494852946,0.0,0.0
0.21206249999998358,0.009720593961977123,0.06007239804337977,0.3000262870303044,0.0,0.0
0.21306249999998347,0.009780666028774254,0.060071766229515496,0.30002465975612136,0.0,0.0
0.21406249999998336,0.009840737436340785,0.06007108346396808,0.3000231611530139,0.0,0.0
0.21506249999998325,0.009900808135918803,0.06007035384425485,0.30002178496092363,0.0,0.0
0.21606249999998314,0.009960878082740779,0.060069581267440365,0.30002052516156913,0.0,0.0
0.21706249999998303,0.010020947235833239,0.060068769437907135,0.30001937597074596,0.0,0.0
0.21806249999998292,0.01008101555782811,0.06006792187487782,0.3000183318308163,0.0,0.0
0.2190624999999828,0.010141083014781461,0.060067041919695134,0.3000173874033878,0.0,0.0
0.2200624999999827,0.010201149575999366,0.06006613274286576,0.3000165375621801,0.0,0.0
0.2210624999999826,0.010261215213870708,0.06006519735087412,0.3000157773860728,0.0,0.0
0.22206249999998248,0.010321279903706683,0.060064238592772,0.3000151021523362,0.0,0.0
0.22306249999998237,0.010381343623586765,0.06006325916654999,0.30001450733003754,0.0,0.0
0.22406249999998226,0.010441406354210946,0.060062261625296355,0.30001398857362344,0.0,0.0
0.22506249999998215,0.010501468078757997,0.06006124838314912,0.30001354171667477,0.0,0.0
0.22606249999998204,0.010561528782749593,0.060060221721046844,0.30001316276582934,0.0,0.0
0.22706249999998193,0.01062158845392009,0.06005918379228363,0.30001284789487054,0.0,0.0
0.22806249999998182,0.010681647082091732,0.06005813662787371,0.30001259343898007,0.0,0.0
0.2290624999999817,0.010741704659055154,0.060057082141730875,0.3000123958891487,0.0,0.0
0.2300624999999816,0.01080176117845493,0.060056022135667915,0.3000122518867461,0.0,0.0
0.2310624999999815,0.010861816635680076,0.060054958304221216,0.3000121582182418,0.0,0.0
0.23206249999998138,0.010921871027759246,0.06005389223930529,0.30001211181007925,0.0,0.0
0.23306249999998127,0.010981924353260505,0.06005282543470246,0.30001210972369596,0.0,0.0
0.23406249999998116,0.011041976612195512,0.06005175929039202,0.3000121491506893,0.0,0.0
0.23506249999998105,0.011102027805927957,0.06005069511672407,0.30001222740812256,0.0,0.0
0.23606249999998094,0.011162077937086073,0.06004963413844204,0.3000123419339706,0.0,0.0
0.23706249999998083,0.011222127009479095,0.060048577498558846,0.30001249028270116,0.0,0.0
0.23806249999998072,0.011282175028017536,0.060047526262090804,0.30001267012098753,0.0,0.0
0.2390624999999806,0.011342221998637103,0.060046481419653665,0.30001287922355213,0.0,0.0
0.2400624999999805,0.011402267928226158,0.06004544389092497,0.3000131154691351,0.0,0.0
0.2410624999999804,0.011462312824556543,0.06004441452797669,0.3000133768365887,0.0,0.0
0.24206249999998028,0.01152235669621771,0.06004339411848233,0.30001366140109076,0.0,0.0
0.24306249999998017,0.011582399552553958,0.06004238338880228,0.30001396733047636,0.0,0.0
0.24406249999998006,0.011642441403604705,0.060041383006951304,0.30001429288168574,0.0,0.0
0.24506249999997995,0.011702482260047675,0.06004039358545163,0.3000146363973232,0.0,0.0
0.24606249999997984,0.011762522133144864,0.060039415684075774,0.30001499630232586,0.0,0.0
0.24706249999997973,0.011822561034691205,0.06003844981248201,0.3000153711007406,0.0,0.0
0.24806249999997962,0.011882598976965806,0.06003749643274644,0.3000157593726027,0.0,0.0
0.2490624999999795,0.011942635972685668,0.06003655596179476,0.30001615977091806,0.0,0.0
0.2500624999999794,0.012002672034961779,0.06003562877373703,0.30001657101874357,0.0,0.0
0.25106249999997976,0.012062707177257503,0.06003471520210877,0.30001699190636455,0.0,0.0
0.2520624999999801,0.012122741413349144,0.060033815542021224,0.30001742128856257,0.0,0.0
0.25306249999998043,0.012182774757288649,0.060032930052224126,0.3000178580819798,0.0,0.0
0.25406249999998076,0.012242807223368266,0.06003205895708369,0.30001830126256945,0.0,0.0
0.2550624999999811,0.012302838826087212,0.06003120244847871,0.30001874986313226,0.0,0.0
0.25606249999998143,0.012362869580120136,0.06003036068761776,0.30001920297093787,0.0,0.0
0.25706249999998176,0.01242289950028739,0.060029533806779875,0.30001965972542777,0.0,0.0
0.2580624999999821,0.012482928601526982,0.06002872191098161,0.30002011931599837,0.0,0.0
0.25906249999998243,0.012542956898868168,0.06002792507957293,0.3000205809798603,0.0,0.0
0.26006249999998277,0.012602984407406611,0.060027143367764456,0.3000210439999732,0.0,0.0
0.2610624999999831,0.01266301114228102,0.06002637680808844,0.30002150770305425,0.0,0.0
0.26206249999998343,0.012723037118651215,0.060025625411795826,0.30002197145765613,0.0,0.0
0.26306249999998377,0.012783062351677563,0.060024889170191734,0.30002243467231476,0.0,0.0
0.2640624999999841,0.012843086856501712,0.060024168055911514,0.30002289679376426,0.0,0.0
0.26506249999998444,0.012903110648228576,0.060023462024139586,0.30002335730521473,0.0,0.0
0.26606249999998477,0.01296313374190951,0.060022771013773034,0.3000238157246957,0.0,0.0
0.2670624999999851,0.013023156152526609,0.06002209494853215,0.3000242716034578,0.0,0.0
0.26806249999998544,0.013083177894978103,0.06002143373801975,0.3000247245244356,0.0,0.0
0.26906249999998577,0.01314319898406478,0.06002078727873118,0.3000251741007677,0.0,0.0
0.2700624999999861,0.013203219434477395,0.060020155455016946,0.30002561997436955,0.0,0.0
0.27106249999998644,0.01326323926078502,0.060019538139999634,0.3000260618145651,0.0,0.0
0.2720624999999868,0.013323258477424268,0.06001893519644699,0.3000264993167659,0.0,0.0
0.2730624999999871,0.013383277098689392,0.06001834647760271,0.3000269322012046,0.0,0.0
0.27406249999998744,0.013443295138723194,0.06001777182797659,0.3000273602117136,0.0,0.0
0.2750624999999878,0.013503312611508677,0.06001721108409572,0.3000277831145548,0.0,0.0
0.2760624999999881,0.013563329530861458,0.060016664075218065,0.3000282006972923,0.0,0.0
0.27706249999998844,0.01362334591042285,0.06001613062401011,0.30002861276771214,0.0,0.0
0.2780624999999888,0.013683361763653621,0.06001561054718982,0.30002901915278185,0.0,0.0
0.2790624999999891,0.013743377103828376,0.06001510365613633,0.30002941969765495,0.0,0.0
0.28006249999998944,0.013803391944030517,0.060014609757467884,0.30002981426471265,0.0,0.0
0.2810624999999898,0.013863406297147782,0.06001412865358895,0.300030202732647,0.0,0.0
0.2820624999999901,0.013923420175868315,0.06001366014320818,0.3000305849955788,0.0,0.0
0.28306249999999045,0.01398343359267722,0.060013204021828075,0.3000309609622147,0.0,0.0
0.2840624999999908,0.014043446559853609,0.06001276008220772,0.30003133055503695,0.0,0.0
0.2850624999999911,0.014103459089468095,0.060012328114799604,0.3000316937095288,0.0,0.0
0.28606249999999145,0.0141634711933807,0.06001190790816174,0.3000320503734308,0.0,0.0
0.2870624999999918,0.014223482883239179,0.060011499249345915,0.30003240050603075,0.0,0.0
0.2880624999999921,0.014283494170477693,0.060011101924263406,0.30003274407748215,0.0,0.0
0.28906249999999245,0.014343505066315878,0.06001071571802878,0.3000330810681533,0.0,0.0
0.2900624999999928,0.014403515581758194,0.060010340415283026,0.300033411468004,0.0,0.0
0.2910624999999931,0.014463525727593633,0.060009975800496704,0.3000337352759907,0.0,0.0
0.29206249999999345,0.014523535514395695,0.060009621658254075,0.3000340524994965,0.0,0.0
0.2930624999999938,0.014583544952522644,0.06000927777351923,0.30003436315378723,0.0,0.0
0.2940624999999941,0.014643554052118014,0.06000894393188462,0.3000346672614933,0.0,0.0
0.29506249999999445,0.01470356282311139,0.06000861991980321,0.30003496485211195,0.0,0.0
0.2960624999999948,0.014763571275219342,0.060008305524804725,0.3000352559615365,0.0,0.0
0.2970624999999951,0.014823579417946648,0.060008000535696854,0.3000355406316034,0.0,0.0
0.29806249999999546,0.014883587260587652,0.060007704742752035,0.3000358189096634,0.0,0.0
0.2990624999999958,0.014943594812227828,0.06000741793788058,0.30003609084817073,0.0,0.0
0.3000624999999961,0.0150036020817455,0.060007139914790765,0.30003635650429417,0.0,0.0
0.30106249999999646,0.015063609077813723,0.060006870469136324,0.3000366159395442,0.0,0.0
0.3020624999999968,0.015123615808902298,0.06000660939865238,0.3000368692194209,0.0,0.0
0.3030624999999971,0.015183622283279926,0.06000635650327985,0.3000371164130765,0.0,0.0
0.30406249999999746,0.015243628509016479,0.06000611158527942,0.30003735759299704,0.0,0.0
0.3050624999999978,0.01530363449398536,0.060005874449335084,0.30003759283469855,0.0,0.0
0.3060624999999981,0.015363640245865985,0.060005644902648286,0.3000378222164393,0.0,0.0
0.30706249999999846,0.015423645772146352,0.06000542275502268,0.3000380458189465,0.0,0.0
0.3080624999999988,0.015483651080125676,0.06000520781894042,0.3000382637251575,0.0,0.0
0.30906249999999913,0.015543656176917112,0.06000499990963007,0.3000384760199739,0.0,0.0
0.31006249999999946,0.01560366106945053,0.06000479884512676,0.3000386827900301,0.0,0.0
0.3110624999999998,0.015663665764475337,0.06000460444632498,0.30003888412347285,0.0,0.0
0.31206250000000013,0.01572367026856341,0.060004416537024416,0.3000390801097531,0.0,0.0
0.31306250000000047,0.01578367458811194,0.06000423494396919,0.3000392708394318,0.0,0.0
0.3140625000000008,0.01584367872934647,0.06000405949688075,0.30003945640399265,0.0,0.0
0.31506250000000113,0.015903682698323856,0.06000389002848515,0.30003963689566787,0.0,0.0
0.31606250000000147,0.01596368650093527,0.06000372637453457,0.3000398124072751,0.0,0.0
0.3170625000000018,0.01602369014290928,0.060003568373823736,0.30003998303206036,0.0,0.0
0.31806250000000214,0.016083693629814832,0.06000341586820134,0.3000401488635549,0.0,0.0
0.31906250000000247,0.016143696967064386,0.060003268702577064,0.3000403099954365,0.0,0.0
0.3200625000000028,0.016203700159916918,0.060003126724924034,0.30004046652140237,0.0,0.0
0.32106250000000314,0.01626370321348101,0.06000298978627741,0.30004061853504915,0.0,0.0
0.32206250000000347,0.016323706132717903,0.060002857740729096,0.30004076612976044,0.0,0.0
0.3230625000000038,0.01638370892244454,0.06000273044541893,0.30004090939860195,0.0,0.0
0.32406250000000414,0.01644371158733663,0.06000260776052255,0.30004104843422297,0.0,0.0
0.3250625000000045,0.016503714131931666,0.060002489549236246,0.30004118332876606,0.0,0.0
0.3260625000000048,0.01656371656063192,0.06000237567775884,0.3000413141737821,0.0,0.0
0.32706250000000514,0.016623718877707448,0.060002266015271,0.30004144106015196,0.0,0.0
0.3280625000000055,0.01668372108729908,0.060002160433912,0.3000415640780125,0.0,0.0
0.3290625000000058,0.01674372319342134,0.060002058808754324,0.30004168331669084,0.0,0.0
0.33006250000000614,0.016803725199965355,0.060001961017775975,0.30004179886464216,0.0,0.0
0.3310625000000065,0.016863727110701773,0.060001866941831,0.3000419108093923,0.0,0.0
0.3320625000000068,0.016923728929283614,0.06000177646461824,0.3000420192374855,0.0,0.0
0.33306250000000714,0.01698373065924908,0.060001689472648397,0.30004212423443855,0.0,0.0
0.3340625000000075,0.017043732304024378,0.0600016058552096,0.3000422258846951,0.0,0.0
0.3350625000000078,0.017103733866926447,0.060001525504331674,0.3000423242715883,0.0,0.0
0.33606250000000815,0.017163735351165697,0.060001448314749246,0.3000424194773052,0.0,0.0
0.3370625000000085,0.01722373675984871,0.06000137418386366,0.3000425115828548,0.0,0.0
0.3380625000000088,0.01728373809598085,0.060001303011704,0.3000426006680402,0.0,0.0
0.33906250000000915,0.017343739362468892,0.060001234700887196,0.3000426868114347,0.0,0.0
0.3400625000000095,0.017403740562123588,0.06000116915657747,0.30004277009035796,0.0,0.0
0.3410625000000098,0.0174637416976622,0.06000110628644497,0.3000428505808599,0.0,0.0
0.34206250000001015,0.017523742771710954,0.060001046000624,0.30004292835770346,0.0,0.0
0.3430625000000105,0.017583743786807503,0.06000098821167071,0.3000430034943517,0.0,0.0
0.3440625000000108,0.01764374474540333,0.06000093283452039,0.30004307606295727,0.0,0.0
0.34506250000001115,0.017703745649866105,0.060000879786444465,0.30004314613435273,0.0,0.0
0.3460625000000115,0.017763746502481977,0.06000082898700727,0.3000432137780468,0.0,0.0
0.3470625000000118,0.017823747305457854,0.06000078035802262,0.3000432790622185,0.0,0.0
0.34806250000001215,0.017883748060923653,0.060000733823510365,0.3000433420537151,0.0,0.0
0.3490625000000125,0.017943748770934454,0.060000689309652744,0.30004340281805164,0.0,0.0
0.3500625000000128,0.01800374943747265,0.06000064674475096,0.3000434614194133,0.0,0.0
0.35106250000001316,0.01806375006245003,0.060000606059181665,0.3000435179206579,0.0,0.0
0.3520625000000135,0.018123750647709855,0.060000567185353654,0.30004357238332013,0.0,0.0
0.3530625000000138,0.01818375119502885,0.06000053005766474,0.3000436248676174,0.0,0.0
0.35406250000001416,0.018243751706119183,0.06000049461245875,0.3000436754324568,0.0,0.0
0.3550625000000145,0.018303752182630372,0.060000460787982865,0.3000437241354442,0.0,0.0
0.3560625000000148,0.018363752626151177,0.06000042852434522,0.30004377103289387,0.0,0.0
0.35706250000001516,0.01842375303821143,0.06000039776347288,0.3000438161798376,0.0,0.0
0.3580625000000155,0.018483753420283848,0.06000036844907006,0.30004385963003755,0.0,0.0
0.3590625000000158,0.018543753773785775,0.06000034052657687,0.3000439014359978,0.0,0.0
0.36006250000001616,0.018603754100080895,0.0600003139431284,0.30004394164897835,0.0,0.0
0.3610625000000165,0.01866375440048091,0.06000028864751425,0.3000439803190078,0.0,0.0
0.36206250000001683,0.018723754676247175,0.0600002645901386,0.3000440174948998,0.0,0.0
0.36306250000001716,0.018783754928592297,0.060000241722980636,0.3000440532242657,0.0,0.0
0.3640625000000175,0.018843755158681662,0.06000021999955565,0.3000440875535333,0.0,0.0
0.36506250000001783,0.018903755367634983,0.06000019937487646,0.3000441205279607,0.0,0.0
0.36606250000001817,0.018963755556527753,0.06000017980541563,0.3000441521916547,0.0,0.0
0.3670625000000185,0.019023755726392727,0.06000016124906798,0.300044182587586,0.0,0.0
0.36806250000001883,0.019083755878221264,0.06000014366511384,0.3000442117576083,0.0,0.0
0.36906250000001917,0.019143756012964717,0.06000012701418281,0.30004423974247685,0.0,0.0
0.3700625000000195,0.019203756131535802,0.06000011125821812,0.30004426658186334,0.0,0.0
0.37106250000001983,0.019263756234809838,0.060000096360441575,0.30004429231437735,0.0,0.0
0.37206250000002017,0.019323756323626026,0.06000008228531913,0.3000443169775834,0.0,0.0
0.3730625000000205,0.01938375639878869,0.060000068998527015,0.30004434060802004,0.0,0.0
0.37406250000002084,0.01944375646106845,0.06000005646691855,0.30004436324121764,0.0,0.0
0.37506250000002117,0.019503756511203413,0.06000004465849154,0.300044384911718,0.0,0.0
0.3760625000000215,0.01956375654990024,0.06000003354235618,0.30004440565309365,0.0,0.0
0.37706250000002184,0.01962375657783531,0.0600000230887038,0.3000444254979663,0.0,0.0
0.3780625000000222,0.019683756595655737,0.060000013268776034,0.30004444447802514,0.0,0.0
0.3790625000000225,0.019743756603980426,0.06000000405483475,0.3000444626240468,0.0,0.0
0.38006250000002284,0.019803756603401074,0.059999995420132415,0.3000444799659139,0.0,0.0
0.3810625000000232,0.01986375659448315,0.05999998733888327,0.3000444965326333,0.0,0.0
0.3820625000000235,0.019923756577766818,0.05999997978623502,0.3000445123523557,0.0,0.0
0.38306250000002384,0.019983756553767888,0.05999997273824114,0.3000445274523938,0.0,0.0
0.3840625000000242,0.02004375652297868,0.05999996617183384,0.30004454185924057,0.0,0.0
0.3850625000000245,0.020103756485868925,0.059999960064797554,0.3000445555985878,0.0,0.0
0.38606250000002484,0.020163756442886545,0.05999995439574306,0.3000445686953452,0.0,0.0
0.3870625000000252,0.02022375639445853,0.05999994914408221,0.3000445811736566,0.0,0.0
0.3880625000000255,0.020283756340991686,0.05999994429000323,0.3000445930569195,0.0,0.0
0.38906250000002585,0.020343756282873403,0.05999993981444662,0.30004460436780217,0.0,0.0
0.3900625000000262,0.02040375622047241,0.059999935699081644,0.3000446151282612,0.0,0.0
0.3910625000000265,0.020463756154139468,0.059999931926283265,0.30004462535955856,0.0,0.0
0.39206250000002685,0.0205237560842081,0.05999992847910986,0.30004463508227874,0.0,0.0
0.3930625000000272,0.020583756010995217,0.05999992534128125,0.30004464431634603,0.0,0.0
0.3940625000000275,0.020643755934801816,0.05999992249715747,0.30004465308104056,0.0,0.0
0.39506250000002785,0.020703755855913556,0.05999991993171802,0.3000446613950153,0.0,0.0
0.3960625000000282,0.02076375577460142,0.05999991763054154,0.3000446692763117,0.0,0.0
0.3970625000000285,0.02082375569112227,0.05999991557978619,0.3000446767423752,0.0,0.0
0.39806250000002885,0.020883755605719423,0.05999991376617037,0.3000446838100724,0.0,0.0
0.3990625000000292,0.020943755518623215,0.05999991217695411,0.3000446904957044,0.0,0.0
0.4000625000000295,0.021003755430051497,0.0599999107999208,0.3000446968150244,0.0,0.0
0.40106250000002985,0.0210637553402102,0.05999990962335958,0.30004470278324946,0.0,0.0
0.4020625000000302,0.021123755249293795,0.059999908636048094,0.30004470841507797,0.0,0.0
0.4030625000000305,0.02118375515748578,0.059999907827235625,0.30004471372470204,0.0,0.0
0.40406250000003086,0.02124375506495915,0.059999907186626976,0.300044718725823,0.0,0.0
0.4050625000000312,0.021303754971876827,0.059999906704366536,0.3000447234316641,0.0,0.0
0.4060625000000315,0.021363754878392125,0.05999990637102297,0.3000447278549844,0.0,0.0
0.40706250000003186,0.021423754784649134,0.05999990617757419,0.300044732008092,0.0,0.0
0.4080625000000322,0.021483754690783126,0.05999990611539296,0.3000447359028577,0.0,0.0
0.4090625000000325,0.021543754596920952,0.059999906176232645,0.3000447395507265,0.0,0.0
0.41006250000003286,0.021603754503181433,0.05999990635221367,0.30004474296273054,0.0,0.0
0.4110625000000332,0.021663754409675683,0.05999990663581012,0.3000447461495014,0.0,0.0
0.4120625000000335,0.021723754316507464,0.05999990701983695,0.30004474912128265,0.0,0.0
0.41306250000003386,0.021783754223773537,0.05999990749743743,0.30004475188794066,0.0,0.0
0.4140625000000342,0.021843754131563975,0.059999908062070985,0.3000447544589759,0.0,0.0
0.41506250000003453,0.02190375403996248,0.05999990870750157,0.3000447568435344,0.0,0.0
0.41606250000003486,0.021963753949046656,0.05999990942778608,0.3000447590504191,0.0,0.0
0.4170625000000352,0.022023753858888336,0.059999910217263454,0.3000447610880996,0.0,0.0
0.41806250000003553,0.022083753769553825,0.05999991107054391,0.30004476296472254,0.0,0.0
0.41906250000003586,0.02214375368110419,0.05999991198249857,0.3000447646881228,0.0,0.0
0.4200625000000362,0.022203753593595468,0.059999912948249454,0.3000447662658329,0.0,0.0
0.42106250000003653,0.022263753507078998,0.0599999139631597,0.3000447677050914,0.0,0.0
0.42206250000003687,0.022323753421601568,0.05999991502282418,0.3000447690128542,0.0,0.0
0.4230625000000372,0.022383753337205693,0.05999991612306044,0.3000447701958027,0.0,0.0
0.42406250000003753,0.022443753253929825,0.05999991725989978,0.30004477126035234,0.0,0.0
0.42506250000003787,0.022503753171808548,0.0599999184295788,0.30004477221266246,0.0,0.0
0.4260625000000382,0.022563753090872784,0.05999991962853118,0.30004477305864374,0.0,0.0
0.42706250000003854,0.02262375301115,0.059999920853379574,0.3000447738039674,0.0,0.0
0.42806250000003887,0.022683752932664378,0.059999922100928076,0.30004477445407185,0.0,0.0
0.4290625000000392,0.022743752855437005,0.059999923368154635,0.30004477501417154,0.0,0.0
0.43006250000003954,0.022803752779486035,0.05999992465220396,0.30004477548926434,0.0,0.0
0.43106250000003987,0.02286375270482683,0.05999992595038045,0.30004477588413964,0.0,0.0
0.4320625000000402,0.02292375263147216,0.05999992726014161,0.3000447762033839,0.0,0.0
0.43306250000004054,0.022983752559432323,0.05999992857909148,0.3000447764513895,0.0,0.0
0.4340625000000409,0.023043752488715305,0.05999992990497439,0.30004477663235946,0.0,0.0
0.4350625000000412,0.023103752419326894,0.05999993123566897,0.3000447767503164,0.0,0.0
0.43606250000004154,0.023163752351270835,0.05999993256918229,0.3000447768091069,0.0,0.0
0.4370625000000419,0.023223752284548947,0.05999993390364423,0.300044776812409,0.0,0.0
0.4380625000000422,0.02328375221916124,0.059999935237302064,0.30004477676373775,0.0,0.0
0.43906250000004254,0.023343752155106014,0.059999936568515266,0.3000447766664515,0.0,0.0
0.4400625000000429,0.02340375209238001,0.05999993789575047,0.300044776523757,0.0,0.0
0.4410625000000432,0.023463752030978488,0.0599999392175766,0.3000447763387147,0.0,0.0
0.44206250000004355,0.023523751970895325,0.05999994053266017,0.3000447761142453,0.0,0.0
0.4430625000000439,0.023583751912123092,0.059999941839760866,0.3000447758531345,0.0,0.0
0.4440625000000442,0.0236437518546532,0.05999994313772717,0.3000447755580373,0.0,0.0
0.44506250000004455,0.02370375179847594,0.059999944425492155,0.3000447752314834,0.0,0.0
0.4460625000000449,0.02376375174358058,0.05999994570206951,0.30004477487588205,0.0,0.0
0.4470625000000452,0.02382375168995544,0.059999946966549665,0.30004477449352657,0.0,0.0
0.44806250000004555,0.023883751637587977,0.059999948218096094,0.30004477408659896,0.0,0.0
0.4490625000000459,0.02394375158646484,0.05999994945594172,0.3000447736571735,0.0,0.0
0.4500625000000462,0.02400375153657196,0.05999995067938546,0.30004477320722184,0.0,0.0
0.45106250000004655,0.02406375148789458,0.05999995188778903,0.3000447727386164,0.0,0.0
0.4520625000000469,0.02412375144041736,0.059999953080573674,0.3000447722531347,0.0,0.0
0.4530625000000472,0.02418375139412438,0.059999954257217145,0.3000447717524632,0.0,0.0
0.45406250000004755,0.02424375134899926,0.05999995541725078,0.30004477123819995,0.0,0.0
0.4550625000000479,0.02430375130502516,0.05999995656025675,0.30004477071185914,0.0,0.0
0.4560625000000482,0.024363751262184853,0.05999995768586527,0.30004477017487463,0.0,0.0
0.45706250000004855,0.024423751220460768,0.059999958793752126,0.3000447696286022,0.0,0.0
0.4580625000000489,0.02448375117983502,0.0599999598836361,0.3000447690743246,0.0,0.0
0.4590625000000492,0.024543751140289487,0.05999996095527668,0.30004476851325146,0.0,0.0
0.46006250000004956,0.02460375110180581,0.05999996200847172,0.3000447679465261,0.0,0.0
0.4610625000000499,0.02466375106436546,0.0599999630430553,0.30004476737522545,0.0,0.0
0.4620625000000502,0.024723751027949742,0.05999996405889562,0.3000447668003645,0.0,0.0
0.46306250000005056,0.02478375099253986,0.05999996505589304,0.30004476622289816,0.0,0.0
0.4640625000000509,0.024843750958116934,0.05999996603397809,0.30004476564372395,0.0,0.0
0.4650625000000512,0.024903750924662026,0.05999996699310973,0.30004476506368527,0.0,0.0
0.46606250000005156,0.02496375089215617,0.05999996793327356,0.300044764483572,0.0,0.0
0.4670625000000519,0.025023750860580406,0.05999996885448014,0.3000447639041252,0.0,0.0
0.46806250000005223,0.02508375082991579,0.05999996975676343,0.3000447633260371,0.0,0.0
0.46906250000005256,0.025143750800143437,0.059999970640179194,0.30004476274995473,0.0,0.0
0.4700625000000529,0.025203750771244506,0.059999971504803615,0.3000447621764817,0.0,0.0
0.47106250000005323,0.02526375074320025,0.0599999723507319,0.3000447616061804,0.0,0.0
0.47206250000005356,0.02532375071599204,0.05999997317807687,0.3000447610395723,0.0,0.0
0.4730625000000539,0.025383750689601366,0.059999973986967825,0.3000447604771419,0.0,0.0
0.47406250000005423,0.02544375066400984,0.059999974777549224,0.30004475991933754,0.0,0.0
0.47506250000005457,0.025503750639199244,0.059999975549979614,0.30004475936657354,0.0,0.0
0.4760625000000549,0.025563750615151502,0.0599999763044305,0.30004475881923126,0.0,0.0
0.47706250000005523,0.02562375059184875,0.059999977041085305,0.3000447582776609,0.0,0.0
0.47806250000005557,0.025683750569273286,0.05999997776013839,0.3000447577421832,0.0,0.0
0.4790625000000559,0.02574375054740761,0.05999997846179415,0.30004475721309143,0.0,0.0
0.48006250000005624,0.02580375052623445,0.05999997914626601,0.3000447566906509,0.0,0.0
0.48106250000005657,0.025863750505736728,0.05999997981377571,0.30004475617510296,0.0,0.0
0.4820625000000569,0.02592375048589761,0.05999998046455242,0.3000447556666642,0.0,0.0
0.48306250000005724,0.025983750466700484,0.05999998109883201,0.3000447551655285,0.0,0.0
0.48406250000005757,0.026043750448128976,0.05999998171685633,0.30004475467186836,0.0,0.0
0.4850625000000579,0.02610375043016697,0.05999998231887245,0.3000447541858358,0.0,0.0
0.48606250000005824,0.026163750412798586,0.05999998290513215,0.30004475370756356,0.0,0.0
0.4870625000000586,0.026223750396008216,0.05999998347589117,0.30004475323716556,0.0,0.0
0.4880625000000589,0.02628375037978048,0.059999984031408674,0.30004475277473974,0.0,0.0
0.48906250000005924,0.026343750364100284,0.059999984571946795,0.30004475232036654,0.0,0.0
0.4900625000000596,0.026403750348952783,0.05999998509776997,0.3000447518741117,0.0,0.0
0.4910625000000599,0.026463750334323407,0.05999998560914459,0.3000447514360263,0.0,0.0
0.49206250000006024,0.026523750320197853,0.0599999861063384,0.30004475100614786,0.0,0.0
0.4930625000000606,0.026583750306562074,0.059999986589620205,0.3000447505845012,0.0,0.0
0.4940625000000609,0.026643750293402314,0.059999987059259394,0.30004475017109866,0.0,0.0
0.49506250000006125,0.026703750280705065,0.059999987515525585,0.3000447497659418,0.0,0.0
0.4960625000000616,0.026763750268457096,0.05999998795868822,0.3000447493690219,0.0,0.0
0.4970625000000619,0.02682375025664545,0.0599999883890163,0.3000447489803196,0.0,0.0
0.49806250000006225,0.02688375024525743,0.059999988806778065,0.30004474859980695,0.0,0.0
0.4990625000000626,0.02694375023428062,0.05999998921224062,0.3000447482274468,0.0,0.0
0.5000625000000628,0.027003750223702865,0.05999998960566947,0.30004474786304347,0.0,0.0
0.5010625000000622,0.027063734819133885,0.059959148166784444,0.29771743334021544,0.0,0.0
0.5020625000000617,0.027123639140564846,0.05984484875068392,0.2955406774033416,0.0,0.0
0.5030625000000611,0.027183392300514253,0.059661895300508805,0.29350769193295667,0.0,0.0
0.5040625000000606,0.02724292809916697,0.05941487415210122,0.2916119369877974,0.0,0.0
0.50506250000006,0.027302184811028845,0.05910816201844343,0.28984711335927116,0.0,0.0
0.5060625000000595,0.027361104979437546,0.05874593373356668,0.28820715529281915,0.0,0.0
0.5070625000000589,0.027419635218691975,0.05833216976136305,0.2866862233748163,0.0,0.0
0.5080625000000584,0.02747772602356798,0.057870663474687604,0.28527869758353697,0.0,0.0
0.5090625000000578,0.02753533158599355,0.05736502821008736,0.2839791705025898,0.0,0.0
0.5100625000000573,0.027592409618661894,0.05681870410343996,0.2827824406951278,0.0,0.0
0.5110625000000567,0.02764892118536617,0.05623496471172774,0.2816835062370359,0.0,0.0
0.5120625000000562,0.02770483053784459,0.05561692342611239,0.2806775584072232,0.0,0.0
0.5130625000000556,0.027760104958930148,0.054967539681413075,0.27975997553304877,0.0,0.0
0.514062500000055,0.027814714611803737,0.054289624967024996,0.2789263169888584,0.0,0.0
0.5150625000000545,0.027868632395155184,0.05358584864424778,0.2781723173455213,0.0,0.0
0.5160625000000539,0.02792183380406072,0.05285874357492384,0.27749388066882286,0.0,0.0
0.5170625000000534,0.027974296796391178,0.05211071156621499,0.27688707496449394,0.0,0.0
0.5180625000000528,0.028026001664569367,0.051344028636272576,0.27634812676762677,0.0,0.0
0.5190625000000523,0.028076930912500048,0.05056085010548232,0.2758734158741825,0.0,0.0
0.5200625000000517,0.028127069137500613,0.04976321551788892,0.2754594702122585,0.0,0.0
0.5210625000000512,0.02817640291706495,0.04895305339732917,0.2751029608507579,0.0,0.0
0.5220625000000506,0.02822492070029767,0.04813218584272461,0.2748006971430773,0.0,0.0
0.5230625000000501,0.02827261270386011,0.047302332966906335,0.2745496220034078,0.0,0.0
0.5240625000000495,0.028319470812274,0.04646511718326586,0.2743468073132308,0.0,0.0
0.525062500000049,0.028365488482432796,0.04562206734444656,0.2741894494555771,0.0,0.0
0.5260625000000484,0.02841066065217498,0.04477462273721065,0.2740748649746096,0.0,0.0
0.5270625000000478,0.02845498365277764,0.04392413693753645,0.2740004863580865,0.0,0.0
0.5280625000000473,0.02849845512523266,0.04307188152992161,0.2739638579402611,0.0,0.0
0.5290625000000467,0.028541073940171857,0.042219049694786875,0.2739626319227757,0.0,0.0
0.5300625000000462,0.028582840121311123,0.04136675966779648,0.27399456451111226,0.0,0.0
0.5310625000000456,0.028623754772287555,0.04051605807483078,0.2740575121641732,0.0,0.0
0.5320625000000451,0.02866382000676713,0.03966792314626792,0.27414942795457076,0.0,0.0
0.5330625000000445,0.028703038881704144,0.03882326781415253,0.2742683580372231,0.0,0.0
0.534062500000044,0.02874141533363717,0.03798294269575073,0.27441243822386485,0.0,0.0
0.5350625000000434,0.02877895411790977,0.037147738966913244,0.27457989066109917,0.0,0.0
0.5360625000000429,0.028815660750707527,0.036318391128591004,0.2747690206096394,0.0,0.0
0.5370625000000423,0.028851541453806286,0.035495579669770946,0.27497821332240574,0.0,0.0
0.5380625000000417,0.02888660310192975,0.034679933630023925,0.2752059310191678,0.0,0.0
0.5390625000000412,0.02892085317261767,0.033872033064781655,0.27545070995544707,0.0,0.0
0.5400625000000406,0.028954299698509076,0.03307241141638508,0.2757111575834158,0.0,0.0
0.5410625000000401,0.028986951221947714,0.0322815577938732,0.2759859498025651,0.0,0.0
0.5420625000000395,0.0290188167518202,0.03149991916440876,0.2762738282979268,0.0,0.0
0.543062500000039,0.029049905722539862,0.030727902459165898,0.2765735979636809,0.0,0.0
0.5440625000000384,0.029080227955092294,0.02996587659643361,0.2768841244099943,0.0,0.0
0.5450625000000379,0.02910979362006121,0.029214174424619817,0.27720433155097846,0.0,0.0
0.5460625000000373,0.029138613202555966,0.02847309458777157,0.27753319927167663,0.0,0.0
0.5470625000000368,0.029166697468964577,0.02774290331615984,0.277869761172031,0.0,0.0
0.5480625000000362,0.02919405743545856,0.02702383614441042,0.27821310238580754,0.0,0.0
0.5490625000000356,0.029220704338178617,0.026316099559596948,0.2785623574724881,0.0,0.0
0.5500625000000351,0.02924664960503215,0.02561987258164798,0.27891670838018046,0.0,0.0
0.5510625000000345,0.029271904829036306,0.024935308278356418,0.27927538247762307,0.0,0.0
0.552062500000034,0.029296481743142304,0.024262535217217426,0.279637650653397,0.0,0.0
0.5530625000000334,0.029320392196478993,0.023601658856260154,0.2800028254804964,0.0,0.0
0.5540625000000329,0.029343648131955734,0.02295276287597836,0.28037025944443933,0.0,0.0
0.5550625000000323,0.029366261565166953,0.022315910454406306,0.2807393432331337,0.0,0.0
0.5560625000000318,0.02938824456454232,0.021691145487328707,0.28110950408675595,0.0,0.0
0.5570625000000312,0.02940960923268899,0.02107849375555685,0.281480204205922,0.0,0.0
0.5580625000000307,0.02943036768887373,0.02047796404114768,0.2818509392164807,0.0,0.0
0.5590625000000301,0.029450532052595076,0.019889549194388265,0.2822212366892759,0.0,0.0
0.5600625000000296,0.02947011442819697,0.019313227153315057,0.28259065471327993,0.0,0.0
0.561062500000029,0.029489126890477647,0.018748961917485256,0.2829587805205104,0.0,0.0
0.5620625000000284,0.029507581471248552,0.01819670447766668,0.2833252291612032,0.0,0.0
0.5630625000000279,0.029525490146800414,0.017656393703062857,0.2836896422277224,0.0,0.0
0.5640625000000273,0.0295428648262346,0.017127957187641176,0.2840516866257434,0.0,0.0
0.5650625000000268,0.029559717340619768,0.016611312057084698,0.2844110533912659,0.0,0.0
0.5660625000000262,0.029576059432935255,0.016106365737841365,0.2847674565520493,0.0,0.0
0.5670625000000257,0.029591902748763946,0.015613016689699192,0.28512063203210203,0.0,0.0
0.5680625000000251,0.02960725882769908,0.015131155103271624,0.28547033659787546,0.0,0.0
0.5690625000000246,0.029622139095430374,0.014660663563733833,0.2858163468448636,0.0,0.0
0.570062500000024,0.029636554856476604,0.014201417682108754,0.28615845822332453,0.0,0.0
0.5710625000000235,0.029650517287532808,0.013753286695360209,0.2864964841018796,0.0,0.0
0.5720625000000229,0.029664037431401526,0.013316134036510332,0.2868302548677768,0.0,0.0
0.5730625000000223,0.029677126191478803,0.012889817875959447,0.2871596170626321,0.0,0.0
0.5740625000000218,0.029689794326766657,0.01247419163514821,0.28748443255249856,0.0,0.0
0.5750625000000212,0.02970205244738509,0.01206910447366471,0.2878045777311339,0.0,0.0
0.5760625000000207,0.029713911010557526,0.011674401750862906,0.2881199427553745,0.0,0.0
0.5770625000000201,0.029725380317044806,0.011289925463023506,0.2884304308115491,0.0,0.0
0.5780625000000196,0.029736470508003817,0.010915514657054018,0.2887359574118924,0.0,0.0
0.579062500000019,0.029747191562247755,0.01055100582169122,0.2890364497199502,0.0,0.0
0.5800625000000185,0.029757553293886088,0.010196233257136745,0.28933184590399125,0.0,0.0
0.5810625000000179,0.02976756535032307,0.00985102942402485,0.28962209451747234,0.0,0.0
0.5820625000000174,0.029777237210594675,0.009515225272590562,0.2899071539056214,0.0,0.0
0.5830625000000168,0.029786578184024533,0.009188650552876437,0.29018699163724054,0.0,0.0
0.5840625000000162,0.02979559740918034,0.008871134106787148,0.29046158396084765,0.0,0.0
0.5850625000000157,0.029804303853113084,0.00856250414277274,0.2907309152843006,0.0,0.0
0.5860625000000151,0.029812706310862025,0.008262588493893856,0.2909949776770797,0.0,0.0
0.5870625000000146,0.029820813405209264,0.007971214859995695,0.29125377039441597,0.0,0.0
0.588062500000014,0.029828633586668315,0.007688211034691309,0.2915072994224917,0.0,0.0
0.5890625000000135,0.029836175133691935,0.007413405117829969,0.29175557704394545,0.0,0.0
0.5900625000000129,0.02984344615308502,0.007146625714101487,0.29199862142294863,0.0,0.0
0.5910625000000124,0.029850454580608973,0.006887702118404076,0.2922364562091394,0.0,0.0
0.5920625000000118,0.0298572081817647,0.00663646448858008,0.2924691101597186,0.0,0.0
0.5930625000000113,0.029863714552741897,0.006392744006101682,0.29269661677903686,0.0,0.0
0.5940625000000107,0.02986998112152288,0.006156373025267009,0.2929190139750163,0.0,0.0
0.5950625000000102,0.029876015149129725,0.005927185211446157,0.2931363437317815,0.0,0.0
0.5960625000000096,0.02988182373100411,0.005705015668896262,0.29334865179788133,0.0,0.0
0.597062500000009,0.029887413798509597,0.005489701058645087,0.29355598738951133,0.0,0.0
0.5980625000000085,0.02989279212054682,0.005281079706923497,0.2937584029081593,0.0,0.0
0.5990625000000079,0.02989796530527221,0.005078991704608674,0.2939559536721205,0.0,0.0
0.6000625000000074,0.02990293980191163,0.004883278998122188,0.29414869766134094,0.0,0.0
0.6010625000000068,0.029907721902660552,0.004693785472209465,0.2943366952750681,0.0,0.0
0.6020625000000063,0.029912317744662895,0.004510357025010688,0.29452000910180265,0.0,0.0
0.6030625000000057,0.02991673331206097,0.0043328416358167305,0.29469870370106577,0.0,0.0
0.6040625000000052,0.029920974438109576,0.004161089425888178,0.2948728453965057,0.0,0.0
0.6050625000000046,0.02992504680734725,0.0039949527127002265,0.29504250207988986,0.0,0.0
0.6060625000000041,0.029928955957818505,0.00383428605796168,0.2952077430255412,0.0,0.0
0.6070625000000035,0.029932707283340933,0.0036789463097419584,0.295368638714787,0.0,0.0
0.608062500000003,0.029936306035811464,0.0035287926390263403,0.295525260670011,0.0,0.0
0.6090625000000024,0.02993975732754626,0.003383686571006551,0.29567768129791444,0.0,0.0
0.6100625000000018,0.029943066133649367,0.0032434920114008414,0.2958259737415912,0.0,0.0
0.6110625000000013,0.029946237294405074,0.00310807526808546,0.2959702117410542,0.0,0.0
0.6120625000000007,0.029949275517689597,0.0029773050683074287,0.2961104695018489,0.0,0.0
0.6130625000000002,0.029952185381397708,0.0028510525717370225,0.29624682157141013,0.0,0.0
0.6140624999999996,0.02995497133588031,0.0027291913796073496,0.2963793427228282,0.0,0.0
0.6150624999999991,0.029957637706389227,0.002611597540177498,0.2965081078456981,0.0,0.0
0.6160624999999985,0.029960188695525566,0.0024981495507455363,0.2966331918437459,0.0,0.0
0.617062499999998,0.02996262838568836,0.0023887283564276753,0.29675466953893026,0.0,0.0
0.6180624999999974,0.02996496074152038,0.002283217345910169,0.29687261558172745,0.0,0.0
0.6190624999999969,0.029967189612348153,0.0021815023443714225,0.29698710436732756,0.0,0.0
0.6200624999999963,0.029969318734613556,0.002083471603762669,0.2970982099574652,0.0,0.0
0.6210624999999957,0.029971351734294247,0.0019890157906271473,0.29720600600763597,0.0,0.0
0.6220624999999952,0.029973292129310804,0.0018980279716293168,0.2973105656994396,0.0,0.0
0.6230624999999946,0.02997514333191816,0.0018104035969577072,0.2974119616778191,0.0,0.0
0.6240624999999941,0.029976908651079444,0.001726040481757311,0.29751026599295827,0.0,0.0
0.6250624999999935,0.02997859129482025,0.0016448387857400503,0.29760555004662015,0.0,0.0
0.626062499999993,0.029980194372561608,0.0015667009911147034,0.2976978845427107,0.0,0.0
0.6270624999999924,0.029981720897430054,0.0014915318789709218,0.2977873394418632,0.0,0.0
0.6280624999999919,0.029983173788543337,0.0014192385042452738,0.29787398391984576,0.0,0.0
0.6290624999999913,0.029984555873270376,0.0013497301693910662,0.2979578863296022,0.0,0.0
0.6300624999999908,0.029985869889464223,0.0012829183968674975,0.2980391141667451,0.0,0.0
0.6310624999999902,0.02998711848766702,0.0012187169005579567,0.29811773403832276,0.0,0.0
0.6320624999999896,0.029988304233285787,0.001157041556221604,0.29819381163469466,0.0,0.0
0.6330624999999891,0.02998942960873818,0.0010978103710770184,0.29826741170435533,0.0,0.0
0.6340624999999885,0.02999049701556746,0.0010409434526116067,0.29833859803154766,0.0,0.0
0.635062499999988,0.0299915087765259,0.0009863629767053379,0.29840743341651804,0.0,0.0
0.6360624999999874,0.029992467137625937,0.0009339931551528016,0.2984739796582752,0.0,0.0
0.6370624999999869,0.029993374270158614,0.0008837602026629136,0.29853829753970934,0.0,0.0
0.6380624999999863,0.029994232272678757,0.0008355923034112288,0.2986004468149452,0.0,0.0
0.6390624999999858,0.0299950431729565,0.0007894195772157161,0.29866048619880237,0.0,0.0
0.6400624999999852,0.029995808929894795,0.0007451740454027401,0.29871847335824164,0.0,0.0
0.6410624999999847,0.029996531435412727,0.0007027895964261824,0.2987744649056819,0.0,0.0
0.6420624999999841,0.029997212516294242,0.0006622019512989746,0.29882851639408065,0.0,0.0
0.6430624999999836,0.02999785393600229,0.0006233486288928275,0.2988806823136695,0.0,0.0
0.644062499999983,0.029998457396458227,0.0005861689111584555,0.2989310160902429,0.0,0.0
0.6450624999999824,0.029999024539786385,0.0005506038083155063,0.298979570084908,0.0,0.0
0.6460624999999819,0.029999556950023865,0.0005165960240582343,0.2990263955951989,0.0,0.0
0.6470624999999813,0.03000005615479555,0.0004840899208200673,0.29907154285746984,0.0,0.0
0.6480624999999808,0.030000523626954427,0.00045303148513738773,0.2991150610504833,0.0,0.0
0.6490624999999802,0.03000096078618736,0.0004233682931501687,0.29915699830011017,0.0,0.0
0.6500624999999797,0.03000136900058642,0.00039504947627453047,0.2991974016850696,0.0,0.0
0.6510624999999791,0.030001749588186036,0.00036802568707984605,0.2992363172436303,0.0,0.0
0.6520624999999786,0.030002103818466127,0.00034224906540074405,0.2992737899812082,0.0,0.0
0.653062499999978,0.030002432913821465,0.0003176732047120123,0.2993098638787919,0.0,0.0
0.6540624999999775,0.030002738050997593,0.0002942531187924757,0.2993445819021332,0.0,0.0
0.6550624999999769,0.030003020362493547,0.00027194520870172127,0.29937798601164106,0.0,0.0
0.6560624999999763,0.030003280937931746,0.00025070723009175074,0.2994101171729264,0.0,0.0
0.6570624999999758,0.0300035208253954,0.00023049826087377117,0.29944101536793477,0.0,0.0
0.6580624999999752,0.030003741032733715,0.00021127866925860258,0.2994707196066263,0.0,0.0
0.6590624999999747,0.030003942528835422,0.00019301008218756637,0.2994992679391431,0.0,0.0
0.6600624999999741,0.0300041262448709,0.00017565535416908936,0.2995266974684252,0.0,0.0
0.6610624999999736,0.030004293075503403,0.00015917853653483845,0.2995530443632253,0.0,0.0
0.662062499999973,0.030004443880069717,0.00014354484712777643,0.29957834387148485,0.0,0.0
0.6630624999999725,0.03000457948373075,0.00012872064043319384,0.29960263033403056,0.0,0.0
0.6640624999999719,0.030004700678592556,0.0001146733781624903,0.2996259371985488,0.0,0.0
0.6650624999999714,0.030004808224798108,0.00010137160029829045,0.2996482970338101,0.0,0.0
0.6660624999999708,0.030004902851590402,8.878489660840236e-05,0.2996697415441056,0.0,0.0
0.6670624999999702,0.03000498525834734,7.688387863495935e-05,0.29969030158386256,0.0,0.0
0.6680624999999697,0.03000505611558881,6.564015216417017e-05,0.2997100071724129,0.0,0.0
0.6690624999999691,0.03000511606595653,5.5026290181123e-05,0.2997288875088843,0.0,0.0
0.6700624999999686,0.030005165725167104,4.501580631314233e-05,0.2997469709871844,0.0,0.0
0.671062499999968,0.030005205682938803,3.5583128764407504e-05,0.29976428521105825,0.0,0.0
0.6720624999999675,0.030005236503892464,2.6703574743729878e-05,0.2997808570091935,0.0,0.0
0.6730624999999669,0.030005258728427145,1.8353325386740672e-05,0.29979671245034967,0.0,0.0
0.6740624999999664,0.030005272873570986,1.0509401172761612e-05,0.29981187685849,0.0,0.0
0.6750624999999658,0.03000527943380767,3.1496378363038357e-06,0.2998263748279016,0.0,0.0
0.6760624999999653,0.030005278881879135,-3.7473372276918075e-06,0.2998402302382792,0.0,0.0
0.6770624999999647,0.030005271669564904,-1.020212806620478e-05,0.2998534662697605,0.0,0.0
0.6780624999999642,0.03000525822843859,-1.623459278007332e-05,0.29986610541789427,0.0,0.0
0.6790624999999636,0.030005238970602047,-2.1863865647894194e-05,0.2998781695085276,0.0,0.0
0.680062499999963,0.03000521428939769,-2.710837876479317e-05,0.2998896797125974,0.0,0.0
0.6810624999999625,0.03000518456009933,-3.198588319940741e-05,0.29990065656081727,0.0,0.0
0.6820624999999619,0.030005150140582245,-3.651346967274343e-05,0.29991111995824127,0.0,0.0
0.6830624999999614,0.030005111371972714,-4.0707588763094e-05,0.2999210891987003,0.0,0.0
0.6840624999999608,0.030005068579277656,-4.4584070641378264e-05,0.2999305829790959,0.0,0.0
0.6850624999999603,0.03000502207199474,-4.815814434167965e-05,0.29993961941354763,0.0,0.0
0.6860624999999597,0.03000497214470351,-5.1444456572017787e-05,0.2999482160473786,0.0,0.0
0.6870624999999592,0.030004919077637925,-5.445709007066596e-05,0.2999563898709379,0.0,0.0
0.6880624999999586,0.030004863137240753,-5.7209581513537824e-05,0.2999641573332504,0.0,0.0
0.6890624999999581,0.03000480457670035,-5.9714938978422344e-05,0.2999715343554851,0.0,0.0
0.6900624999999575,0.030004743636470158,-6.198565897199886e-05,0.2999785363442417,0.0,0.0
0.691062499999957,0.03000468054477141,-6.403374302578565e-05,0.2999851782046457,0.0,0.0
0.6920624999999564,0.030004615518079522,-6.587071386730777e-05,0.29999147435324747,0.0,0.0
0.6930624999999558,0.030004548761594467,-6.750763117292582e-05,0.29999743873072576,0.0,0.0
0.6940624999999553,0.030004480469695637,-6.895510690886581e-05,0.30000308481438753,0.0,0.0
0.6950624999999547,0.030004410826381576,-7.022332026708021e-05,0.30000842563046376,0.0,0.0
0.6960624999999542,0.030004340005695043,-7.132203220274196e-05,0.30001347376619486,0.0,0.0
0.6970624999999536,0.030004268172133662,-7.22605995802118e-05,0.30001824138170957,0.0,0.0
0.6980624999999531,0.030004195481046676,-7.304798893430342e-05,0.3000227402216904,0.0,0.0
0.6990624999999525,0.030004122079018137,-7.369278985381901e-05,0.3000269816268272,0.0,0.0
0.700062499999952,0.030004048104236927,-7.42032279943855e-05,0.3000309765450551,0.0,0.0
0.7010624999999514,0.030003973686853928,-7.458717772754333e-05,0.3000347355425786,0.0,0.0
0.7020624999999509,0.030003898949326736,-7.485217443312007e-05,0.30003826881468193,0.0,0.0
0.7030624999999503,0.03000382400675229,-7.50054264419245e-05,0.30004158619632315,0.0,0.0
0.7040624999999497,0.030003748967187733,-7.505382663581781e-05,0.3000446971725119,0.0,0.0
0.7050624999999492,0.03000367393195983,-7.500396371215301e-05,0.30004761088847637,0.0,0.0
0.7060624999999486,0.030003598995963363,-7.486213311959087e-05,0.3000503361596113,0.0,0.0
0.7070624999999481,0.030003524247948672,-7.463434767228565e-05,0.30005288148121884,0.0,0.0
0.7080624999999475,0.030003449770798767,-7.432634784930525e-05,0.30005525503803554,0.0,0.0
0.709062499999947,0.030003375641796413,-7.394361178626522e-05,0.3000574647135457,0.0,0.0
0.7100624999999464,0.03000330193288123,-7.34913649660203e-05,0.30005951809909154,0.0,0.0
0.7110624999999459,0.03000322871089736,-7.297458961514723e-05,0.3000614225027725,0.0,0.0
0.7120624999999453,0.030003156037831852,-7.239803381302213e-05,0.3000631849581403,0.0,0.0
0.7130624999999448,0.03000308397104409,-7.176622032012024e-05,0.3000648122326918,0.0,0.0
0.7140624999999442,0.030003012563486562,-7.108345513220047e-05,0.3000663108361583,0.0,0.0
0.7150624999999436,0.03000294186391719,-7.035383576686908e-05,0.3000676870285989,0.0,0.0
0.7160624999999431,0.030002871917103525,-6.958125928900129e-05,0.3000689468282943,0.0,0.0
0.7170624999999425,0.030002802764019038,-6.876943008139243e-05,0.30007009601945017,0.0,0.0
0.718062499999942,0.030002734442031824,-6.792186736696242e-05,0.30007114015970365,0.0,0.0
0.7190624999999414,0.030002666985085823,-6.704191248873346e-05,0.3000720845874473,0.0,0.0
0.7200624999999409,0.03000260042387497,-6.613273595366884e-05,0.30007293442896177,0.0,0.0
0.7210624999999403,0.030002534786010393,-6.519734424644033e-05,0.3000736946053674,0.0,0.0
0.7220624999999398,0.030002470096180903,-6.423858641910977e-05,0.3000743698393946,0.0,0.0
0.7230624999999392,0.03000240637630703,-6.325916046252396e-05,0.300074964661976,0.0,0.0
0.7240624999999387,0.030002343645688795,-6.2261619465209e-05,0.300075483418665,0.0,0.0
0.7250624999999381,0.030002281921147445,-6.124837756543369e-05,0.30007593027588075,0.0,0.0
0.7260624999999375,0.03000222121716131,-6.022171570201451e-05,0.3000763092269857,0.0,0.0
0.727062499999937,0.030002161545996033,-5.918378716929529e-05,0.3000766240981969,0.0,0.0
0.7280624999999364,0.030002102917829388,-5.813662298175525e-05,0.3000768785543325,0.0,0.0
0.7290624999999359,0.030002045340870736,-5.708213705340607e-05,0.3000770761044021,0.0,0.0
0.7300624999999353,0.03000198882147553,-5.602213119727536e-05,0.30007722010703575,0.0,0.0
0.7310624999999348,0.030001933364254746,-5.495829994995246e-05,0.3000773137757644,0.0,0.0
0.7320624999999342,0.030001878972179742,-5.389223522619201e-05,0.3000773601841449,0.0,0.0
0.7330624999999337,0.030001825646682457,-5.2825430808498016e-05,0.30007736227073967,0.0,0.0
0.7340624999999331,0.03000177338775125,-5.175928667642081e-05,0.3000773228439511,0.0,0.0
0.7350624999999326,0.03000172219402243,-5.0695113180234345e-05,0.30007724458671653,0.0,0.0
0.736062499999932,0.03000167206286777,-4.963413506357807e-05,0.300077130061061,0.0,0.0
0.7370624999999315,0.030001622990478035,-4.8577495339559754e-05,0.30007698171251745,0.0,0.0
0.7380624999999309,0.03000157497194273,-4.752625902469275e-05,0.300076801874412,0.0,0.0
0.7390624999999303,0.030001528001326154,-4.648141673492492e-05,0.30007659277202275,0.0,0.0
0.7400624999999298,0.030001482071739943,-4.5443888147956104e-05,0.3000763565266096,0.0,0.0
0.7410624999999292,0.030001437175412256,-4.4414525335933614e-05,0.3000760951593205,0.0,0.0
0.7420624999999287,0.030001393303753655,-4.339411597254307e-05,0.30007581059497784,0.0,0.0
0.7430624999999281,0.030001350447419854,-4.238338641835738e-05,0.3000755046657462,0.0,0.0
0.7440624999999276,0.03000130859637142,-4.138300468827006e-05,0.3000751791146862,0.0,0.0
0.745062499999927,0.030001267739930646,-4.039358330471055e-05,0.3000748355991931,0.0,0.0
0.7460624999999265,0.030001227866835546,-3.941568204032337e-05,0.3000744756943297,0.0,0.0
0.7470624999999259,0.03000118896529119,-3.844981055355013e-05,0.3000741008960496,0.0,0.0
0.7480624999999254,0.030001151023018466,-3.7496430920648666e-05,0.30007371262431776,0.0,0.0
0.7490624999999248,0.03000111402730038,-3.655596006745097e-05,0.30007331222612826,0.0,0.0
0.7500624999999242,0.03000107796502595,-3.562877210416344e-05,0.3000729009784246,0.0,0.0
0.7510624999999237,0.03000104282273181,-3.471520056640936e-05,0.3000724800909224,0.0,0.0
0.7520624999999231,0.03000100858664167,-3.3815540565578425e-05,0.30007205070883863,0.0,0.0
0.7530624999999226,0.030000975242703575,-3.293005085152425e-05,0.30007161391553216,0.0,0.0
0.754062499999922,0.03000094277662529,-3.205895579056398e-05,0.3000711707350492,0.0,0.0
0.7550624999999215,0.0300009111739076,-3.120244726164997e-05,0.3000707221345894,0.0,0.0
0.7560624999999209,0.030000880419875853,-3.0360686473455067e-05,0.30007026902688316,0.0,0.0
0.7570624999999204,0.030000850499709707,-2.953380570512856e-05,0.30006981227248913,0.0,0.0
0.7580624999999198,0.03000082139847116,-2.872190997335009e-05,0.30006935268201074,0.0,0.0
0.7590624999999193,0.030000793101130945,-2.792507862820496e-05,0.300068891018238,0.0,0.0
0.7600624999999187,0.030000765592593414,-2.7143366880415236e-05,0.30006842799821093,0.0,0.0
0.7610624999999182,0.030000738857719863,-2.6376807262330448e-05,0.3000679642952125,0.0,0.0
0.7620624999999176,0.03000071288135046,-2.562541102499638e-05,0.3000675005406905,0.0,0.0
0.763062499999917,0.030000687648324854,-2.4889169473619574e-05,0.3000670373261086,0.0,0.0
0.7640624999999165,0.030000663143501395,-2.4168055243657613e-05,0.3000665752047331,0.0,0.0
0.7650624999999159,0.03000063935177518,-2.3462023519616657e-05,0.30006611469335315,0.0,0.0
0.7660624999999154,0.03000061625809484,-2.277101319867859e-05,0.3000656562739408,0.0,0.0
0.7670624999999148,0.03000059384747829,-2.2094948001220705e-05,0.3000652003952446,0.0,0.0
0.7680624999999143,0.030000572105027313,-2.1433737530136826e-05,0.3000647474743295,0.0,0.0
0.7690624999999137,0.0300005510159411,-2.078727828086302e-05,0.30006429789805855,0.0,0.0
0.7700624999999132,0.030000530565528913,-2.0155454603974913e-05,0.30006385202451513,0.0,0.0
0.7710624999999126,0.030000510739221685,-1.9538139622152857e-05,0.30006341018437577,0.0,0.0
0.772062499999912,0.030000491522582804,-1.8935196103212988e-05,0.3000629726822285,0.0,0.0
0.7730624999999115,0.030000472901318007,-1.834647729090899e-05,0.30006253979784164,0.0,0.0
0.774062499999911,0.0300004548612845,-1.777182769510682e-05,0.3000621117873824,0.0,0.0
0.7750624999999104,0.030000437388499283,-1.7211083842954096e-05,0.300061688884589,0.0,0.0
0.7760624999999098,0.030000420469146735,-1.666407499249444e-05,0.30006127130189725,0.0,0.0
0.7770624999999093,0.030000404089585552,-1.613062381026623e-05,0.30006085923152154,0.0,0.0
0.7780624999999087,0.030000388236354966,-1.561054701428497e-05,0.30006045284649396,0.0,0.0
0.7790624999999082,0.030000372896180377,-1.5103655983770478e-05,0.3000600523016611,0.0,0.0
0.7800624999999076,0.030000358055978376,-1.4609757336995403e-05,0.300059657734642,0.0,0.0
0.7810624999999071,0.030000343702861226,-1.4128653478506414e-05,0.3000592692667449,0.0,0.0
0.7820624999999065,0.03000032982414079,-1.3660143116997679e-05,0.30005888700384864,0.0,0.0
0.783062499999906,0.030000316407331962,-1.3204021755022716e-05,0.30005851103724684,0.0,0.0
0.7840624999999054,0.03000030344015563,-1.276008215170596e-05,0.3000581414444572,0.0,0.0
0.7850624999999049,0.03000029091054119,-1.2328114759590028e-05,0.3000577782899965,0.0,0.0
0.7860624999999043,0.03000027880662862,-1.1907908136721367e-05,0.30005742162612387,0.0,0.0
0.7870624999999037,0.03000026711677016,-1.149924933495978e-05,0.3000570714935523,0.0,0.0
0.7880624999999032,0.030000255829531645,-1.1101924265608216e-05,0.30005672792212806,0.0,0.0
0.7890624999999026,0.03000024493369346,-1.0715718043288724e-05,0.30005639093148245,0.0,0.0
0.7900624999999021,0.030000234418251125,-1.0340415309012459e-05,0.30005606053165623,0.0,0.0
0.7910624999999015,0.03000022427241566,-9.975800533368367e-06,0.3000557367236929,0.0,0.0
0.792062499999901,0.030000214485613557,-9.621658300694621e-06,0.3000554195002095,0.0,0.0
0.7930624999999004,0.03000020504748656,-9.277773575079092e-06,0.30005510884594006,0.0,0.0
0.7940624999998999,0.030000195947891127,-8.943931949022774e-06,0.3000548047382544,0.0,0.0
0.7950624999998993,0.030000187176897685,-8.619919875522244e-06,0.300054507147655,0.0,0.0
0.7960624999998988,0.030000178724789654,-8.305524884330447e-06,0.30005421603824906,0.0,0.0
0.7970624999998982,0.030000170582062266,-8.000535783156954e-06,0.30005393136819963,0.0,0.0
0.7980624999998976,0.03000016273942117,-7.704742844477663e-06,0.3000536530901566,0.0,0.0
0.7990624999998971,0.030000155187780896,-7.417937978639956e-06,0.30005338115166513,0.0,0.0
0.8000624999998965,0.030000147918263123,-7.1399148939074134e-06,0.3000531154955569,0.0,0.0
0.801062499999896,0.030000140922194798,-6.870469244084744e-06,0.30005285606032095,0.0,0.0
0.8020624999998954,0.030000134191106115,-6.609398764295794e-06,0.3000526027804579,0.0,0.0
0.8030624999998949,0.030000127716728373,-6.3565033955159224e-06,0.30005235558681503,0.0,0.0
0.8040624999998943,0.0300001214909917,-6.111585398412674e-06,0.3000521144069068,0.0,0.0
0.8050624999998938,0.03000011550602269,-5.874449457020476e-06,0.3000518791652172,0.0,0.0
0.8060624999998932,0.030000109754141944,-5.644902772774132e-06,0.30005164978348725,0.0,0.0
0.8070624999998927,0.03000010422786145,-5.4227551493867246e-06,0.30005142618099034,0.0,0.0
0.8080624999998921,0.030000098919881996,-5.207819069022819e-06,0.3000512082747892,0.0,0.0
0.8090624999998915,0.030000093823090424,-4.9999097602499594e-06,0.3000509959799822,0.0,0.0
0.810062499999891,0.030000088930556876,-4.798845258218245e-06,0.3000507892099348,0.0,0.0
0.8110624999998904,0.03000008423553193,-4.604446457453195e-06,0.3000505878765004,0.0,0.0
0.8120624999998899,0.03000007973144374,-4.416537157659032e-06,0.30005039189022714,0.0,0.0
0.8130624999998893,0.030000075411895075,-4.2349441029386065e-06,0.30005020116055564,0.0,0.0
0.8140624999998888,0.030000071270660414,-4.059497014795431e-06,0.3000500155960015,0.0,0.0
0.8150624999998882,0.030000067301682903,-3.8900286192842174e-06,0.30004983510433214,0.0,0.0
0.8160624999998877,0.030000063499071347,-3.7263746685873886e-06,0.3000496595927313,0.0,0.0
0.8170624999998871,0.030000059857097205,-3.568373957422281e-06,0.3000494889679516,0.0,0.0
0.8180624999998866,0.030000056370191503,-3.415868334534736e-06,0.3000493231364628,0.0,0.0
0.819062499999886,0.030000053032941808,-3.268702709588966e-06,0.3000491620045865,0.0,0.0
0.8200624999998855,0.030000049840089135,-3.1267250557342255e-06,0.3000490054786253,0.0,0.0
0.8210624999998849,0.03000004678652491,-2.9897864081435555e-06,0.30004885346498256,0.0,0.0
0.8220624999998843,0.03000004386728789,-2.8577408587296845e-06,0.3000487058702749,0.0,0.0
0.8230624999998838,0.03000004107756112,-2.73044554733132e-06,0.3000485626014373,0.0,0.0
0.8240624999998832,0.030000038412668902,-2.6077606496161e-06,0.30004842356581934,0.0,0.0
0.8250624999998827,0.03000003586807375,-2.4895493618714676e-06,0.3000482886712791,0.0,0.0
0.8260624999998821,0.030000033439373373,-2.3756778829408766e-06,0.30004815782626565,0.0,0.0
0.8270624999998816,0.030000031122297714,-2.2660153934835184e-06,0.3000480309398987,0.0,0.0
0.828062499999881,0.03000002891270595,-2.1604340327983966e-06,0.3000479079220406,0.0,0.0
0.8290624999998805,0.030000026806583577,-2.0588088733371814e-06,0.3000477886833643,0.0,0.0
0.8300624999998799,0.03000002480003944,-1.9610178931327114e-06,0.30004767313541486,0.0,0.0
0.8310624999998794,0.030000022889302896,-1.8669419462540891e-06,0.30004756119066683,0.0,0.0
0.8320624999998788,0.030000021070720934,-1.7764647315392831e-06,0.30004745276257505,0.0,0.0
0.8330624999998782,0.030000019340755357,-1.6894727596796381e-06,0.3000473477656233,0.0,0.0
0.8340624999998777,0.03000001769597995,-1.6058553188206784e-06,0.300047246115368,0.0,0.0
0.8350624999998771,0.030000016133077775,-1.525504438807482e-06,0.30004714772847574,0.0,0.0
0.8360624999998766,0.030000014648838422,-1.4483148542698546e-06,0.3000470525227594,0.0,0.0
0.837062499999876,0.0300000132401553,-1.3741839665534263e-06,0.30004696041721074,0.0,0.0
0.8380624999998755,0.030000011904023054,-1.3030118047346523e-06,0.30004687133202596,0.0,0.0
0.8390624999998749,0.030000010637534918,-1.2347009857685014e-06,0.3000467851886319,0.0,0.0
0.8400624999998744,0.03000000943788012,-1.1691566738507248e-06,0.3000467019097091,0.0,0.0
0.8410624999998738,0.03000000830234141,-1.1062865391504539e-06,0.3000466214192074,0.0,0.0
0.8420624999998733,0.030000007228292568,-1.0460007159759666e-06,0.3000465436423639,0.0,0.0
0.8430624999998727,0.030000006213195932,-9.88211760475831e-07,0.3000464685057155,0.0,0.0
0.8440624999998722,0.030000005254600014,-9.328346079511942e-07,0.3000463959371101,0.0,0.0
0.8450624999998716,0.03000000435013716,-8.797865298302672e-07,0.3000463258657141,0.0,0.0
0.846062499999871,0.03000000349752121,-8.289870904499699e-07,0.3000462582220195,0.0,0.0
0.8470624999998705,0.030000002694545246,-7.803581036361198e-07,0.3000461929378476,0.0,0.0
0.8480624999998699,0.030000001939079365,-7.338235892084097e-07,0.30004612994635094,0.0,0.0
0.8490624999998694,0.030000001229068488,-6.89309729435367e-07,0.30004606918201393,0.0,0.0
0.8500624999998688,0.030000000562530223,-6.46744825509953e-07,0.3000460105806516,0.0,0.0
0.8510624999998683,0.029999999937552767,-6.060592540937911e-07,0.3000459540794065,0.0,0.0
0.8520624999998677,0.029999999352292868,-5.671854239893504e-07,0.30004589961674394,0.0,0.0
0.8530624999998672,0.0299999988049738,-5.300577329910119e-07,0.30004584713244636,0.0,0.0
0.8540624999998666,0.029999998293883407,-4.946125249332855e-07,0.30004579656760594,0.0,0.0
0.855062499999866,0.029999997817372153,-4.607880470111532e-07,0.30004574786461763,0.0,0.0
0.8560624999998655,0.02999999737385129,-4.2852440736051784e-07,0.3000457009671673,0.0,0.0
0.857062499999865,0.029999996961790978,-3.9776353303578364e-07,0.30004565582022263,0.0,0.0
0.8580624999998644,0.0299999965797185,-3.6844912825570803e-07,0.3000456123700221,0.0,0.0
0.8590624999998638,0.029999996226216515,-3.405266331324827e-07,0.300045570564061,0.0,0.0
0.8600624999998633,0.029999995899921344,-3.139431827545018e-07,0.30004553035107956,0.0,0.0
0.8610624999998627,0.02999999559952127,-2.886475667295585e-07,0.3000454916810494,0.0,0.0
0.8620624999998622,0.029999995323754955,-2.6459018921819014e-07,0.30004545450515663,0.0,0.0
0.8630624999998616,0.029999995071409782,-2.417230294291532e-07,0.3000454187757899,0.0,0.0
0.8640624999998611,0.029999994841320373,-2.1999960262852756e-07,0.3000453844465212,0.0,0.0
0.8650624999998605,0.029999994632367,-1.9937492166789514e-07,0.30004535147209305,0.0,0.0
0.86606249999986,0.029999994443474183,-1.79805459089103e-07,0.30004531980839816,0.0,0.0
0.8670624999998594,0.02999999427360916,-1.612491097230315e-07,0.3000452894124663,0.0,0.0
0.8680624999998588,0.029999994121780595,-1.43665153894214e-07,0.3000452602424426,0.0,0.0
0.8690624999998583,0.029999993987037097,-1.270142212137246e-07,0.3000452322575733,0.0,0.0
0.8700624999998577,0.02999999386846598,-1.1125825490066916e-07,0.30004520541818563,0.0,0.0
0.8710624999998572,0.029999993765191916,-9.636047677021356e-08,0.3000451796856704,0.0,0.0
0.8720624999998566,0.029999993676375694,-8.228535276825092e-08,0.30004515502246326,0.0,0.0
0.8730624999998561,0.02999999360121299,-6.899855913211131e-08,0.300045131392026,0.0,0.0
0.8740624999998555,0.029999993538933182,-5.6466949171528e-08,0.3000451087588282,0.0,0.0
0.875062499999855,0.0299999934887982,-4.465852066396256e-08,0.3000450870883266,0.0,0.0
0.8760624999998544,0.02999999345010134,-3.354238385884372e-08,0.3000450663469499,0.0,0.0
0.8770624999998539,0.029999993422166242,-2.3088730066331437e-08,0.30004504650207653,0.0,0.0
0.8780624999998533,0.02999999340434579,-1.3268800927138926e-08,0.3000450275220169,0.0,0.0
0.8790624999998528,0.029999993396021066,-4.0548582672202105e-09,0.30004500937599443,0.0,0.0
0.8800624999998522,0.02999999339660039,4.57984541866416e-09,0.30004499203412655,0.0,0.0
0.8810624999998516,0.02999999340551829,1.2661095890121563e-08,0.3000449754674063,0.0,0.0
0.8820624999998511,0.0299999934222346,2.0213745432056273e-08,0.30004495964768296,0.0,0.0
0.8830624999998505,0.029999993446233515,2.7261740558541856e-08,0.30004494454764397,0.0,0.0
0.88406249999985,0.029999993477022698,3.3828149074770544e-08,0.3000449301407964,0.0,0.0
0.8850624999998494,0.02999999351413244,3.9935186557086244e-08,0.3000449164014481,0.0,0.0
0.8860624999998489,0.029999993557114794,4.560424222796056e-08,0.30004490330469025,0.0,0.0
0.8870624999998483,0.029999993605542796,5.085590423169692e-08,0.3000448908263779,0.0,0.0
0.8880624999998478,0.029999993659009627,5.570998432515567e-08,0.30004487894311405,0.0,0.0
0.8890624999998472,0.029999993717127898,6.018554200754802e-08,0.3000448676322303,0.0,0.0
0.8900624999998467,0.029999993779528885,6.430090804301774e-08,0.30004485687177035,0.0,0.0
0.8910624999998461,0.029999993845861814,6.807370743953377e-08,0.30004484664047226,0.0,0.0
0.8920624999998455,0.029999993915793177,7.152088185255885e-08,0.3000448369177512,0.0,0.0
0.893062499999845,0.029999993989006046,7.465871143470671e-08,0.3000448276836832,0.0,0.0
0.8940624999998444,0.02999999406519945,7.750283614477272e-08,0.3000448189189876,0.0,0.0
0.8950624999998439,0.029999994144087706,8.00682765076305e-08,0.300044810605012,0.0,0.0
0.8960624999998433,0.029999994225399833,8.236945386685173e-08,0.30004480272371503,0.0,0.0
0.8970624999998428,0.029999994308878977,8.442021009102779e-08,0.3000447952576507,0.0,0.0
0.8980624999998422,0.029999994394281818,8.62338267537577e-08,0.30004478818995295,0.0,0.0
0.8990624999998417,0.02999999448137803,8.782304383449075e-08,0.30004478150431985,0.0,0.0
0.9000624999998411,0.029999994569949746,8.920007791844474e-08,0.30004477518499933,0.0,0.0
0.9010624999998406,0.029999994659791036,9.037663988448295e-08,0.30004476921677364,0.0,0.0
0.90206249999984,0.029999994750707436,9.136395213891484e-08,0.3000447635849448,0.0,0.0
0.9030624999998395,0.029999994842515455,9.217276534009182e-08,0.30004475827531973,0.0,0.0
0.9040624999998389,0.029999994935042087,9.281337470375043e-08,0.3000447532741982,0.0,0.0
0.9050624999998383,0.029999995028124414,9.329563582308534e-08,0.30004474856835633,0.0,0.0
0.9060624999998378,0.02999999512160912,9.362898005210125e-08,0.3000447441450354,0.0,0.0
0.9070624999998372,0.029999995215352116,9.382242945610061e-08,0.30004473999192705,0.0,0.0
0.9080624999998367,0.02999999530921813,9.388461131524147e-08,0.3000447360971608,0.0,0.0
0.9090624999998361,0.029999995403080307,9.382377222347613e-08,0.3000447324492913,0.0,0.0
0.9100624999998356,0.02999999549681983,9.364779178457249e-08,0.30004472903728685,0.0,0.0
0.911062499999835,0.029999995590325585,9.336419588979038e-08,0.3000447258505154,0.0,0.0
0.9120624999998345,0.029999995683493808,9.298016960602605e-08,0.3000447228787337,0.0,0.0
0.9130624999998339,0.029999995776227743,9.250256966602967e-08,0.30004472011207506,0.0,0.0
0.9140624999998334,0.02999999586843731,9.19379366073181e-08,0.30004471754103945,0.0,0.0
0.9150624999998328,0.029999995960038817,9.129250653414633e-08,0.3000447151564803,0.0,0.0
0.9160624999998322,0.029999996050954648,9.057222250321834e-08,0.30004471294959506,0.0,0.0
0.9170624999998317,0.029999996141112976,8.97827455882665e-08,0.30004471091191426,0.0,0.0
0.9180624999998311,0.029999996230447495,8.892946557676413e-08,0.3000447090352908,0.0,0.0
0.9190624999998306,0.029999996318897146,8.801751134856933e-08,0.30004470731189004,0.0,0.0
0.92006249999983,0.029999996406405872,8.705176088840407e-08,0.3000447057341796,0.0,0.0
0.9210624999998295,0.029999996492922353,8.603685104889149e-08,0.3000447042949206,0.0,0.0
0.9220624999998289,0.029999996578399794,8.497718694867638e-08,0.30004470298715735,0.0,0.0
0.9230624999998284,0.02999999666279568,8.387695106858415e-08,0.30004470180420856,0.0,0.0
0.9240624999998278,0.029999996746071563,8.274011208654132e-08,0.30004470073965833,0.0,0.0
0.9250624999998273,0.029999996828192856,8.157043340282135e-08,0.3000446997873478,0.0,0.0
0.9260624999998267,0.02999999690912863,8.03714813748992e-08,0.3000446989413661,0.0,0.0
0.9270624999998262,0.029999996988851425,7.914663329900785e-08,0.3000446981960423,0.0,0.0
0.9280624999998256,0.02999999706733706,7.789908510504726e-08,0.30004469754593743,0.0,0.0
0.929062499999825,0.02999999714456444,7.66318588330192e-08,0.3000446969858377,0.0,0.0
0.9300624999998245,0.029999997220515426,7.534780980874874e-08,0.3000446965107445,0.0,0.0
0.9310624999998239,0.029999997295174646,7.404963359477939e-08,0.300044696115869,0.0,0.0
0.9320624999998234,0.029999997368529336,7.273987270283011e-08,0.30004469579662396,0.0,0.0
0.9330624999998228,0.029999997440569182,7.142092309844112e-08,0.3000446955486184,0.0,0.0
0.9340624999998223,0.029999997511286215,7.009504043405882e-08,0.3000446953676481,0.0,0.0
0.9350624999998217,0.02999999758067464,6.876434608667393e-08,0.3000446952496909,0.0,0.0
0.9360624999998212,0.02999999764873071,6.743083300500376e-08,0.3000446951909004,0.0,0.0
0.9370624999998206,0.029999997715452614,6.609637130632581e-08,0.3000446951875978,0.0,0.0
0.93806249999982,0.029999997780840355,6.476271368841394e-08,0.3000446952362682,0.0,0.0
0.9390624999998195,0.0299999978448956,6.343150067415945e-08,0.30004469533355405,0.0,0.0
0.940062499999819,0.029999997907621617,6.210426564996885e-08,0.30004469547624846,0.0,0.0
0.9410624999998184,0.029999997969023157,6.078243969623752e-08,0.30004469566129044,0.0,0.0
0.9420624999998178,0.02999999802910635,5.9467356271720136e-08,0.3000446958857593,0.0,0.0
0.9430624999998173,0.029999998087878604,5.816025570052579e-08,0.3000446961468696,0.0,0.0
0.9440624999998167,0.029999998145348514,5.686228952299275e-08,0.3000446964419667,0.0,0.0
0.9450624999998162,0.02999999820152579,5.557452466427437e-08,0.30004469676852064,0.0,0.0
0.9460624999998156,0.02999999825642117,5.4297947434135455e-08,0.3000446971241217,0.0,0.0
0.9470624999998151,0.02999999831004632,5.3033467401971055e-08,0.3000446975064772,0.0,0.0
0.9480624999998145,0.029999998362413793,5.1781921107119245e-08,0.30004469791340505,0.0,0.0
0.949062499999814,0.029999998413536944,5.0544075622503604e-08,0.3000446983428304,0.0,0.0
0.9500624999998134,0.02999999846342984,4.9320631995993995e-08,0.3000446987927822,0.0,0.0
0.9510624999998128,0.02999999851210724,4.811222854362234e-08,0.30004469926138716,0.0,0.0
0.9520624999998123,0.029999998559584483,4.691944402312575e-08,0.30004469974686865,0.0,0.0
0.9530624999998117,0.02999999860587747,4.574280067499855e-08,0.30004470024754043,0.0,0.0
0.9540624999998112,0.029999998651002606,4.4582767154080645e-08,0.3000447007618037,0.0,0.0
0.9550624999998106,0.02999999869497672,4.343976130744272e-08,0.3000447012881444,0.0,0.0
0.9560624999998101,0.029999998737817044,4.231415289510067e-08,0.3000447018251288,0.0,0.0
0.9570624999998095,0.029999998779541147,4.120626615453157e-08,0.300044702371401,0.0,0.0
0.958062499999809,0.029999998820166903,4.011638228782751e-08,0.30004470292567903,0.0,0.0
0.9590624999998084,0.029999998859712454,3.904474182690795e-08,0.30004470348675194,0.0,0.0
0.9600624999998079,0.02999999889819615,3.799154689698171e-08,0.30004470405347716,0.0,0.0
0.9610624999998073,0.02999999893563652,3.695696342238459e-08,0.3000447046247775,0.0,0.0
0.9620624999998068,0.029999998972052255,3.594112320752608e-08,0.30004470519963844,0.0,0.0
0.9630624999998062,0.029999999007462155,3.49441259006588e-08,0.3000447057771045,0.0,0.0
0.9640624999998056,0.029999999041885102,3.3966040943355126e-08,0.3000447063562784,0.0,0.0
0.9650624999998051,0.02999999907534003,3.300690938624535e-08,0.30004470693631724,0.0,0.0
0.9660624999998045,0.029999999107845902,3.206674563703557e-08,0.3000447075164302,0.0,0.0
0.967062499999804,0.029999999139421682,3.114553912560534e-08,0.30004470809587713,0.0,0.0
0.9680624999998034,0.029999999170086316,3.024325591715265e-08,0.30004470867396504,0.0,0.0
0.9690624999998029,0.0299999991998587,2.9359840224382527e-08,0.30004470925004706,0.0,0.0
0.9700624999998023,0.029999999228757644,2.8495215864226515e-08,0.30004470982352005,0.0,0.0
0.9710624999998018,0.029999999256801916,2.764928765841222e-08,0.3000447103938215,0.0,0.0
0.9720624999998012,0.02999999928401014,2.682194274385292e-08,0.3000447109604296,0.0,0.0
0.9730624999998007,0.029999999310400836,2.601305185002781e-08,0.30004471152285994,0.0,0.0
0.9740624999998001,0.02999999933599238,2.5222470506260088e-08,0.3000447120806643,0.0,0.0
0.9750624999997995,0.02999999936080299,2.445004017855249e-08,0.3000447126334284,0.0,0.0
0.976062499999799,0.029999999384850744,2.3695589361616408e-08,0.3000447131807707,0.0,0.0
0.9770624999997984,0.029999999408153514,2.29589346221244e-08,0.30004471372234104,0.0,0.0
0.9780624999997979,0.029999999430729,2.2239881595341313e-08,0.3000447142578185,0.0,0.0
0.9790624999997973,0.029999999452594694,2.1538225914829328e-08,0.3000447147869103,0.0,0.0
0.9800624999997968,0.029999999473767882,2.0853754107215376e-08,0.30004471530935045,0.0,0.0
0.9810624999997962,0.029999999494265628,2.0186244452814878e-08,0.30004471582489806,0.0,0.0
0.9820624999997957,0.029999999514104772,1.953546776957413e-08,0.30004471633333674,0.0,0.0
0.9830624999997951,0.02999999953330192,1.8901188199961955e-08,0.3000447168344724,0.0,0.0
0.9840624999997946,0.029999999551873442,1.8283163915281424e-08,0.3000447173281324,0.0,0.0
0.985062499999794,0.02999999956983547,1.7681147808411284e-08,0.3000447178141648,0.0,0.0
0.9860624999997935,0.029999999587203875,1.709488813334684e-08,0.300044718292437,0.0,0.0
0.9870624999997929,0.029999999603994278,1.652412913680048e-08,0.30004471876283445,0.0,0.0
0.9880624999997923,0.02999999962022204,1.5968611619926845e-08,0.30004471922526016,0.0,0.0
0.9890624999997918,0.029999999635902257,1.5428073499821117e-08,0.3000447196796332,0.0,0.0
0.9900624999997912,0.029999999651049776,1.4902250314186907e-08,0.3000447201258882,0.0,0.0
0.9910624999997907,0.02999999966567917,1.4390875709442725e-08,0.3000447205639735,0.0,0.0
0.9920624999997901,0.029999999679804747,1.389368189479831e-08,0.30004472099385193,0.0,0.0
0.9930624999997896,0.02999999969344054,1.3410400086121859e-08,0.3000447214154988,0.0,0.0
0.994062499999789,0.029999999706600316,1.2940760902278436e-08,0.3000447218289017,0.0,0.0
0.9950624999997885,0.029999999719297593,1.2484494726530677e-08,0.30004472223405815,0.0,0.0
0.9960624999997879,0.02999999973154558,1.204133209017259e-08,0.30004472263097803,0.0,0.0
0.9970624999997874,0.029999999743357247,1.1611004005798649e-08,0.3000447230196804,0.0,0.0
0.9980624999997868,0.029999999754745276,1.1193242262345621e-08,0.30004472340019356,0.0,0.0
0.9990624999997862,0.0299999997657221,1.078777971695825e-08,0.3000447237725537,0.0,0.0
1.0000624999997858,0.02999999977629988,1.0394350578007098e-08,0.30004472413680583,0.0,0.0
1.001062499999787,0.02999999978649051,1.0012690631162485e-08,0.3000447244930022,0.0,0.0
1.0020624999997882,0.029999999796305615,9.642537500292708e-09,0.300044724841202,0.0,0.0
1.0030624999997895,0.029999999805756558,9.283630864917016e-09,0.3000447251814708,0.0,0.0
1.0040624999997907,0.029999999814854454,8.935712644082115e-09,0.3000447255138801,0.0,0.0
1.005062499999792,0.02999999982361016,8.598527191808956e-09,0.30004472583850655,0.0,0.0
1.0060624999997931,0.029999999832034257,8.271821462933247e-09,0.30004472615543265,0.0,0.0
1.0070624999997944,0.029999999840137116,7.95534516612791e-09,0.30004472646474384,0.0,0.0
1.0080624999997956,0.02999999984792881,7.648850908758319e-09,0.30004472676653166,0.0,0.0
1.0090624999997968,0.029999999855419214,7.352094336406089e-09,0.30004472706088986,0.0,0.0
1.010062499999798,0.02999999986261792,7.0648342295148655e-09,0.30004472734791665,0.0,0.0
1.0110624999997992,0.0299999998695343,6.786832635087192e-09,0.3000447276277131,0.0,0.0
1.0120624999998005,0.029999999876177498,6.51785494450024e-09,0.3000447279003825,0.0,0.0
1.0130624999998017,0.029999999882556413,6.257669976879791e-09,0.30004472816603106,0.0,0.0
1.014062499999803,0.02999999988867971,6.0060500647429116e-09,0.30004472842476737,0.0,0.0
1.0150624999998041,0.029999999894555835,5.7627711214911796e-09,0.30004472867670173,0.0,0.0
1.0160624999998054,0.029999999900193013,5.527612690754481e-09,0.3000447289219459,0.0,0.0
1.0170624999998066,0.029999999905599255,5.300358001179624e-09,0.30004472916061287,0.0,0.0
1.0180624999998078,0.029999999910782338,5.080793997511259e-09,0.3000447293928175,0.0,0.0
1.019062499999809,0.029999999915749857,4.86871139390586e-09,0.3000447296186749,0.0,0.0
1.0200624999998102,0.029999999920509172,4.6639046800571526e-09,0.3000447298383012,0.0,0.0
1.0210624999998115,0.02999999992506745,4.466172162486105e-09,0.3000447300518134,0.0,0.0
1.0220624999998127,0.029999999929431663,4.2753159662424226e-09,0.3000447302593282,0.0,0.0
1.023062499999814,0.029999999933608593,4.091142033543347e-09,0.30004473046096247,0.0,0.0
1.0240624999998151,0.029999999937604813,3.91346014078876e-09,0.3000447306568339,0.0,0.0
1.0250624999998164,0.02999999994142671,3.742083904573176e-09,0.30004473084705935,0.0,0.0
1.0260624999998176,0.029999999945080496,3.5768307658049894e-09,0.3000447310317559,0.0,0.0
1.0270624999998188,0.029999999948572206,3.4175219722376368e-09,0.3000447312110397,0.0,0.0
1.02806249999982,0.029999999951907694,3.263982558958948e-09,0.30004473138502613,0.0,0.0
1.0290624999998212,0.029999999955092622,3.1160413495254865e-09,0.3000447315538315,0.0,0.0
1.0300624999998225,0.02999999995813251,2.973530927263746e-09,0.3000447317175696,0.0,0.0
1.0310624999998237,0.0299999999610327,2.836287603508635e-09,0.30004473187635455,0.0,0.0
1.032062499999825,0.029999999963798374,2.7041513910599147e-09,0.3000447320302989,0.0,0.0
1.0330624999998261,0.029999999966434543,2.5769659737818918e-09,0.3000447321795147,0.0,0.0
1.0340624999998274,0.0299999999689461,2.4545786735941205e-09,0.3000447323241121,0.0,0.0
1.0350624999998286,0.029999999971337753,2.336840387969274e-09,0.3000447324642007,0.0,0.0
1.0360624999998298,0.02999999997361407,2.2236055981003853e-09,0.300044732599889,0.0,0.0
1.037062499999831,0.029999999975779484,2.1147322931269423e-09,0.30004473273128396,0.0,0.0
1.0380624999998322,0.02999999997783828,2.0100819356509467e-09,0.30004473285849104,0.0,0.0
1.0390624999998335,0.029999999979794606,1.9095194250977335e-09,0.3000447329816148,0.0,0.0
1.0400624999998347,0.029999999981652477,1.8129130484856145e-09,0.3000447331007582,0.0,0.0
1.041062499999836,0.029999999983415786,1.7201344208730322e-09,0.3000447332160222,0.0,0.0
1.0420624999998371,0.029999999985088305,1.6310584447491818e-09,0.30004473332750636,0.0,0.0
1.0430624999998384,0.029999999986673652,1.5455632534304493e-09,0.3000447334353096,0.0,0.0
1.0440624999998396,0.029999999988175353,1.4635301913228936e-09,0.3000447335395286,0.0,0.0
1.0450624999998408,0.029999999989596803,1.3848437205660637e-09,0.30004473364025847,0.0,0.0
1.046062499999842,0.029999999990941297,1.3093913925610682e-09,0.30004473373759255,0.0,0.0
1.0470624999998432,0.029999999992212013,1.237063778095228e-09,0.30004473383162256,0.0,0.0
1.0480624999998445,0.02999999999341201,1.1677544320641036e-09,0.3000447339224393,0.0,0.0
1.0490624999998457,0.02999999999454426,1.101359832217134e-09,0.3000447340101309,0.0,0.0
1.050062499999847,0.02999999999561161,1.0377793252764887e-09,0.30004473409478494,0.0,0.0
1.0510624999998481,0.02999999999661683,9.769150778201437e-10,0.3000447341764864,0.0,0.0
1.0520624999998494,0.029999999997562594,9.186720042512926e-10,0.3000447342553184,0.0,0.0
1.0530624999998506,0.029999999998451463,8.629577337890516e-10,0.30004473433136386,0.0,0.0
1.0540624999998518,0.02999999999928592,8.096825475125908e-10,0.3000447344047024,0.0,0.0
1.055062499999853,0.03000000000006836,7.587593144977914e-10,0.300044734475413,0.0,0.0
1.0560624999998542,0.030000000000801084,7.101034559721014e-10,0.3000447345435726,0.0,0.0
1.0570624999998555,0.030000000001486317,6.63632886215422e-10,0.3000447346092568,0.0,0.0
1.0580624999998567,0.030000000002126218,6.192679414369896e-10,0.3000447346725383,0.0,0.0
1.059062499999858,0.03000000000272283,5.769313342883414e-10,0.30004473473349025,0.0,0.0
1.0600624999998591,0.03000000000327815,5.365481261854198e-10,0.3000447347921828,0.0,0.0
1.0610624999998604,0.03000000000379409,4.980456472241685e-10,0.3000447348486849,0.0,0.0
1.0620624999998616,0.030000000004272498,4.613534443411937e-10,0.30004473490306344,0.0,0.0
1.0630624999998628,0.030000000004715144,4.264032402506571e-10,0.3000447349553845,0.0,0.0
1.064062499999864,0.030000000005123737,3.9312888239897483e-10,0.300044735005712,0.0,0.0
1.0650624999998652,0.030000000005499915,3.6146628454630833e-10,0.3000447350541087,0.0,0.0
1.0660624999998665,0.030000000005845254,3.313533852497197e-10,0.3000447351006358,0.0,0.0
1.0670624999998677,0.030000000006161282,3.0273009330141817e-10,0.3000447351453525,0.0,0.0
1.068062499999869,0.030000000006449458,2.755382248863237e-10,0.3000447351883168,0.0,0.0
1.0690624999998701,0.03000000000671117,2.4972148282364494e-10,0.30004473522958597,0.0,0.0
1.0700624999998714,0.03000000000694776,2.2522540710965558e-10,0.3000447352692151,0.0,0.0
1.0710624999998726,0.03000000000716054,2.0199730992001206e-10,0.3000447353072576,0.0,0.0
1.0720624999998738,0.030000000007350747,1.7998622365698144e-10,0.3000447353437656,0.0,0.0
1.073062499999875,0.03000000000751957,1.5914287463275377e-10,0.3000447353787904,0.0,0.0
1.0740624999998762,0.030000000007668146,1.3941963497342576e-10,0.30004473541238186,0.0,0.0
1.0750624999998775,0.030000000007797574,1.207704807618547e-10,0.3000447354445881,0.0,0.0
1.0760624999998787,0.0300000000079089,1.0315094337447267e-10,0.30004473547545607,0.0,0.0
1.07706249999988,0.030000000008003142,8.65180661494985e-11,0.3000447355050316,0.0,0.0
1.0780624999998811,0.030000000008081243,7.083037534783358e-11,0.3000447355333594,0.0,0.0
1.0790624999998824,0.030000000008144147,5.604782060021197e-11,0.3000447355604823,0.0,0.0
1.0800624999998836,0.03000000000819273,4.213174201134037e-11,0.30004473558644246,0.0,0.0
1.0810624999998848,0.030000000008227848,2.9044831592338066e-11,0.30004473561128026,0.0,0.0
1.082062499999886,0.030000000008250306,1.675109253793094e-11,0.3000447356350359,0.0,0.0
1.0830624999998872,0.030000000008260863,5.2158219844834555e-12,0.3000447356577481,0.0,0.0
1.0840624999998885,0.030000000008260277,-5.594451151833375e-12,0.3000447356794537,0.0,0.0
1.0850624999998897,0.03000000000824925,-1.5712003721696004e-11,0.30004473570018936,0.0,0.0
1.086062499999891,0.030000000008228462,-2.516793410995436e-11,0.3000447357199901,0.0,0.0
1.0870624999998921,0.03000000000819856,-3.3992217024253876e-11,0.30004473573888996,0.0,0.0
1.0880624999998934,0.030000000008160155,-4.2213725047495464e-11,0.30004473575692225,0.0,0.0
1.0890624999998946,0.03000000000811383,-4.986025745007158e-11,0.30004473577411944,0.0,0.0
1.0900624999998958,0.030000000008060163,-5.695858204701219e-11,0.30004473579051205,0.0,0.0
1.091062499999897,0.03000000000799967,-6.353446559829688e-11,0.30004473580613084,0.0,0.0
1.0920624999998982,0.03000000000793286,-6.961269513444671e-11,0.3000447358210053,0.0,0.0
1.0930624999998995,0.03000000000786023,-7.521712786748434e-11,0.30004473583516333,0.0,0.0
1.0940624999999007,0.030000000007782236,-8.037070208059811e-11,0.30004473584863234,0.0,0.0
1.095062499999902,0.03000000000769932,-8.509548114053387e-11,0.30004473586143915,0.0,0.0
1.0960624999999031,0.030000000007611896,-8.941266495442909e-11,0.30004473587360936,0.0,0.0
1.0970624999999044,0.03000000000752036,-9.33426289911089e-11,0.300044735885168,0.0,0.0
1.0980624999999056,0.030000000007425105,-9.690495411422812e-11,0.3000447358961389,0.0,0.0
1.0990624999999068,0.030000000007326465,-1.0011844371080511e-10,0.30004473590654596,0.0,0.0
1.100062499999908,0.030000000007224793,-1.0300113866450999e-10,0.3000447359164113,0.0,0.0
1.1010624999999092,0.030000000007120393,-1.0557035796503649e-10,0.30004473592575753,0.0,0.0
1.1020624999999105,0.030000000007013597,-1.0784272956215005e-10,0.3000447359346046,0.0,0.0
1.1030624999999117,0.030000000006904677,-1.0983420454493784e-10,0.30004473594297354,0.0,0.0
1.104062499999913,0.030000000006793898,-1.115600624732067e-10,0.3000447359508845,0.0,0.0
1.1050624999999141,0.030000000006681536,-1.1303496469146316e-10,0.3000447359583557,0.0,0.0
1.1060624999999153,0.03000000000656782,-1.1427295534981954e-10,0.3000447359654058,0.0,0.0
1.1070624999999166,0.03000000000645299,-1.1528749089683387e-10,0.30004473597205283,0.0,0.0
1.1080624999999178,0.030000000006337253,-1.160914493810979e-10,0.30004473597831394,0.0,0.0
1.109062499999919,0.03000000000622082,-1.1669717094717516e-10,0.30004473598420517,0.0,0.0
1.1100624999999202,0.03000000000610389,-1.1711646668345296e-10,0.30004473598974246,0.0,0.0
1.1110624999999215,0.03000000000598663,-1.1736062837746632e-10,0.30004473599494197,0.0,0.0
1.1120624999999227,0.03000000000586921,-1.1744045120269804e-10,0.300044735999818,0.0,0.0
1.113062499999924,0.030000000005751797,-1.1736625152771685e-10,0.3000447360043851,0.0,0.0
1.1140624999999251,0.030000000005634533,-1.1714789811052704e-10,0.30004473600865694,0.0,0.0
1.1150624999999263,0.030000000005517564,-1.167948106239269e-10,0.3000447360126467,0.0,0.0
1.1160624999999276,0.030000000005401012,-1.1631598143483647e-10,0.3000447360163676,0.0,0.0
1.1170624999999288,0.030000000005285,-1.1571999148505759e-10,0.3000447360198316,0.0,0.0
1.11806249999993,0.030000000005169645,-1.1501502912131793e-10,0.3000447360230508,0.0,0.0
1.1190624999999312,0.030000000005055056,-1.1420890041776494e-10,0.30004473602603643,0.0,0.0
1.1200624999999325,0.030000000004941324,-1.13309052316502e-10,0.3000447360287995,0.0,0.0
1.1210624999999337,0.030000000004828532,-1.1232256786336025e-10,0.3000447360313511,0.0,0.0
1.122062499999935,0.03000000000471677,-1.1125618730662272e-10,0.3000447360337011,0.0,0.0
1.1230624999999361,0.030000000004606113,-1.1011633225846629e-10,0.3000447360358593,0.0,0.0
1.1240624999999373,0.030000000004496635,-1.0890910580839567e-10,0.3000447360378351,0.0,0.0
1.1250624999999386,0.030000000004388395,-1.0764031362196752e-10,0.30004473603963766,0.0,0.0
1.1260624999999398,0.030000000004281453,-1.0631546711694225e-10,0.3000447360412757,0.0,0.0
1.127062499999941,0.030000000004175863,-1.0493980274706423e-10,0.30004473604275744,0.0,0.0
1.1280624999999422,0.030000000004071672,-1.035182876737617e-10,0.30004473604409093,0.0,0.0
1.1290624999999435,0.03000000000396893,-1.0205563349166069e-10,0.3000447360452839,0.0,0.0
1.1300624999999447,0.030000000003867672,-1.005563113153073e-10,0.30004473604634374,0.0,0.0
1.131062499999946,0.030000000003767926,-9.902454429252339e-11,0.30004473604727766,0.0,0.0
1.1320624999999471,0.030000000003669727,-9.746433063150872e-11,0.3000447360480924,0.0,0.0
1.1330624999999483,0.030000000003573103,-9.5879451768089e-11,0.3000447360487945,0.0,0.0
1.1340624999999496,0.030000000003478074,-9.427348438971982e-11,0.3000447360493901,0.0,0.0
1.1350624999999508,0.03000000000338466,-9.264980145639272e-11,0.30004473604988546,0.0,0.0
1.136062499999952,0.03000000000329288,-9.101158490524313e-11,0.30004473605028587,0.0,0.0
1.1370624999999532,0.03000000000320274,-8.936183461183637e-11,0.3000447360505974,0.0,0.0
1.1380624999999545,0.030000000003114258,-8.770337564994372e-11,0.3000447360508248,0.0,0.0
1.1390624999999557,0.03000000000302744,-8.603886532445036e-11,0.30004473605097337,0.0,0.0
1.140062499999957,0.030000000002942284,-8.437079714154542e-11,0.30004473605104787,0.0,0.0
1.1410624999999581,0.030000000002858802,-8.27015145342359e-11,0.30004473605105275,0.0,0.0
1.1420624999999593,0.030000000002776986,-8.103321086234685e-11,0.3000447360509927,0.0,0.0
1.1430624999999606,0.030000000002696835,-7.936793701259915e-11,0.3000447360508719,0.0,0.0
1.1440624999999618,0.03000000000261835,-7.770761262857562e-11,0.3000447360506941,0.0,0.0
1.145062499999963,0.030000000002541518,-7.605403189585516e-11,0.3000447360504634,0.0,0.0
1.1460624999999642,0.030000000002466342,-7.440886467635244e-11,0.30004473605018317,0.0,0.0
1.1470624999999655,0.0300000000023928,-7.277366354122621e-11,0.30004473604985704,0.0,0.0
1.1480624999999667,0.030000000002320892,-7.114987420680707e-11,0.30004473604948834,0.0,0.0
1.149062499999968,0.030000000002250598,-6.953882974946364e-11,0.3000447360490804,0.0,0.0
1.1500624999999691,0.03000000000218191,-6.794176467141844e-11,0.30004473604863596,0.0,0.0
1.1510624999999703,0.03000000000211481,-6.635981773659805e-11,0.3000447360481581,0.0,0.0
1.1520624999999716,0.030000000002049283,-6.47940367348609e-11,0.3000447360476494,0.0,0.0
1.1530624999999728,0.030000000001985317,-6.324538653581144e-11,0.3000447360471125,0.0,0.0
1.154062499999974,0.030000000001922888,-6.171474250962801e-11,0.30004473604654985,0.0,0.0
1.1550624999999752,0.030000000001861975,-6.0202903458539e-11,0.30004473604596404,0.0,0.0
1.1560624999999765,0.030000000001802567,-5.871059218399276e-11,0.3000447360453569,0.0,0.0
1.1570624999999777,0.03000000000174464,-5.723846376733954e-11,0.3000447360447309,0.0,0.0
1.158062499999979,0.030000000001688176,-5.578710738477564e-11,0.30004473604408777,0.0,0.0
1.1590624999999801,0.030000000001633154,-5.435704710138126e-11,0.30004473604342946,0.0,0.0
1.1600624999999813,0.030000000001579548,-5.294874538757462e-11,0.3000447360427579,0.0,0.0
1.1610624999999826,0.030000000001527336,-5.156260697586791e-11,0.3000447360420747,0.0,0.0
1.1620624999999838,0.030000000001476502,-5.019898283105728e-11,0.3000447360413815,0.0,0.0
1.163062499999985,0.030000000001427014,-4.8858176275658863e-11,0.3000447360406798,0.0,0.0
1.1640624999999862,0.030000000001378858,-4.754043550326476e-11,0.300044736039971,0.0,0.0
1.1650624999999875,0.030000000001332006,-4.624597581160711e-11,0.30004473603925647,0.0,0.0
1.1660624999999887,0.03000000000128644,-4.497495975160795e-11,0.3000447360385374,0.0,0.0
1.16706249999999,0.030000000001242123,-4.372751119319534e-11,0.30004473603781523,0.0,0.0
1.1680624999999911,0.030000000001199047,-4.250371521186933e-11,0.30004473603709075,0.0,0.0
1.1690624999999923,0.030000000001157184,-4.130362693655393e-11,0.30004473603636517,0.0,0.0
1.1700624999999936,0.030000000001116512,-4.012727007495515e-11,0.3000447360356393,0.0,0.0
1.1710624999999948,0.030000000001077,-3.8974628973180994e-11,0.30004473603491455,0.0,0.0
1.172062499999996,0.030000000001038623,-3.7845659051669435e-11,0.3000447360341914,0.0,0.0
1.1730624999999972,0.030000000001001365,-3.6740288279830457e-11,0.30004473603347087,0.0,0.0
1.1740624999999985,0.030000000000965203,-3.5658425343294e-11,0.3000447360327535,0.0,0.0
1.1750624999999997,0.03000000000093011,-3.459995124979403e-11,0.3000447360320399,0.0,0.0
1.176062500000001,0.03000000000089606,-3.356472636207645e-11,0.300044736031331,0.0,0.0
1.1770625000000021,0.030000000000863038,-3.255259085163521e-11,0.3000447360306275,0.0,0.0
1.1780625000000033,0.03000000000083101,-3.1563361976296216e-11,0.30004473602992954,0.0,0.0
1.1790625000000046,0.03000000000079997,-3.059684236089941e-11,0.30004473602923787,0.0,0.0
1.1800625000000058,0.030000000000769876,-2.965281727488267e-11,0.30004473602855314,0.0,0.0
1.181062500000007,0.030000000000740705,-2.873105565318791e-11,0.3000447360278759,0.0,0.0
1.1820625000000082,0.030000000000712467,-2.7831309188789003e-11,0.30004473602720555,0.0,0.0
1.1830625000000095,0.030000000000685118,-2.695335384953585e-11,0.30004473602654297,0.0,0.0
1.1840625000000107,0.03000000000065861,-2.6096890850272323e-11,0.3000447360258899,0.0,0.0
1.185062500000012,0.03000000000063296,-2.5261649310606298e-11,0.3000447360252448,0.0,0.0
1.1860625000000131,0.030000000000608137,-2.4447341448479654e-11,0.3000447360246086,0.0,0.0
1.1870625000000143,0.03000000000058411,-2.3653674377304253e-11,0.3000447360239817,0.0,0.0
1.1880625000000156,0.030000000000560873,-2.288034454769595e-11,0.30004473602336396,0.0,0.0
1.1890625000000168,0.030000000000538398,-2.2127045801288618e-11,0.3000447360227557,0.0,0.0
1.190062500000018,0.030000000000516665,-2.1393462224392117e-11,0.30004473602215737,0.0,0.0
1.1910625000000192,0.030000000000495648,-2.0679270416672302e-11,0.30004473602156895,0.0,0.0
1.1920625000000205,0.030000000000475337,-1.9984142894171022e-11,0.3000447360209906,0.0,0.0
1.1930625000000217,0.030000000000455714,-1.9307756596856135e-11,0.3000447360204221,0.0,0.0
1.194062500000023,0.030000000000436757,-1.864977859593749e-11,0.3000447360198638,0.0,0.0
1.1950625000000241,0.03000000000041845,-1.8009876302926944e-11,0.3000447360193157,0.0,0.0
1.1960625000000253,0.030000000000400772,-1.7387718263676333e-11,0.3000447360187778,0.0,0.0
1.1970625000000266,0.03000000000038371,-1.6782967352337526e-11,0.3000447360182502,0.0,0.0
1.1980625000000278,0.03000000000036724,-1.6195287577402363e-11,0.30004473601773285,0.0,0.0
1.199062500000029,0.03000000000035135,-1.5624339771210697e-11,0.30004473601722603,0.0,0.0
1.2000625000000302,0.030000000000336022,-1.506978692134836e-11,0.30004473601672943,0.0,0.0
1.2010625000000315,0.03000000000032124,-1.4531293263175222e-11,0.300044736016243,0.0,0.0
1.2020625000000327,0.030000000000306986,-1.4008521217107122e-11,0.30004473601576703,0.0,0.0
1.203062500000034,0.03000000000029325,-1.3501137740919918e-11,0.300044736015301,0.0,0.0
1.2040625000000351,0.03000000000028001,-1.3008811267031453e-11,0.3000447360148453,0.0,0.0
1.2050625000000363,0.030000000000267257,-1.253121011442558e-11,0.30004473601439957,0.0,0.0
1.2060625000000376,0.030000000000254975,-1.2068006231974157e-11,0.30004473601396386,0.0,0.0
1.2070625000000388,0.03000000000024315,-1.161888041640104e-11,0.3000447360135379,0.0,0.0
1.20806250000004,0.030000000000231772,-1.1183508700202082e-11,0.30004473601312176,0.0,0.0
1.2090625000000412,0.03000000000022081,-1.0761566662137135e-11,0.30004473601271575,0.0,0.0
1.2100625000000425,0.030000000000210268,-1.0352735779534063e-11,0.30004473601231924,0.0,0.0
1.2110625000000437,0.030000000000200127,-9.956705923836724e-12,0.3000447360119322,0.0,0.0
1.212062500000045,0.030000000000190378,-9.573167647092976e-12,0.30004473601155446,0.0,0.0
1.2130625000000461,0.030000000000181,-9.201812749124684e-12,0.30004473601118625,0.0,0.0
1.2140625000000473,0.03000000000017199,-8.84233677307571e-12,0.3000447360108272,0.0,0.0
1.2150625000000486,0.030000000000163334,-8.494446038319924e-12,0.3000447360104771,0.0,0.0
1.2160625000000498,0.03000000000015502,-8.157846864231195e-12,0.3000447360101358,0.0,0.0
1.217062500000051,0.030000000000147038,-7.832250674713395e-12,0.3000447360098034,0.0,0.0
1.2180625000000522,0.030000000000139374,-7.517370935482392e-12,0.3000447360094798,0.0,0.0
1.2190625000000535,0.03000000000013202,-7.212929166068064e-12,0.3000447360091645,0.0,0.0
1.2200625000000547,0.030000000000124958,-6.918643823282283e-12,0.3000447360088578,0.0,0.0
1.221062500000056,0.030000000000118193,-6.63424708945093e-12,0.3000447360085591,0.0,0.0
1.2220625000000571,0.030000000000111705,-6.359473188711886e-12,0.30004473600826853,0.0,0.0
1.2230625000000583,0.030000000000105487,-6.094061109431036e-12,0.300044736007986,0.0,0.0
1.2240625000000596,0.030000000000099534,-5.8377550579382624e-12,0.30004473600771103,0.0,0.0
1.2250625000000608,0.030000000000093827,-5.590302303281452e-12,0.30004473600744386,0.0,0.0
1.226062500000062,0.030000000000088366,-5.3514530637924975e-12,0.30004473600718423,0.0,0.0
1.2270625000000632,0.030000000000083134,-5.120964590711284e-12,0.3000447360069321,0.0,0.0
1.2280625000000644,0.030000000000078138,-4.898599353241709e-12,0.30004473600668674,0.0,0.0
1.2290625000000657,0.03000000000007335,-4.684125832589667e-12,0.3000447360064489,0.0,0.0
1.230062500000067,0.030000000000068774,-4.4773116024890545e-12,0.3000447360062178,0.0,0.0
1.2310625000000681,0.030000000000064402,-4.2779334248277724e-12,0.3000447360059935,0.0,0.0
1.2320625000000693,0.030000000000060225,-4.085772712287723e-12,0.3000447360057758,0.0,0.0
1.2330625000000706,0.03000000000005624,-3.90061575521281e-12,0.30004473600556464,0.0,0.0
1.2340625000000718,0.030000000000052436,-3.72225621715694e-12,0.3000447360053596,0.0,0.0
1.235062500000073,0.030000000000048807,-3.5504916184300238e-12,0.30004473600516085,0.0,0.0
1.2360625000000742,0.030000000000045345,-3.38511777783197e-12,0.3000447360049682,0.0,0.0
1.2370625000000754,0.030000000000042045,-3.2259382276746894e-12,0.3000447360047815,0.0,0.0
1.2380625000000767,0.0300000000000389,-3.0727625122720974e-12,0.30004473600460074,0.0,0.0
1.239062500000078,0.0300000000000359,-2.925401196844109e-12,0.3000447360044254,0.0,0.0
1.2400625000000791,0.030000000000033052,-2.7836722198206434e-12,0.30004473600425563,0.0,0.0
1.2410625000000803,0.03000000000003034,-2.6474023674836218e-12,0.3000447360040912,0.0,0.0
1.2420625000000816,0.030000000000027765,-2.5164172917749667e-12,0.300044736003932,0.0,0.0
1.2430625000000828,0.03000000000002532,-2.390551946224604e-12,0.30004473600377773,0.0,0.0
1.244062500000084,0.03000000000002299,-2.26963788134246e-12,0.3000447360036287,0.0,0.0
1.2450625000000852,0.030000000000020784,-2.1535150417544604e-12,0.3000447360034844,0.0,0.0
1.2460625000000864,0.03000000000001869,-2.0420242795585357e-12,0.30004473600334497,0.0,0.0
1.2470625000000877,0.030000000000016704,-1.9350139334966164e-12,0.3000447360032101,0.0,0.0
1.248062500000089,0.030000000000014824,-1.832334724424636e-12,0.3000447360030797,0.0,0.0
1.2490625000000901,0.030000000000013044,-1.7338441792385322e-12,0.30004473600295367,0.0,0.0
1.2500625000000913,0.030000000000011358,-1.6394024338162413e-12,0.3000447360028318,0.0,0.0
1.2510625000000926,0.03000000000000977,-1.548870077771701e-12,0.30004473600271414,0.0,0.0
1.2520625000000938,0.030000000000008263,-1.4621116709088506e-12,0.3000447360026007,0.0,0.0
1.253062500000095,0.030000000000006848,-1.3790019820916343e-12,0.30004473600249076,0.0,0.0
1.2540625000000962,0.030000000000005512,-1.2994145324099958e-12,0.30004473600238485,0.0,0.0
1.2550625000000974,0.030000000000004256,-1.2232302161638806e-12,0.30004473600228243,0.0,0.0
1.2560625000000987,0.03000000000000307,-1.150326184331234e-12,0.30004473600218384,0.0,0.0
1.2570625000001,0.030000000000001956,-1.080586507364004e-12,0.3000447360020888,0.0,0.0
1.2580625000001011,0.030000000000000915,-1.0139011542821424e-12,0.3000447360019968,0.0,0.0
1.2590625000001023,0.029999999999999936,-9.501606612755993e-13,0.3000447360019083,0.0,0.0
1.2600625000001036,0.02999999999999902,-8.892589675543275e-13,0.30004473600182285,0.0,0.0
1.2610625000001048,0.029999999999998164,-8.310936422162812e-13,0.3000447360017406,0.0,0.0
1.262062500000106,0.029999999999997362,-7.755638424354152e-13,0.3000447360016614,0.0,0.0
1.2630625000001072,0.029999999999996616,-7.225726955756857e-13,0.3000447360015851,0.0,0.0
1.2640625000001084,0.029999999999995922,-6.720280932290519e-13,0.3000447360015116,0.0,0.0
1.2650625000001097,0.029999999999995274,-6.238372463834722e-13,0.300044736001441,0.0,0.0
1.266062500000111,0.02999999999999467,-5.779099750089061e-13,0.3000447360013732,0.0,0.0
1.2670625000001121,0.029999999999994115,-5.341631319833165e-13,0.30004473600130765,0.0,0.0
1.2680625000001133,0.029999999999993608,-4.925119821086652e-13,0.3000447360012445,0.0,0.0
1.2690625000001146,0.029999999999993136,-4.5287587381091623e-13,0.300044736001184,0.0,0.0
1.2700625000001158,0.029999999999992696,-4.1518050782003625e-13,0.3000447360011261,0.0,0.0
1.271062500000117,0.029999999999992307,-3.7935067739399164e-13,0.30004473600106973,0.0,0.0
1.2720625000001182,0.029999999999991946,-3.453081130727474e-13,0.300044736001016,0.0,0.0
1.2730625000001194,0.029999999999991613,-3.129928082702767e-13,0.3000447360009645,0.0,0.0
1.2740625000001207,0.029999999999991325,-2.8232615322454417e-13,0.3000447360009146,0.0,0.0
1.275062500000122,0.029999999999991048,-2.532505234635242e-13,0.30004473600086734,0.0,0.0
1.2760625000001231,0.029999999999990822,-2.2569558990718514e-13,0.30004473600082127,0.0,0.0
1.2770625000001243,0.0299999999999906,-1.9960633706550243e-13,0.3000447360007778,0.0,0.0
1.2780625000001256,0.029999999999990423,-1.7491243585844453e-13,0.30004473600073545,0.0,0.0
1.2790625000001268,0.029999999999990257,-1.5157202913999276e-13,0.30004473600069526,0.0,0.0
1.280062500000128,0.029999999999990114,-1.2950673401611194e-13,0.30004473600065673,0.0,0.0
1.2810625000001292,0.029999999999990003,-1.0868796511878931e-13,0.3000447360006194,0.0,0.0
1.2820625000001304,0.029999999999989892,-8.904890982199495e-14,0.3000447360005844,0.0,0.0
1.2830625000001317,0.029999999999989823,-7.053319142770362e-14,0.3000447360005502,0.0,0.0
1.284062500000133,0.029999999999989767,-5.3118236569905216e-14,0.30004473600051745,0.0,0.0
1.2850625000001341,0.029999999999989712,-3.673779979257008e-14,0.30004473600048676,0.0,0.0
1.2860625000001353,0.02999999999998968,-2.1331534207671174e-14,0.3000447360004572,0.0,0.0
1.2870625000001366,0.02999999999998968,-6.8904785292044805e-15,0.30004473600042825,0.0,0.0
1.2880625000001378,0.02999999999998968,6.634824466852138e-15,0.30004473600040105,0.0,0.0
1.289062500000139,0.02999999999998968,1.9302339554524638e-14,0.3000447360003756,0.0,0.0
1.2900625000001402,0.029999999999989698,3.116356576983608e-14,0.30004473600035125,0.0,0.0
1.2910625000001414,0.029999999999989754,4.221975088678703e-14,0.30004473600032683,0.0,0.0
1.2920625000001427,0.02999999999998981,5.2504357935392476e-14,0.30004473600030396,0.0,0.0
1.2930625000001439,0.029999999999989865,6.206661727167445e-14,0.30004473600028253,0.0,0.0
1.294062500000145,0.02999999999998992,7.095178906165322e-14,0.30004473600026244,0.0,0.0
1.2950625000001463,0.029999999999989976,7.920275135734799e-14,0.3000447360002436,0.0,0.0
1.2960625000001476,0.02999999999999006,8.685251345277354e-14,0.300044736000225,0.0,0.0
1.2970625000001488,0.02999999999999017,9.388576175792302e-14,0.3000447360002065,0.0,0.0
1.29806250000015,0.02999999999999028,1.0033198911280962e-13,0.30004473600018905,0.0,0.0
1.2990625000001512,0.029999999999990392,1.0622862873745012e-13,0.30004473600017273,0.0,0.0
1.3000625000001524,0.029999999999990503,1.1161050486986012e-13,0.30004473600015746,0.0,0.0
1.3010625000001537,0.029999999999990614,1.1651028650205422e-13,0.3000447360001432,0.0,0.0
1.3020625000001549,0.029999999999990725,1.20958260512046e-13,0.3000447360001298,0.0,0.0
1.303062500000156,0.029999999999990836,1.249836928718486e-13,0.3000447360001173,0.0,0.0
1.3040625000001573,0.029999999999990947,1.2861290026947373e-13,0.3000447360001055,0.0,0.0
1.3050625000001586,0.029999999999991058,1.318710650529327e-13,0.3000447360000945,0.0,0.0
1.3060625000001598,0.02999999999999117,1.3478144119223596e-13,0.3000447360000842,0.0,0.0
1.307062500000161,0.02999999999999128,1.3736671548739365e-13,0.30004473600007453,0.0,0.0
1.3080625000001622,0.029999999999991415,1.3964106718841213e-13,0.30004473600006476,0.0,0.0
1.3090625000001634,0.029999999999991582,1.4157216760527686e-13,0.30004473600005416,0.0,0.0
1.3100625000001647,0.02999999999999175,1.431695451939922e-13,0.3000447360000443,0.0,0.0
1.3110625000001659,0.029999999999991915,1.4445429867856752e-13,0.300044736000035,0.0,0.0
1.312062500000167,0.02999999999999208,1.4544650587701185e-13,0.30004473600002635,0.0,0.0
1.3130625000001683,0.029999999999992248,1.4616442966333333e-13,0.3000447360000182,0.0,0.0
1.3140625000001696,0.029999999999992415,1.4662553887353977e-13,0.3000447360000106,0.0,0.0
1.3150625000001708,0.02999999999999258,1.468462814376386e-13,0.3000447360000035,0.0,0.0
1.316062500000172,0.029999999999992748,1.4684163064363654e-13,0.30004473599999676,0.0,0.0
1.3170625000001732,0.029999999999992914,1.4662610604354003e-13,0.30004473599999054,0.0,0.0
1.3180625000001744,0.02999999999999308,1.4621320628335516e-13,0.30004473599998466,0.0,0.0
1.3190625000001757,0.029999999999993247,1.4561495536708732e-13,0.30004473599997916,0.0,0.0
1.3200625000001769,0.029999999999993414,1.448436041667419e-13,0.30004473599997405,0.0,0.0
1.321062500000178,0.02999999999999358,1.439095886103236e-13,0.3000447359999692,0.0,0.0
1.3220625000001793,0.029999999999993747,1.4282368492783728e-13,0.30004473599996473,0.0,0.0
1.3230625000001806,0.029999999999993913,1.4159564844328735e-13,0.3000447359999605,0.0,0.0
1.3240625000001818,0.02999999999999408,1.4023387327267756e-13,0.3000447359999565,0.0,0.0
1.325062500000183,0.029999999999994243,1.3874766100401203e-13,0.30004473599995285,0.0,0.0
1.3260625000001842,0.029999999999994354,1.371822718033112e-13,0.3000447359999515,0.0,0.0
1.3270625000001854,0.029999999999994465,1.3557513889059154e-13,0.3000447359999503,0.0,0.0
1.3280625000001867,0.029999999999994576,1.339289846818544e-13,0.30004473599994913,0.0,0.0
1.3290625000001879,0.029999999999994687,1.3224653159310104e-13,0.300044735999948,0.0,0.0
1.330062500000189,0.029999999999994798,1.305299348703324e-13,0.300044735999947,0.0,0.0
1.3310625000001903,0.02999999999999491,1.287813497595494e-13,0.3000447359999461,0.0,0.0
1.3320625000001916,0.02999999999999502,1.2700270463875295e-13,0.3000447359999452,0.0,0.0
1.3330625000001928,0.02999999999999513,1.2519615475394401e-13,0.30004473599994436,0.0,0.0
1.334062500000194,0.029999999999995242,1.2336340161512337e-13,0.3000447359999436,0.0,0.0
1.3350625000001952,0.029999999999995353,1.2150614673229173e-13,0.30004473599994286,0.0,0.0
1.3360625000001964,0.029999999999995464,1.1962586474744985e-13,0.3000447359999422,0.0,0.0
1.3370625000001977,0.029999999999995575,1.1772391686859826e-13,0.3000447359999415,0.0,0.0
1.3380625000001989,0.029999999999995686,1.158016643037375e-13,0.3000447359999409,0.0,0.0
1.3390625000002,0.029999999999995797,1.1386069512886838e-13,0.30004473599994036,0.0,0.0
1.3400625000002013,0.02999999999999591,1.1190203024999127e-13,0.30004473599993986,0.0,0.0
1.3410625000002026,0.02999999999999602,1.099266905731067e-13,0.30004473599993936,0.0,0.0
1.3420625000002038,0.02999999999999613,1.0793569700421512e-13,0.3000447359999389,0.0,0.0
1.343062500000205,0.02999999999999624,1.0593018388331704e-13,0.30004473599993847,0.0,0.0
1.3440625000002062,0.029999999999996353,1.0391117211641291e-13,0.3000447359999381,0.0,0.0
1.3450625000002074,0.029999999999996464,1.01879228873503e-13,0.3000447359999377,0.0,0.0
1.3460625000002087,0.029999999999996575,9.983537506058775e-14,0.3000447359999373,0.0,0.0
1.3470625000002099,0.029999999999996686,9.778040471566752e-14,0.300044735999937,0.0,0.0
1.348062500000211,0.029999999999996797,9.571499844274263e-14,0.3000447359999367,0.0,0.0
1.3490625000002123,0.029999999999996908,9.363983684581338e-14,0.3000447359999364,0.0,0.0
1.3500625000002136,0.02999999999999702,9.155526022687988e-14,0.30004473599993614,0.0,0.0
1.3510625000002148,0.02999999999999713,8.946194918994248e-14,0.30004473599993586,0.0,0.0
1.352062500000216,0.02999999999999724,8.736081120700159e-14,0.30004473599993564,0.0,0.0
1.3530625000002172,0.02999999999999735,8.52518462780572e-14,0.3000447359999354,0.0,0.0
1.3540625000002184,0.02999999999999746,8.31359618751097e-14,0.3000447359999352,0.0,0.0
1.3550625000002197,0.029999999999997515,8.105127182217615e-14,0.30004473599993714,0.0,0.0
1.3560625000002209,0.02999999999999757,7.90284032992703e-14,0.30004473599993897,0.0,0.0
1.357062500000222,0.029999999999997626,7.706338611639035e-14,0.3000447359999407,0.0,0.0
1.3580625000002233,0.02999999999999768,7.515259038553468e-14,0.3000447359999423,0.0,0.0
1.3590625000002245,0.029999999999997737,7.329249965270169e-14,0.3000447359999438,0.0,0.0
1.3600625000002258,0.029999999999997792,7.147993776589003e-14,0.30004473599994524,0.0,0.0
1.361062500000227,0.029999999999997848,6.971240917709857e-14,0.3000447359999465,0.0,0.0
1.3620625000002282,0.029999999999997903,6.798617056432559e-14,0.3000447359999478,0.0,0.0
1.3630625000002294,0.02999999999999796,6.629895324757007e-14,0.30004473599994896,0.0,0.0
1.3640625000002307,0.029999999999998014,6.464837511283096e-14,0.30004473599995,0.0,0.0
1.3650625000002319,0.02999999999999807,6.303194061210713e-14,0.300044735999951,0.0,0.0
1.366062500000233,0.029999999999998125,6.144772136739774e-14,0.300044735999952,0.0,0.0
1.3670625000002343,0.02999999999999818,5.989367556670185e-14,0.3000447359999529,0.0,0.0
1.3680625000002355,0.029999999999998236,5.83676479640185e-14,0.30004473599995374,0.0,0.0
1.3690625000002368,0.029999999999998292,5.686793704934694e-14,0.3000447359999545,0.0,0.0
1.370062500000238,0.029999999999998347,5.53928413126864e-14,0.30004473599995524,0.0,0.0
1.3710625000002392,0.029999999999998403,5.394111298003631e-14,0.3000447359999559,0.0,0.0
1.3720625000002404,0.02999999999999846,5.251105054139593e-14,0.30004473599995657,0.0,0.0
1.3730625000002417,0.029999999999998514,5.110117935476459e-14,0.3000447359999572,0.0,0.0
1.3740625000002429,0.02999999999999857,4.9710365080141775e-14,0.30004473599995773,0.0,0.0
1.375062500000244,0.029999999999998625,4.833724650952689e-14,0.30004473599995823,0.0,0.0
1.3760625000002453,0.02999999999999868,4.698091617091952e-14,0.30004473599995873,0.0,0.0
1.3770625000002465,0.029999999999998736,4.564035315831921e-14,0.30004473599995923,0.0,0.0
1.3780625000002478,0.02999999999999879,4.43145365657255e-14,0.3000447359999596,0.0,0.0
1.379062500000249,0.029999999999998847,4.300187831713768e-14,0.30004473599996007,0.0,0.0
1.3800625000002502,0.029999999999998903,4.170237841255575e-14,0.30004473599996045,0.0,0.0
1.3810625000002514,0.029999999999998958,4.041467564397911e-14,0.3000447359999608,0.0,0.0
1.3820625000002527,0.029999999999999014,3.913831627540754e-14,0.3000447359999611,0.0,0.0
1.3830625000002539,0.02999999999999907,3.78725062688407e-14,0.30004473599996145,0.0,0.0
1.384062500000255,0.029999999999999125,3.661645158627825e-14,0.30004473599996173,0.0,0.0
1.3850625000002563,0.02999999999999918,3.536969849171997e-14,0.300044735999962,0.0,0.0
1.3860625000002575,0.029999999999999236,3.41316798151656e-14,0.3000447359999623,0.0,0.0
1.3870625000002588,0.02999999999999929,3.290171495261484e-14,0.3000447359999625,0.0,0.0
1.38806250000026,0.029999999999999347,3.167935016806748e-14,0.30004473599996273,0.0,0.0
1.3890625000002612,0.029999999999999402,3.046413172552332e-14,0.30004473599996295,0.0,0.0
1.3900625000002624,0.029999999999999458,2.92554924549821e-14,0.3000447359999631,0.0,0.0
1.3910625000002637,0.029999999999999513,2.8053205488443722e-14,0.30004473599996334,0.0,0.0
1.3920625000002649,0.029999999999999524,2.687905015391794e-14,0.3000447359999651,0.0,0.0
1.393062500000266,0.029999999999999524,2.577817318342497e-14,0.30004473599996734,0.0,0.0
1.3940625000002673,0.029999999999999524,2.4746944688963182e-14,0.3000447359999694,0.0,0.0
1.3950625000002685,0.029999999999999524,2.3781281046530762e-14,0.30004473599997133,0.0,0.0
1.3960625000002698,0.029999999999999524,2.287698519812582e-14,0.30004473599997317,0.0,0.0
1.397062500000271,0.029999999999999524,2.2029973519746523e-14,0.30004473599997483,0.0,0.0
1.3980625000002722,0.029999999999999524,2.1236502689391214e-14,0.30004473599997644,0.0,0.0
1.3990625000002734,0.029999999999999524,2.0493283121058404e-14,0.30004473599997794,0.0,0.0
1.4000625000002747,0.029999999999999524,1.979736553074677e-14,0.30004473599997933,0.0,0.0
1.4010625000002759,0.029999999999999524,1.91455737664549e-14,0.30004473599998066,0.0,0.0
1.402062500000277,0.029999999999999524,1.8535071978181527e-14,0.3000447359999819,0.0,0.0
1.4030625000002783,0.029999999999999524,1.796336461792552e-14,0.30004473599998305,0.0,0.0
1.4040625000002795,0.029999999999999524,1.7427956137685766e-14,0.3000447359999841,0.0,0.0
1.4050625000002808,0.029999999999999524,1.6926464423461196e-14,0.3000447359999851,0.0,0.0
1.406062500000282,0.029999999999999524,1.6456847663250895e-14,0.30004473599998605,0.0,0.0
1.4070625000002832,0.029999999999999524,1.6016723743053814e-14,0.30004473599998693,0.0,0.0
1.4080625000002844,0.029999999999999524,1.560473145486933e-14,0.30004473599998777,0.0,0.0
1.4090625000002857,0.029999999999999524,1.5218828986696523e-14,0.30004473599998854,0.0,0.0
1.4100625000002869,0.029999999999999524,1.4857428262534687e-14,0.30004473599998926,0.0,0.0
1.411062500000288,0.029999999999999524,1.451882777238306e-14,0.30004473599998993,0.0,0.0
1.4120625000002893,0.029999999999999524,1.420189317624113e-14,0.3000447359999906,0.0,0.0
1.4130625000002905,0.029999999999999524,1.3904809530108099e-14,0.30004473599999115,0.0,0.0
1.4140625000002918,0.029999999999999524,1.3626669361983548e-14,0.3000447359999917,0.0,0.0
1.415062500000293,0.029999999999999524,1.3366224897866919e-14,0.30004473599999226,0.0,0.0
1.4160625000002942,0.029999999999999524,1.3122341797757705e-14,0.30004473599999276,0.0,0.0
1.4170625000002954,0.029999999999999524,1.2893658853655299e-14,0.3000447359999932,0.0,0.0
1.4180625000002967,0.029999999999999524,1.26794954615594e-14,0.30004473599999365,0.0,0.0
1.4190625000002979,0.029999999999999524,1.2479171017469697e-14,0.30004473599999404,0.0,0.0
1.420062500000299,0.029999999999999524,1.2291551181385684e-14,0.3000447359999944,0.0,0.0
1.4210625000003003,0.029999999999999524,1.2115841915307e-14,0.30004473599999476,0.0,0.0
1.4220625000003015,0.029999999999999524,1.1951135747233245e-14,0.3000447359999951,0.0,0.0
1.4230625000003028,0.029999999999999524,1.1796978941164211e-14,0.3000447359999954,0.0,0.0
1.424062500000304,0.029999999999999524,1.1652690893099595e-14,0.3000447359999957,0.0,0.0
1.4250625000003052,0.029999999999999524,1.1517364131038994e-14,0.300044735999996,0.0,0.0
1.4260625000003064,0.029999999999999524,1.139065835298226e-14,0.3000447359999962,0.0,0.0
1.4270625000003077,0.029999999999999524,1.1272119822929178e-14,0.3000447359999965,0.0,0.0
1.4280625000003089,0.029999999999999524,1.1160954502879402e-14,0.3000447359999967,0.0,0.0
1.42906250000031,0.029999999999999524,1.1056822090832774e-14,0.30004473599999687,0.0,0.0
1.4300625000003113,0.029999999999999524,1.095949571878919e-14,0.3000447359999971,0.0,0.0
1.4310625000003125,0.029999999999999524,1.08681813487483e-14,0.30004473599999726,0.0,0.0
1.4320625000003138,0.029999999999999524,1.0782652112709999e-14,0.3000447359999974,0.0,0.0
1.433062500000315,0.029999999999999524,1.0702681142674188e-14,0.3000447359999976,0.0,0.0
1.4340625000003162,0.029999999999999524,1.0627701268640611e-14,0.30004473599999776,0.0,0.0
1.4350625000003174,0.029999999999999524,1.0557372188609118e-14,0.30004473599999787,0.0,0.0
1.4360625000003187,0.029999999999999524,1.0491693902579705e-14,0.30004473599999804,0.0,0.0
1.4370625000003199,0.029999999999999524,1.043009924055212e-14,0.30004473599999815,0.0,0.0
1.438062500000321,0.029999999999999524,1.037236133452626e-14,0.30004473599999826,0.0,0.0
1.4390625000003223,0.029999999999999524,1.0318366750502081e-14,0.30004473599999837,0.0,0.0
1.4400625000003235,0.029999999999999524,1.0267775186479421e-14,0.3000447359999985,0.0,0.0
1.4410625000003248,0.029999999999999524,1.0220359774458185e-14,0.3000447359999986,0.0,0.0
1.442062500000326,0.029999999999999524,1.017589364643827e-14,0.30004473599999865,0.0,0.0
1.4430625000003272,0.029999999999999524,1.0134376802419679e-14,0.30004473599999876,0.0,0.0
1.4440625000003284,0.029999999999999524,1.0095355506402213e-14,0.3000447359999988,0.0,0.0
1.4450625000003297,0.029999999999999524,1.0058829758385854e-14,0.3000447359999989,0.0,0.0
1.4460625000003309,0.029999999999999524,1.0024799558370625e-14,0.300044735999999,0.0,0.0
1.447062500000332,0.029999999999999524,9.9928111703563e-15,0.30004473599999903,0.0,0.0
1.4480625000003333,0.029999999999999524,9.962864594342893e-15,0.3000447359999991,0.0,0.0
1.4490625000003345,0.029999999999999524,9.934846396330353e-15,0.30004473599999915,0.0,0.0
1.4500625000003358,0.029999999999999524,9.908529708318567e-15,0.3000447359999992,0.0,0.0
1.451062500000337,0.029999999999999524,9.883914530307545e-15,0.30004473599999926,0.0,0.0
1.4520625000003382,0.029999999999999524,9.860773994297192e-15,0.3000447359999993,0.0,0.0
1.4530625000003394,0.029999999999999524,9.838994666287441e-15,0.3000447359999993,0.0,0.0
1.4540625000003407,0.029999999999999524,9.819030282278494e-15,0.30004473599999937,0.0,0.0
1.4550625000003419,0.029999999999999524,9.800200238270066e-15,0.3000447359999994,0.0,0.0
1.456062500000343,0.029999999999999524,9.782164232261999e-15,0.3000447359999995,0.0,0.0
1.4570625000003443,0.029999999999999524,9.765829736254686e-15,0.3000447359999995,0.0,0.0
1.4580625000003455,0.029999999999999524,9.750175844247675e-15,0.30004473599999953,0.0,0.0
1.4590625000003468,0.029999999999999524,9.735656292241166e-15,0.30004473599999953,0.0,0.0
1.460062500000348,0.029999999999999524,9.72193077823502e-15,0.3000447359999996,0.0,0.0
1.4610625000003492,0.029999999999999524,9.70922617022934e-15,0.3000447359999996,0.0,0.0
1.4620625000003504,0.029999999999999524,9.697088732223912e-15,0.30004473599999965,0.0,0.0
1.4630625000003517,0.029999999999999524,9.686199068219037e-15,0.30004473599999965,0.0,0.0
1.4640625000003529,0.029999999999999524,9.675309404214161e-15,0.30004473599999965,0.0,0.0
1.465062500000354,0.029999999999999524,9.665780948209889e-15,0.3000447359999997,0.0,0.0
1.4660625000003553,0.029999999999999524,9.656706228205818e-15,0.3000447359999997,0.0,0.0
1.4670625000003565,0.029999999999999524,9.647631508201746e-15,0.3000447359999997,0.0,0.0
1.4680625000003578,0.029999999999999524,9.639804562198245e-15,0.30004473599999976,0.0,0.0
1.469062500000359,0.029999999999999524,9.632544786195004e-15,0.30004473599999976,0.0,0.0
1.4700625000003602,0.029999999999999524,9.625285010191762e-15,0.30004473599999976,0.0,0.0
1.4710625000003614,0.029999999999999524,9.61802523418852e-15,0.30004473599999976,0.0,0.0
1.4720625000003627,0.029999999999999524,9.612353534185982e-15,0.3000447359999998,0.0,0.0
1.4730625000003639,0.029999999999999524,9.606908702183544e-15,0.3000447359999998,0.0,0.0
1.474062500000365,0.029999999999999524,9.601463870181106e-15,0.3000447359999998,0.0,0.0
1.4750625000003663,0.029999999999999524,9.596019038178669e-15,0.3000447359999998,0.0,0.0
1.4760625000003675,0.029999999999999524,9.590574206176231e-15,0.3000447359999998,0.0,0.0
1.4770625000003688,0.029999999999999524,9.586490582174396e-15,0.30004473599999987,0.0,0.0
1.47806250000037,0.029999999999999524,9.582860694172763e-15,0.30004473599999987,0.0,0.0
1.4790625000003712,0.029999999999999524,9.57923080617113e-15,0.30004473599999987,0.0,0.0
1.4800625000003724,0.029999999999999524,9.575600918169496e-15,0.30004473599999987,0.0,0.0
1.4810625000003736,0.029999999999999524,9.571971030167862e-15,0.30004473599999987,0.0,0.0
1.4820625000003749,0.029999999999999524,9.568341142166229e-15,0.30004473599999987,0.0,0.0
1.483062500000376,0.029999999999999524,9.564711254164595e-15,0.30004473599999987,0.0,0.0
1.4840625000003773,0.029999999999999524,9.561421668163117e-15,0.3000447359999999,0.0,0.0
1.4850625000003785,0.029999999999999524,9.559606724162313e-15,0.3000447359999999,0.0,0.0
1.4860625000003798,0.029999999999999524,9.557791780161509e-15,0.3000447359999999,0.0,0.0
1.487062500000381,0.029999999999999524,9.555976836160705e-15,0.3000447359999999,0.0,0.0
1.4880625000003822,0.029999999999999524,9.5541618921599e-15,0.3000447359999999,0.0,0.0
1.4890625000003834,0.029999999999999524,9.552346948159096e-15,0.3000447359999999,0.0,0.0
1.4900625000003846,0.029999999999999524,9.550532004158292e-15,0.3000447359999999,0.0,0.0
1.4910625000003859,0.029999999999999524,9.548717060157488e-15,0.3000447359999999,0.0,0.0
1.492062500000387,0.029999999999999524,9.546902116156684e-15,0.3000447359999999,0.0,0.0
1.4930625000003883,0.029999999999999524,9.54508717215588e-15,0.3000447359999999,0.0,0.0
1.4940625000003895,0.029999999999999524,9.543272228155076e-15,0.3000447359999999,0.0,0.0
1.4950625000003908,0.029999999999999524,9.541457284154272e-15,0.3000447359999999,0.0,0.0
1.496062500000392,0.029999999999999524,9.539642340153467e-15,0.3000447359999999,0.0,0.0
1.4970625000003932,0.029999999999999524,9.537827396152663e-15,0.3000447359999999,0.0,0.0
1.4980625000003944,0.029999999999999524,9.536012452151859e-15,0.3000447359999999,0.0,0.0
1.4990625000003956,0.029999999999999524,9.534197508151055e-15,0.3000447359999999,0.0,0.0
1.5000625000003969,0.029999999999999524,9.533970640150955e-15,0.300044736,0.0,0.0
1.501062500000398,0.029999999999999524,9.533970640150955e-15,0.300044736,0.0,0.0
1.5020625000003993,0.029999999999999524,9.533970640150955e-15,0.300044736,0.0,0.0
1.5030625000004005,0.029999999999999524,9.533970640150955e-15,0.300044736,0.0,0.0
1.5040625000004018,0.029999999999999524,9.533970640150955e-15,0.300044736,0.0,0.0
1.505062500000403,0.029999999999999524,9.533970640150955e-15,0.300044736,0.0,0.0
1.5060625000004042,0.029999999999999524,9.533970640150955e-15,0.300044736,0.0,0.0
1.5070625000004054,0.029999999999999524,9.533970640150955e-15,0.300044736,0.0,0.0
1.5080625000004066,0.029999999999999524,9.533970640150955e-15,0.300044736,0.0,0.0
1.5090625000004079,0.029999999999999524,9.533970640150955e-15,0.300044736,0.0,0.0
1.510062500000409,0.029999999999999524,9.533970640150955e-15,0.300044736,0.0,0.0
1.5110625000004103,0.029999999999999524,9.533970640150955e-15,0.300044736,0.0,0.0
1.5120625000004115,0.029999999999999524,9.533970640150955e-15,0.300044736,0.0,0.0
1.5130625000004128,0.029999999999999524,9.533970640150955e-15,0.300044736,0.0,0.0
1.514062500000414,0.029999999999999524,9.533970640150955e-15,0.300044736,0.0,0.0
1.5150625000004152,0.029999999999999524,9.533970640150955e-15,0.300044736,0.0,0.0
1.5160625000004164,0.029999999999999524,9.533970640150955e-15,0.300044736,0.0,0.0
1.5170625000004176,0.029999999999999524,9.533970640150955e-15,0.300044736,0.0,0.0
1.5180625000004189,0.029999999999999524,9.533970640150955e-15,0.300044736,0.0,0.0
1.51906250000042,0.029999999999999524,9.533970640150955e-15,0.300044736,0.0,0.0
1.5200625000004213,0.029999999999999524,9.533970640150955e-15,0.300044736,0.0,0.0
1.5210625000004225,0.029999999999999524,9.533970640150955e-15,0.300044736,0.0,0.0
1.5220625000004238,0.029999999999999524,9.533970640150955e-15,0.300044736,0.0,0.0
1.523062500000425,0.029999999999999524,9.533970640150955e-15,0.300044736,0.0,0.0
1.5240625000004262,0.029999999999999524,9.533970640150955e-15,0.300044736,0.0,0.0
1.5250625000004274,0.029999999999999524,9.533970640150955e-15,0.300044736,0.0,0.0
1.5260625000004286,0.029999999999999524,9.533970640150955e-15,0.300044736,0.0,0.0
1.5270625000004299,0.029999999999999524,9.533970640150955e-15,0.300044736,0.0,0.0
1.528062500000431,0.029999999999999524,9.533970640150955e-15,0.300044736,0.0,0.0
1.5290625000004323,0.029999999999999524,9.533970640150955e-15,0.300044736,0.0,0.0
1.5300625000004335,0.029999999999999524,9.533970640150955e-15,0.300044736,0.0,0.0
1.5310625000004348,0.029999999999999524,9.533970640150955e-15,0.300044736,0.0,0.0
1.532062500000436,0.029999999999999524,9.533970640150955e-15,0.300044736,0.0,0.0
1.5330625000004372,0.029999999999999524,9.533970640150955e-15,0.300044736,0.0,0.0
1.5340625000004384,0.029999999999999524,9.533970640150955e-15,0.300044736,0.0,0.0
1.5350625000004396,0.029999999999999524,9.533970640150955e-15,0.300044736,0.0,0.0
1.5360625000004409,0.029999999999999524,9.533970640150955e-15,0.300044736,0.0,0.0
1.537062500000442,0.029999999999999524,9.533970640150955e-15,0.300044736,0.0,0.0
1.5380625000004433,0.029999999999999524,9.533970640150955e-15,0.300044736,0.0,0.0
1.5390625000004445,0.029999999999999524,9.533970640150955e-15,0.300044736,0.0,0.0
1.5400625000004458,0.029999999999999524,9.533970640150955e-15,0.300044736,0.0,0.0
1.541062500000447,0.029999999999999524,9.533970640150955e-15,0.300044736,0.0,0.0
1.5420625000004482,0.029999999999999524,9.533970640150955e-15,0.300044736,0.0,0.0
1.5430625000004494,0.029999999999999524,9.533970640150955e-15,0.300044736,0.0,0.0
1.5440625000004506,0.029999999999999524,9.533970640150955e-15,0.300044736,0.0,0.0
1.5450625000004519,0.029999999999999524,9.533970640150955e-15,0.300044736,0.0,0.0
1.546062500000453,0.029999999999999524,9.533970640150955e-15,0.300044736,0.0,0.0
1.5470625000004543,0.029999999999999524,9.533970640150955e-15,0.300044736,0.0,0.0
1.5480625000004555,0.029999999999999524,9.533970640150955e-15,0.300044736,0.0,0.0
1.5490625000004568,0.029999999999999524,9.533970640150955e-15,0.300044736,0.0,0.0
1.550062500000458,0.029999999999999524,9.533970640150955e-15,0.300044736,0.0,0.0
1.5510625000004592,0.029999999999999524,9.533970640150955e-15,0.300044736,0.0,0.0
1.5520625000004604,0.029999999999999524,9.533970640150955e-15,0.300044736,0.0,0.0
1.5530625000004616,0.029999999999999524,9.533970640150955e-15,0.300044736,0.0,0.0
1.5540625000004629,0.029999999999999524,9.533970640150955e-15,0.300044736,0.0,0.0
1.555062500000464,0.029999999999999524,9.533970640150955e-15,0.300044736,0.0,0.0
1.5560625000004653,0.029999999999999524,9.533970640150955e-15,0.300044736,0.0,0.0
1.5570625000004665,0.029999999999999524,9.533970640150955e-15,0.300044736,0.0,0.0
1.5580625000004678,0.029999999999999524,9.533970640150955e-15,0.300044736,0.0,0.0
1.559062500000469,0.029999999999999524,9.533970640150955e-15,0.300044736,0.0,0.0
1.5600625000004702,0.029999999999999524,9.533970640150955e-15,0.300044736,0.0,0.0
1.5610625000004714,0.029999999999999524,9.533970640150955e-15,0.300044736,0.0,0.0
1.5620625000004726,0.029999999999999524,9.533970640150955e-15,0.300044736,0.0,0.0
1.5630625000004739,0.029999999999999524,9.533970640150955e-15,0.300044736,0.0,0.0
1.564062500000475,0.029999999999999524,9.533970640150955e-15,0.300044736,0.0,0.0
1.5650625000004763,0.029999999999999524,9.533970640150955e-15,0.300044736,0.0,0.0
1.5660625000004775,0.029999999999999524,9.533970640150955e-15,0.300044736,0.0,0.0
1.5670625000004788,0.029999999999999524,9.533970640150955e-15,0.300044736,0.0,0.0
1.56806250000048,0.029999999999999524,9.533970640150955e-15,0.300044736,0.0,0.0
1.5690625000004812,0.029999999999999524,9.533970640150955e-15,0.300044736,0.0,0.0
1.5700625000004824,0.029999999999999524,9.533970640150955e-15,0.300044736,0.0,0.0
1.5710625000004836,0.029999999999999524,9.533970640150955e-15,0.300044736,0.0,0.0
1.5720625000004849,0.029999999999999524,9.533970640150955e-15,0.300044736,0.0,0.0
1.573062500000486,0.029999999999999524,9.533970640150955e-15,0.300044736,0.0,0.0
1.5740625000004873,0.029999999999999524,9.533970640150955e-15,0.300044736,0.0,0.0
1.5750625000004885,0.029999999999999524,9.533970640150955e-15,0.300044736,0.0,0.0
1.5760625000004898,0.029999999999999524,9.533970640150955e-15,0.300044736,0.0,0.0
1.577062500000491,0.029999999999999524,9.533970640150955e-15,0.300044736,0.0,0.0
1.5780625000004922,0.029999999999999524,9.533970640150955e-15,0.300044736,0.0,0.0
1.5790625000004934,0.029999999999999524,9.533970640150955e-15,0.300044736,0.0,0.0
1.5800625000004946,0.029999999999999524,9.533970640150955e-15,0.300044736,0.0,0.0
1.5810625000004959,0.029999999999999524,9.533970640150955e-15,0.300044736,0.0,0.0
1.582062500000497,0.029999999999999524,9.533970640150955e-15,0.300044736,0.0,0.0
1.5830625000004983,0.029999999999999524,9.533970640150955e-15,0.300044736,0.0,0.0
1.5840625000004995,0.029999999999999524,9.533970640150955e-15,0.300044736,0.0,0.0
1.5850625000005008,0.029999999999999524,9.533970640150955e-15,0.300044736,0.0,0.0
1.586062500000502,0.029999999999999524,9.533970640150955e-15,0.300044736,0.0,0.0
1.5870625000005032,0.029999999999999524,9.533970640150955e-15,0.300044736,0.0,0.0
1.5880625000005044,0.029999999999999524,9.533970640150955e-15,0.300044736,0.0,0.0
1.5890625000005056,0.029999999999999524,9.533970640150955e-15,0.300044736,0.0,0.0
1.5900625000005069,0.029999999999999524,9.533970640150955e-15,0.300044736,0.0,0.0
1.591062500000508,0.029999999999999524,9.533970640150955e-15,0.300044736,0.0,0.0
1.5920625000005093,0.029999999999999524,9.533970640150955e-15,0.300044736,0.0,0.0
1.5930625000005105,0.029999999999999524,9.533970640150955e-15,0.300044736,0.0,0.0
1.5940625000005118,0.029999999999999524,9.533970640150955e-15,0.300044736,0.0,0.0
1.595062500000513,0.029999999999999524,9.533970640150955e-15,0.300044736,0.0,0.0
1.5960625000005142,0.029999999999999524,9.533970640150955e-15,0.300044736,0.0,0.0
1.5970625000005154,0.029999999999999524,9.533970640150955e-15,0.300044736,0.0,0.0
1.5980625000005166,0.029999999999999524,9.533970640150955e-15,0.300044736,0.0,0.0
1.5990625000005179,0.029999999999999524,9.533970640150955e-15,0.300044736,0.0,0.0
1.600062500000519,0.029999999999999524,9.533970640150955e-15,0.300044736,0.0,0.0
1.6010625000005203,0.029999999999999524,9.533970640150955e-15,0.300044736,0.0,0.0
1.6020625000005215,0.029999999999999524,9.533970640150955e-15,0.300044736,0.0,0.0
1.6030625000005227,0.029999999999999524,9.533970640150955e-15,0.300044736,0.0,0.0
1.604062500000524,0.029999999999999524,9.533970640150955e-15,0.300044736,0.0,0.0
1.6050625000005252,0.029999999999999524,9.533970640150955e-15,0.300044736,0.0,0.0
1.6060625000005264,0.029999999999999524,9.533970640150955e-15,0.300044736,0.0,0.0
1.6070625000005276,0.029999999999999524,9.533970640150955e-15,0.300044736,0.0,0.0
1.6080625000005289,0.029999999999999524,9.533970640150955e-15,0.300044736,0.0,0.0
1.60906250000053,0.029999999999999524,9.533970640150955e-15,0.300044736,0.0,0.0
1.6100625000005313,0.029999999999999524,9.533970640150955e-15,0.300044736,0.0,0.0
1.6110625000005325,0.029999999999999524,9.533970640150955e-15,0.300044736,0.0,0.0
1.6120625000005337,0.029999999999999524,9.533970640150955e-15,0.300044736,0.0,0.0
1.613062500000535,0.029999999999999524,9.533970640150955e-15,0.300044736,0.0,0.0
1.6140625000005362,0.029999999999999524,9.533970640150955e-15,0.300044736,0.0,0.0
1.6150625000005374,0.029999999999999524,9.533970640150955e-15,0.300044736,0.0,0.0
1.6160625000005386,0.029999999999999524,9.533970640150955e-15,0.300044736,0.0,0.0
1.6170625000005399,0.029999999999999524,9.533970640150955e-15,0.300044736,0.0,0.0
1.618062500000541,0.029999999999999524,9.533970640150955e-15,0.300044736,0.0,0.0
1.6190625000005423,0.029999999999999524,9.533970640150955e-15,0.300044736,0.0,0.0
1.6200625000005435,0.029999999999999524,9.533970640150955e-15,0.300044736,0.0,0.0
1.6210625000005447,0.029999999999999524,9.533970640150955e-15,0.300044736,0.0,0.0
1.622062500000546,0.029999999999999524,9.533970640150955e-15,0.300044736,0.0,0.0
1.6230625000005472,0.029999999999999524,9.533970640150955e-15,0.300044736,0.0,0.0
1.6240625000005484,0.029999999999999524,9.533970640150955e-15,0.300044736,0.0,0.0
1.6250625000005496,0.029999999999999524,9.533970640150955e-15,0.300044736,0.0,0.0
1.6260625000005509,0.029999999999999524,9.533970640150955e-15,0.300044736,0.0,0.0
1.627062500000552,0.029999999999999524,9.533970640150955e-15,0.300044736,0.0,0.0
1.6280625000005533,0.029999999999999524,9.533970640150955e-15,0.300044736,0.0,0.0
1.6290625000005545,0.029999999999999524,9.533970640150955e-15,0.300044736,0.0,0.0
1.6300625000005557,0.029999999999999524,9.533970640150955e-15,0.300044736,0.0,0.0
1.631062500000557,0.029999999999999524,9.533970640150955e-15,0.300044736,0.0,0.0
1.6320625000005582,0.029999999999999524,9.533970640150955e-15,0.300044736,0.0,0.0
1.6330625000005594,0.029999999999999524,9.533970640150955e-15,0.300044736,0.0,0.0
1.6340625000005606,0.029999999999999524,9.533970640150955e-15,0.300044736,0.0,0.0
1.6350625000005619,0.029999999999999524,9.533970640150955e-15,0.300044736,0.0,0.0
1.636062500000563,0.029999999999999524,9.533970640150955e-15,0.300044736,0.0,0.0
1.6370625000005643,0.029999999999999524,9.533970640150955e-15,0.300044736,0.0,0.0
1.6380625000005655,0.029999999999999524,9.533970640150955e-15,0.300044736,0.0,0.0
1.6390625000005667,0.029999999999999524,9.533970640150955e-15,0.300044736,0.0,0.0
1.640062500000568,0.029999999999999524,9.533970640150955e-15,0.300044736,0.0,0.0
1.6410625000005692,0.029999999999999524,9.533970640150955e-15,0.300044736,0.0,0.0
1.6420625000005704,0.029999999999999524,9.533970640150955e-15,0.300044736,0.0,0.0
1.6430625000005716,0.029999999999999524,9.533970640150955e-15,0.300044736,0.0,0.0
1.6440625000005729,0.029999999999999524,9.533970640150955e-15,0.300044736,0.0,0.0
1.645062500000574,0.029999999999999524,9.533970640150955e-15,0.300044736,0.0,0.0
1.6460625000005753,0.029999999999999524,9.533970640150955e-15,0.300044736,0.0,0.0
1.6470625000005765,0.029999999999999524,9.533970640150955e-15,0.300044736,0.0,0.0
1.6480625000005777,0.029999999999999524,9.533970640150955e-15,0.300044736,0.0,0.0
1.649062500000579,0.029999999999999524,9.533970640150955e-15,0.300044736,0.0,0.0
1.6500625000005802,0.029999999999999524,9.533970640150955e-15,0.300044736,0.0,0.0
1.6510625000005814,0.029999999999999524,9.533970640150955e-15,0.300044736,0.0,0.0
1.6520625000005826,0.029999999999999524,9.533970640150955e-15,0.300044736,0.0,0.0
1.6530625000005839,0.029999999999999524,9.533970640150955e-15,0.300044736,0.0,0.0
1.654062500000585,0.029999999999999524,9.533970640150955e-15,0.300044736,0.0,0.0
1.6550625000005863,0.029999999999999524,9.533970640150955e-15,0.300044736,0.0,0.0
1.6560625000005875,0.029999999999999524,9.533970640150955e-15,0.300044736,0.0,0.0
1.6570625000005887,0.029999999999999524,9.533970640150955e-15,0.300044736,0.0,0.0
1.65806250000059,0.029999999999999524,9.533970640150955e-15,0.300044736,0.0,0.0
1.6590625000005912,0.029999999999999524,9.533970640150955e-15,0.300044736,0.0,0.0
1.6600625000005924,0.029999999999999524,9.533970640150955e-15,0.300044736,0.0,0.0
1.6610625000005936,0.029999999999999524,9.533970640150955e-15,0.300044736,0.0,0.0
1.6620625000005949,0.029999999999999524,9.533970640150955e-15,0.300044736,0.0,0.0
1.663062500000596,0.029999999999999524,9.533970640150955e-15,0.300044736,0.0,0.0
1.6640625000005973,0.029999999999999524,9.533970640150955e-15,0.300044736,0.0,0.0
1.6650625000005985,0.029999999999999524,9.533970640150955e-15,0.300044736,0.0,0.0
1.6660625000005997,0.029999999999999524,9.533970640150955e-15,0.300044736,0.0,0.0
1.667062500000601,0.029999999999999524,9.533970640150955e-15,0.300044736,0.0,0.0
1.6680625000006022,0.029999999999999524,9.533970640150955e-15,0.300044736,0.0,0.0
1.6690625000006034,0.029999999999999524,9.533970640150955e-15,0.300044736,0.0,0.0
1.6700625000006046,0.029999999999999524,9.533970640150955e-15,0.300044736,0.0,0.0
1.6710625000006059,0.029999999999999524,9.533970640150955e-15,0.300044736,0.0,0.0
1.672062500000607,0.029999999999999524,9.533970640150955e-15,0.300044736,0.0,0.0
1.6730625000006083,0.029999999999999524,9.533970640150955e-15,0.300044736,0.0,0.0
1.6740625000006095,0.029999999999999524,9.533970640150955e-15,0.300044736,0.0,0.0
1.6750625000006107,0.029999999999999524,9.533970640150955e-15,0.300044736,0.0,0.0
1.676062500000612,0.029999999999999524,9.533970640150955e-15,0.300044736,0.0,0.0
1.6770625000006132,0.029999999999999524,9.533970640150955e-15,0.300044736,0.0,0.0
1.6780625000006144,0.029999999999999524,9.533970640150955e-15,0.300044736,0.0,0.0
1.6790625000006156,0.029999999999999524,9.533970640150955e-15,0.300044736,0.0,0.0
1.6800625000006169,0.029999999999999524,9.533970640150955e-15,0.300044736,0.0,0.0
1.681062500000618,0.029999999999999524,9.533970640150955e-15,0.300044736,0.0,0.0
1.6820625000006193,0.029999999999999524,9.533970640150955e-15,0.300044736,0.0,0.0
1.6830625000006205,0.029999999999999524,9.533970640150955e-15,0.300044736,0.0,0.0
1.6840625000006217,0.029999999999999524,9.533970640150955e-15,0.300044736,0.0,0.0
1.685062500000623,0.029999999999999524,9.533970640150955e-15,0.300044736,0.0,0.0
1.6860625000006242,0.029999999999999524,9.533970640150955e-15,0.300044736,0.0,0.0
1.6870625000006254,0.029999999999999524,9.533970640150955e-15,0.300044736,0.0,0.0
1.6880625000006266,0.029999999999999524,9.533970640150955e-15,0.300044736,0.0,0.0
1.6890625000006279,0.029999999999999524,9.533970640150955e-15,0.300044736,0.0,0.0
1.690062500000629,0.029999999999999524,9.533970640150955e-15,0.300044736,0.0,0.0
1.6910625000006303,0.029999999999999524,9.533970640150955e-15,0.300044736,0.0,0.0
1.6920625000006315,0.029999999999999524,9.533970640150955e-15,0.300044736,0.0,0.0
1.6930625000006327,0.029999999999999524,9.533970640150955e-15,0.300044736,0.0,0.0
1.694062500000634,0.029999999999999524,9.533970640150955e-15,0.300044736,0.0,0.0
1.6950625000006352,0.029999999999999524,9.533970640150955e-15,0.300044736,0.0,0.0
1.6960625000006364,0.029999999999999524,9.533970640150955e-15,0.300044736,0.0,0.0
1.6970625000006376,0.029999999999999524,9.533970640150955e-15,0.300044736,0.0,0.0
1.6980625000006389,0.029999999999999524,9.533970640150955e-15,0.300044736,0.0,0.0
1.69906250000064,0.029999999999999524,9.533970640150955e-15,0.300044736,0.0,0.0
1.7000625000006413,0.029999999999999524,9.533970640150955e-15,0.300044736,0.0,0.0
1.7010625000006425,0.029999999999999524,9.533970640150955e-15,0.300044736,0.0,0.0
1.7020625000006437,0.029999999999999524,9.533970640150955e-15,0.300044736,0.0,0.0
1.703062500000645,0.029999999999999524,9.533970640150955e-15,0.300044736,0.0,0.0
1.7040625000006462,0.029999999999999524,9.533970640150955e-15,0.300044736,0.0,0.0
1.7050625000006474,0.029999999999999524,9.533970640150955e-15,0.300044736,0.0,0.0
1.7060625000006486,0.029999999999999524,9.533970640150955e-15,0.300044736,0.0,0.0
1.7070625000006499,0.029999999999999524,9.533970640150955e-15,0.300044736,0.0,0.0
1.708062500000651,0.029999999999999524,9.533970640150955e-15,0.300044736,0.0,0.0
1.7090625000006523,0.029999999999999524,9.533970640150955e-15,0.300044736,0.0,0.0
1.7100625000006535,0.029999999999999524,9.533970640150955e-15,0.300044736,0.0,0.0
1.7110625000006547,0.029999999999999524,9.533970640150955e-15,0.300044736,0.0,0.0
1.712062500000656,0.029999999999999524,9.533970640150955e-15,0.300044736,0.0,0.0
1.7130625000006572,0.029999999999999524,9.533970640150955e-15,0.300044736,0.0,0.0
1.7140625000006584,0.029999999999999524,9.533970640150955e-15,0.300044736,0.0,0.0
1.7150625000006596,0.029999999999999524,9.533970640150955e-15,0.300044736,0.0,0.0
1.7160625000006609,0.029999999999999524,9.533970640150955e-15,0.300044736,0.0,0.0
1.717062500000662,0.029999999999999524,9.533970640150955e-15,0.300044736,0.0,0.0
1.7180625000006633,0.029999999999999524,9.533970640150955e-15,0.300044736,0.0,0.0
1.7190625000006645,0.029999999999999524,9.533970640150955e-15,0.300044736,0.0,0.0
1.7200625000006657,0.029999999999999524,9.533970640150955e-15,0.300044736,0.0,0.0
1.721062500000667,0.029999999999999524,9.533970640150955e-15,0.300044736,0.0,0.0
1.7220625000006682,0.029999999999999524,9.533970640150955e-15,0.300044736,0.0,0.0
1.7230625000006694,0.029999999999999524,9.533970640150955e-15,0.300044736,0.0,0.0
1.7240625000006706,0.029999999999999524,9.533970640150955e-15,0.300044736,0.0,0.0
1.7250625000006719,0.029999999999999524,9.533970640150955e-15,0.300044736,0.0,0.0
1.726062500000673,0.029999999999999524,9.533970640150955e-15,0.300044736,0.0,0.0
1.7270625000006743,0.029999999999999524,9.533970640150955e-15,0.300044736,0.0,0.0
1.7280625000006755,0.029999999999999524,9.533970640150955e-15,0.300044736,0.0,0.0
1.7290625000006767,0.029999999999999524,9.533970640150955e-15,0.300044736,0.0,0.0
1.730062500000678,0.029999999999999524,9.533970640150955e-15,0.300044736,0.0,0.0
1.7310625000006792,0.029999999999999524,9.533970640150955e-15,0.300044736,0.0,0.0
1.7320625000006804,0.029999999999999524,9.533970640150955e-15,0.300044736,0.0,0.0
1.7330625000006816,0.029999999999999524,9.533970640150955e-15,0.300044736,0.0,0.0
1.7340625000006828,0.029999999999999524,9.533970640150955e-15,0.300044736,0.0,0.0
1.735062500000684,0.029999999999999524,9.533970640150955e-15,0.300044736,0.0,0.0
1.7360625000006853,0.029999999999999524,9.533970640150955e-15,0.300044736,0.0,0.0
1.7370625000006865,0.029999999999999524,9.533970640150955e-15,0.300044736,0.0,0.0
1.7380625000006877,0.029999999999999524,9.533970640150955e-15,0.300044736,0.0,0.0
1.739062500000689,0.029999999999999524,9.533970640150955e-15,0.300044736,0.0,0.0
1.7400625000006902,0.029999999999999524,9.533970640150955e-15,0.300044736,0.0,0.0
1.7410625000006914,0.029999999999999524,9.533970640150955e-15,0.300044736,0.0,0.0
1.7420625000006926,0.029999999999999524,9.533970640150955e-15,0.300044736,0.0,0.0
1.7430625000006938,0.029999999999999524,9.533970640150955e-15,0.300044736,0.0,0.0
1.744062500000695,0.029999999999999524,9.533970640150955e-15,0.300044736,0.0,0.0
1.7450625000006963,0.029999999999999524,9.533970640150955e-15,0.300044736,0.0,0.0
1.7460625000006975,0.029999999999999524,9.533970640150955e-15,0.300044736,0.0,0.0
1.7470625000006987,0.029999999999999524,9.533970640150955e-15,0.300044736,0.0,0.0
1.7480625000007,0.029999999999999524,9.533970640150955e-15,0.300044736,0.0,0.0
1.7490625000007012,0.029999999999999524,9.533970640150955e-15,0.300044736,0.0,0.0
1.7500625000007024,0.029999999999999524,9.533970640150955e-15,0.300044736,0.0,0.0
1.7510625000007036,0.029999999999999524,9.533970640150955e-15,0.300044736,0.0,0.0
1.7520625000007048,0.029999999999999524,9.533970640150955e-15,0.300044736,0.0,0.0
1.753062500000706,0.029999999999999524,9.533970640150955e-15,0.300044736,0.0,0.0
1.7540625000007073,0.029999999999999524,9.533970640150955e-15,0.300044736,0.0,0.0
1.7550625000007085,0.029999999999999524,9.533970640150955e-15,0.300044736,0.0,0.0
1.7560625000007097,0.029999999999999524,9.533970640150955e-15,0.300044736,0.0,0.0
1.757062500000711,0.029999999999999524,9.533970640150955e-15,0.300044736,0.0,0.0
1.7580625000007122,0.029999999999999524,9.533970640150955e-15,0.300044736,0.0,0.0
1.7590625000007134,0.029999999999999524,9.533970640150955e-15,0.300044736,0.0,0.0
1.7600625000007146,0.029999999999999524,9.533970640150955e-15,0.300044736,0.0,0.0
1.7610625000007158,0.029999999999999524,9.533970640150955e-15,0.300044736,0.0,0.0
1.762062500000717,0.029999999999999524,9.533970640150955e-15,0.300044736,0.0,0.0
1.7630625000007183,0.029999999999999524,9.533970640150955e-15,0.300044736,0.0,0.0
1.7640625000007195,0.029999999999999524,9.533970640150955e-15,0.300044736,0.0,0.0
1.7650625000007207,0.029999999999999524,9.533970640150955e-15,0.300044736,0.0,0.0
1.766062500000722,0.029999999999999524,9.533970640150955e-15,0.300044736,0.0,0.0
1.7670625000007232,0.029999999999999524,9.533970640150955e-15,0.300044736,0.0,0.0
1.7680625000007244,0.029999999999999524,9.533970640150955e-15,0.300044736,0.0,0.0
1.7690625000007256,0.029999999999999524,9.533970640150955e-15,0.300044736,0.0,0.0
1.7700625000007268,0.029999999999999524,9.533970640150955e-15,0.300044736,0.0,0.0
1.771062500000728,0.029999999999999524,9.533970640150955e-15,0.300044736,0.0,0.0
1.7720625000007293,0.029999999999999524,9.533970640150955e-15,0.300044736,0.0,0.0
1.7730625000007305,0.029999999999999524,9.533970640150955e-15,0.300044736,0.0,0.0
1.7740625000007317,0.029999999999999524,9.533970640150955e-15,0.300044736,0.0,0.0
1.775062500000733,0.029999999999999524,9.533970640150955e-15,0.300044736,0.0,0.0
1.7760625000007342,0.029999999999999524,9.533970640150955e-15,0.300044736,0.0,0.0
1.7770625000007354,0.029999999999999524,9.533970640150955e-15,0.300044736,0.0,0.0
1.7780625000007366,0.029999999999999524,9.533970640150955e-15,0.300044736,0.0,0.0
1.7790625000007378,0.029999999999999524,9.533970640150955e-15,0.300044736,0.0,0.0
1.780062500000739,0.029999999999999524,9.533970640150955e-15,0.300044736,0.0,0.0
1.7810625000007403,0.029999999999999524,9.533970640150955e-15,0.300044736,0.0,0.0
1.7820625000007415,0.029999999999999524,9.533970640150955e-15,0.300044736,0.0,0.0
1.7830625000007427,0.029999999999999524,9.533970640150955e-15,0.300044736,0.0,0.0
1.784062500000744,0.029999999999999524,9.533970640150955e-15,0.300044736,0.0,0.0
1.7850625000007452,0.029999999999999524,9.533970640150955e-15,0.300044736,0.0,0.0
1.7860625000007464,0.029999999999999524,9.533970640150955e-15,0.300044736,0.0,0.0
1.7870625000007476,0.029999999999999524,9.533970640150955e-15,0.300044736,0.0,0.0
1.7880625000007488,0.029999999999999524,9.533970640150955e-15,0.300044736,0.0,0.0
1.78906250000075,0.029999999999999524,9.533970640150955e-15,0.300044736,0.0,0.0
1.7900625000007513,0.029999999999999524,9.533970640150955e-15,0.300044736,0.0,0.0
1.7910625000007525,0.029999999999999524,9.533970640150955e-15,0.300044736,0.0,0.0
1.7920625000007537,0.029999999999999524,9.533970640150955e-15,0.300044736,0.0,0.0
1.793062500000755,0.029999999999999524,9.533970640150955e-15,0.300044736,0.0,0.0
1.7940625000007562,0.029999999999999524,9.533970640150955e-15,0.300044736,0.0,0.0
1.7950625000007574,0.029999999999999524,9.533970640150955e-15,0.300044736,0.0,0.0
1.7960625000007586,0.029999999999999524,9.533970640150955e-15,0.300044736,0.0,0.0
1.7970625000007598,0.029999999999999524,9.533970640150955e-15,0.300044736,0.0,0.0
1.798062500000761,0.029999999999999524,9.533970640150955e-15,0.300044736,0.0,0.0
1.7990625000007623,0.029999999999999524,9.533970640150955e-15,0.300044736,0.0,0.0
1.8000625000007635,0.029999999999999524,9.533970640150955e-15,0.300044736,0.0,0.0
1.8010625000007647,0.029999999999999524,9.533970640150955e-15,0.300044736,0.0,0.0
1.802062500000766,0.029999999999999524,9.533970640150955e-15,0.300044736,0.0,0.0
1.8030625000007672,0.029999999999999524,9.533970640150955e-15,0.300044736,0.0,0.0
1.8040625000007684,0.029999999999999524,9.533970640150955e-15,0.300044736,0.0,0.0
1.8050625000007696,0.029999999999999524,9.533970640150955e-15,0.300044736,0.0,0.0
1.8060625000007708,0.029999999999999524,9.533970640150955e-15,0.300044736,0.0,0.0
1.807062500000772,0.029999999999999524,9.533970640150955e-15,0.300044736,0.0,0.0
1.8080625000007733,0.029999999999999524,9.533970640150955e-15,0.300044736,0.0,0.0
1.8090625000007745,0.029999999999999524,9.533970640150955e-15,0.300044736,0.0,0.0
1.8100625000007757,0.029999999999999524,9.533970640150955e-15,0.300044736,0.0,0.0
1.811062500000777,0.029999999999999524,9.533970640150955e-15,0.300044736,0.0,0.0
1.8120625000007782,0.029999999999999524,9.533970640150955e-15,0.300044736,0.0,0.0
1.8130625000007794,0.029999999999999524,9.533970640150955e-15,0.300044736,0.0,0.0
1.8140625000007806,0.029999999999999524,9.533970640150955e-15,0.300044736,0.0,0.0
1.8150625000007818,0.029999999999999524,9.533970640150955e-15,0.300044736,0.0,0.0
1.816062500000783,0.029999999999999524,9.533970640150955e-15,0.300044736,0.0,0.0
1.8170625000007843,0.029999999999999524,9.533970640150955e-15,0.300044736,0.0,0.0
1.8180625000007855,0.029999999999999524,9.533970640150955e-15,0.300044736,0.0,0.0
1.8190625000007867,0.029999999999999524,9.533970640150955e-15,0.300044736,0.0,0.0
1.820062500000788,0.029999999999999524,9.533970640150955e-15,0.300044736,0.0,0.0
1.8210625000007892,0.029999999999999524,9.533970640150955e-15,0.300044736,0.0,0.0
1.8220625000007904,0.029999999999999524,9.533970640150955e-15,0.300044736,0.0,0.0
1.8230625000007916,0.029999999999999524,9.533970640150955e-15,0.300044736,0.0,0.0
1.8240625000007928,0.029999999999999524,9.533970640150955e-15,0.300044736,0.0,0.0
1.825062500000794,0.029999999999999524,9.533970640150955e-15,0.300044736,0.0,0.0
1.8260625000007953,0.029999999999999524,9.533970640150955e-15,0.300044736,0.0,0.0
1.8270625000007965,0.029999999999999524,9.533970640150955e-15,0.300044736,0.0,0.0
1.8280625000007977,0.029999999999999524,9.533970640150955e-15,0.300044736,0.0,0.0
1.829062500000799,0.029999999999999524,9.533970640150955e-15,0.300044736,0.0,0.0
1.8300625000008002,0.029999999999999524,9.533970640150955e-15,0.300044736,0.0,0.0
1.8310625000008014,0.029999999999999524,9.533970640150955e-15,0.300044736,0.0,0.0
1.8320625000008026,0.029999999999999524,9.533970640150955e-15,0.300044736,0.0,0.0
1.8330625000008038,0.029999999999999524,9.533970640150955e-15,0.300044736,0.0,0.0
1.834062500000805,0.029999999999999524,9.533970640150955e-15,0.300044736,0.0,0.0
1.8350625000008063,0.029999999999999524,9.533970640150955e-15,0.300044736,0.0,0.0
1.8360625000008075,0.029999999999999524,9.533970640150955e-15,0.300044736,0.0,0.0
1.8370625000008087,0.029999999999999524,9.533970640150955e-15,0.300044736,0.0,0.0
1.83806250000081,0.029999999999999524,9.533970640150955e-15,0.300044736,0.0,0.0
1.8390625000008112,0.029999999999999524,9.533970640150955e-15,0.300044736,0.0,0.0
1.8400625000008124,0.029999999999999524,9.533970640150955e-15,0.300044736,0.0,0.0
1.8410625000008136,0.029999999999999524,9.533970640150955e-15,0.300044736,0.0,0.0
1.8420625000008148,0.029999999999999524,9.533970640150955e-15,0.300044736,0.0,0.0
1.843062500000816,0.029999999999999524,9.533970640150955e-15,0.300044736,0.0,0.0
1.8440625000008173,0.029999999999999524,9.533970640150955e-15,0.300044736,0.0,0.0
1.8450625000008185,0.029999999999999524,9.533970640150955e-15,0.300044736,0.0,0.0
1.8460625000008197,0.029999999999999524,9.533970640150955e-15,0.300044736,0.0,0.0
1.847062500000821,0.029999999999999524,9.533970640150955e-15,0.300044736,0.0,0.0
1.8480625000008222,0.029999999999999524,9.533970640150955e-15,0.300044736,0.0,0.0
1.8490625000008234,0.029999999999999524,9.533970640150955e-15,0.300044736,0.0,0.0
1.8500625000008246,0.029999999999999524,9.533970640150955e-15,0.300044736,0.0,0.0
1.8510625000008258,0.029999999999999524,9.533970640150955e-15,0.300044736,0.0,0.0
1.852062500000827,0.029999999999999524,9.533970640150955e-15,0.300044736,0.0,0.0
1.8530625000008283,0.029999999999999524,9.533970640150955e-15,0.300044736,0.0,0.0
1.8540625000008295,0.029999999999999524,9.533970640150955e-15,0.300044736,0.0,0.0
1.8550625000008307,0.029999999999999524,9.533970640150955e-15,0.300044736,0.0,0.0
1.856062500000832,0.029999999999999524,9.533970640150955e-15,0.300044736,0.0,0.0
1.8570625000008332,0.029999999999999524,9.533970640150955e-15,0.300044736,0.0,0.0
1.8580625000008344,0.029999999999999524,9.533970640150955e-15,0.300044736,0.0,0.0
1.8590625000008356,0.029999999999999524,9.533970640150955e-15,0.300044736,0.0,0.0
1.8600625000008368,0.029999999999999524,9.533970640150955e-15,0.300044736,0.0,0.0
1.861062500000838,0.029999999999999524,9.533970640150955e-15,0.300044736,0.0,0.0
1.8620625000008393,0.029999999999999524,9.533970640150955e-15,0.300044736,0.0,0.0
1.8630625000008405,0.029999999999999524,9.533970640150955e-15,0.300044736,0.0,0.0
1.8640625000008417,0.029999999999999524,9.533970640150955e-15,0.300044736,0.0,0.0
1.865062500000843,0.029999999999999524,9.533970640150955e-15,0.300044736,0.0,0.0
1.8660625000008442,0.029999999999999524,9.533970640150955e-15,0.300044736,0.0,0.0
1.8670625000008454,0.029999999999999524,9.533970640150955e-15,0.300044736,0.0,0.0
1.8680625000008466,0.029999999999999524,9.533970640150955e-15,0.300044736,0.0,0.0
1.8690625000008478,0.029999999999999524,9.533970640150955e-15,0.300044736,0.0,0.0
1.870062500000849,0.029999999999999524,9.533970640150955e-15,0.300044736,0.0,0.0
1.8710625000008503,0.029999999999999524,9.533970640150955e-15,0.300044736,0.0,0.0
1.8720625000008515,0.029999999999999524,9.533970640150955e-15,0.300044736,0.0,0.0
1.8730625000008527,0.029999999999999524,9.533970640150955e-15,0.300044736,0.0,0.0
1.874062500000854,0.029999999999999524,9.533970640150955e-15,0.300044736,0.0,0.0
1.8750625000008552,0.029999999999999524,9.533970640150955e-15,0.300044736,0.0,0.0
1.8760625000008564,0.029999999999999524,9.533970640150955e-15,0.300044736,0.0,0.0
1.8770625000008576,0.029999999999999524,9.533970640150955e-15,0.300044736,0.0,0.0
1.8780625000008588,0.029999999999999524,9.533970640150955e-15,0.300044736,0.0,0.0
1.87906250000086,0.029999999999999524,9.533970640150955e-15,0.300044736,0.0,0.0
1.8800625000008613,0.029999999999999524,9.533970640150955e-15,0.300044736,0.0,0.0
1.8810625000008625,0.029999999999999524,9.533970640150955e-15,0.300044736,0.0,0.0
1.8820625000008637,0.029999999999999524,9.533970640150955e-15,0.300044736,0.0,0.0
1.883062500000865,0.029999999999999524,9.533970640150955e-15,0.300044736,0.0,0.0
1.8840625000008662,0.029999999999999524,9.533970640150955e-15,0.300044736,0.0,0.0
1.8850625000008674,0.029999999999999524,9.533970640150955e-15,0.300044736,0.0,0.0
1.8860625000008686,0.029999999999999524,9.533970640150955e-15,0.300044736,0.0,0.0
1.8870625000008698,0.029999999999999524,9.533970640150955e-15,0.300044736,0.0,0.0
1.888062500000871,0.029999999999999524,9.533970640150955e-15,0.300044736,0.0,0.0
1.8890625000008723,0.029999999999999524,9.533970640150955e-15,0.300044736,0.0,0.0
1.8900625000008735,0.029999999999999524,9.533970640150955e-15,0.300044736,0.0,0.0
1.8910625000008747,0.029999999999999524,9.533970640150955e-15,0.300044736,0.0,0.0
1.892062500000876,0.029999999999999524,9.533970640150955e-15,0.300044736,0.0,0.0
1.8930625000008772,0.029999999999999524,9.533970640150955e-15,0.300044736,0.0,0.0
1.8940625000008784,0.029999999999999524,9.533970640150955e-15,0.300044736,0.0,0.0
1.8950625000008796,0.029999999999999524,9.533970640150955e-15,0.300044736,0.0,0.0
1.8960625000008808,0.029999999999999524,9.533970640150955e-15,0.300044736,0.0,0.0
1.897062500000882,0.029999999999999524,9.533970640150955e-15,0.300044736,0.0,0.0
1.8980625000008833,0.029999999999999524,9.533970640150955e-15,0.300044736,0.0,0.0
1.8990625000008845,0.029999999999999524,9.533970640150955e-15,0.300044736,0.0,0.0
1.9000625000008857,0.029999999999999524,9.533970640150955e-15,0.300044736,0.0,0.0
1.901062500000887,0.029999999999999524,9.533970640150955e-15,0.300044736,0.0,0.0
1.9020625000008882,0.029999999999999524,9.533970640150955e-15,0.300044736,0.0,0.0
1.9030625000008894,0.029999999999999524,9.533970640150955e-15,0.300044736,0.0,0.0
1.9040625000008906,0.029999999999999524,9.533970640150955e-15,0.300044736,0.0,0.0
1.9050625000008918,0.029999999999999524,9.533970640150955e-15,0.300044736,0.0,0.0
1.906062500000893,0.029999999999999524,9.533970640150955e-15,0.300044736,0.0,0.0
1.9070625000008943,0.029999999999999524,9.533970640150955e-15,0.300044736,0.0,0.0
1.9080625000008955,0.029999999999999524,9.533970640150955e-15,0.300044736,0.0,0.0
1.9090625000008967,0.029999999999999524,9.533970640150955e-15,0.300044736,0.0,0.0
1.910062500000898,0.029999999999999524,9.533970640150955e-15,0.300044736,0.0,0.0
1.9110625000008992,0.029999999999999524,9.533970640150955e-15,0.300044736,0.0,0.0
1.9120625000009004,0.029999999999999524,9.533970640150955e-15,0.300044736,0.0,0.0
1.9130625000009016,0.029999999999999524,9.533970640150955e-15,0.300044736,0.0,0.0
1.9140625000009028,0.029999999999999524,9.533970640150955e-15,0.300044736,0.0,0.0
1.915062500000904,0.029999999999999524,9.533970640150955e-15,0.300044736,0.0,0.0
1.9160625000009053,0.029999999999999524,9.533970640150955e-15,0.300044736,0.0,0.0
1.9170625000009065,0.029999999999999524,9.533970640150955e-15,0.300044736,0.0,0.0
1.9180625000009077,0.029999999999999524,9.533970640150955e-15,0.300044736,0.0,0.0
1.919062500000909,0.029999999999999524,9.533970640150955e-15,0.300044736,0.0,0.0
1.9200625000009102,0.029999999999999524,9.533970640150955e-15,0.300044736,0.0,0.0
1.9210625000009114,0.029999999999999524,9.533970640150955e-15,0.300044736,0.0,0.0
1.9220625000009126,0.029999999999999524,9.533970640150955e-15,0.300044736,0.0,0.0
1.9230625000009138,0.029999999999999524,9.533970640150955e-15,0.300044736,0.0,0.0
1.924062500000915,0.029999999999999524,9.533970640150955e-15,0.300044736,0.0,0.0
1.9250625000009163,0.029999999999999524,9.533970640150955e-15,0.300044736,0.0,0.0
1.9260625000009175,0.029999999999999524,9.533970640150955e-15,0.300044736,0.0,0.0
1.9270625000009187,0.029999999999999524,9.533970640150955e-15,0.300044736,0.0,0.0
1.92806250000092,0.029999999999999524,9.533970640150955e-15,0.300044736,0.0,0.0
1.9290625000009212,0.029999999999999524,9.533970640150955e-15,0.300044736,0.0,0.0
1.9300625000009224,0.029999999999999524,9.533970640150955e-15,0.300044736,0.0,0.0
1.9310625000009236,0.029999999999999524,9.533970640150955e-15,0.300044736,0.0,0.0
1.9320625000009248,0.029999999999999524,9.533970640150955e-15,0.300044736,0.0,0.0
1.933062500000926,0.029999999999999524,9.533970640150955e-15,0.300044736,0.0,0.0
1.9340625000009273,0.029999999999999524,9.533970640150955e-15,0.300044736,0.0,0.0
1.9350625000009285,0.029999999999999524,9.533970640150955e-15,0.300044736,0.0,0.0
1.9360625000009297,0.029999999999999524,9.533970640150955e-15,0.300044736,0.0,0.0
1.937062500000931,0.029999999999999524,9.533970640150955e-15,0.300044736,0.0,0.0
1.9380625000009322,0.029999999999999524,9.533970640150955e-15,0.300044736,0.0,0.0
1.9390625000009334,0.029999999999999524,9.533970640150955e-15,0.300044736,0.0,0.0
1.9400625000009346,0.029999999999999524,9.533970640150955e-15,0.300044736,0.0,0.0
1.9410625000009358,0.029999999999999524,9.533970640150955e-15,0.300044736,0.0,0.0
1.942062500000937,0.029999999999999524,9.533970640150955e-15,0.300044736,0.0,0.0
1.9430625000009383,0.029999999999999524,9.533970640150955e-15,0.300044736,0.0,0.0
1.9440625000009395,0.029999999999999524,9.533970640150955e-15,0.300044736,0.0,0.0
1.9450625000009407,0.029999999999999524,9.533970640150955e-15,0.300044736,0.0,0.0
1.946062500000942,0.029999999999999524,9.533970640150955e-15,0.300044736,0.0,0.0
1.9470625000009432,0.029999999999999524,9.533970640150955e-15,0.300044736,0.0,0.0
1.9480625000009444,0.029999999999999524,9.533970640150955e-15,0.300044736,0.0,0.0
1.9490625000009456,0.029999999999999524,9.533970640150955e-15,0.300044736,0.0,0.0
1.9500625000009468,0.029999999999999524,9.533970640150955e-15,0.300044736,0.0,0.0
1.951062500000948,0.029999999999999524,9.533970640150955e-15,0.300044736,0.0,0.0
1.9520625000009493,0.029999999999999524,9.533970640150955e-15,0.300044736,0.0,0.0
1.9530625000009505,0.029999999999999524,9.533970640150955e-15,0.300044736,0.0,0.0
1.9540625000009517,0.029999999999999524,9.533970640150955e-15,0.300044736,0.0,0.0
1.955062500000953,0.029999999999999524,9.533970640150955e-15,0.300044736,0.0,0.0
1.9560625000009542,0.029999999999999524,9.533970640150955e-15,0.300044736,0.0,0.0
1.9570625000009554,0.029999999999999524,9.533970640150955e-15,0.300044736,0.0,0.0
1.9580625000009566,0.029999999999999524,9.533970640150955e-15,0.300044736,0.0,0.0
1.9590625000009578,0.029999999999999524,9.533970640150955e-15,0.300044736,0.0,0.0
1.960062500000959,0.029999999999999524,9.533970640150955e-15,0.300044736,0.0,0.0
1.9610625000009603,0.029999999999999524,9.533970640150955e-15,0.300044736,0.0,0.0
1.9620625000009615,0.029999999999999524,9.533970640150955e-15,0.300044736,0.0,0.0
1.9630625000009627,0.029999999999999524,9.533970640150955e-15,0.300044736,0.0,0.0
1.964062500000964,0.029999999999999524,9.533970640150955e-15,0.300044736,0.0,0.0
1.9650625000009652,0.029999999999999524,9.533970640150955e-15,0.300044736,0.0,0.0
1.9660625000009664,0.029999999999999524,9.533970640150955e-15,0.300044736,0.0,0.0
1.9670625000009676,0.029999999999999524,9.533970640150955e-15,0.300044736,0.0,0.0
1.9680625000009688,0.029999999999999524,9.533970640150955e-15,0.300044736,0.0,0.0
1.96906250000097,0.029999999999999524,9.533970640150955e-15,0.300044736,0.0,0.0
1.9700625000009713,0.029999999999999524,9.533970640150955e-15,0.300044736,0.0,0.0
1.9710625000009725,0.029999999999999524,9.533970640150955e-15,0.300044736,0.0,0.0
1.9720625000009737,0.029999999999999524,9.533970640150955e-15,0.300044736,0.0,0.0
1.973062500000975,0.029999999999999524,9.533970640150955e-15,0.300044736,0.0,0.0
1.9740625000009762,0.029999999999999524,9.533970640150955e-15,0.300044736,0.0,0.0
1.9750625000009774,0.029999999999999524,9.533970640150955e-15,0.300044736,0.0,0.0
1.9760625000009786,0.029999999999999524,9.533970640150955e-15,0.300044736,0.0,0.0
1.9770625000009798,0.029999999999999524,9.533970640150955e-15,0.300044736,0.0,0.0
1.978062500000981,0.029999999999999524,9.533970640150955e-15,0.300044736,0.0,0.0
1.9790625000009823,0.029999999999999524,9.533970640150955e-15,0.300044736,0.0,0.0
1.9800625000009835,0.029999999999999524,9.533970640150955e-15,0.300044736,0.0,0.0
1.9810625000009847,0.029999999999999524,9.533970640150955e-15,0.300044736,0.0,0.0
1.982062500000986,0.029999999999999524,9.533970640150955e-15,0.300044736,0.0,0.0
1.9830625000009872,0.029999999999999524,9.533970640150955e-15,0.300044736,0.0,0.0
1.9840625000009884,0.029999999999999524,9.533970640150955e-15,0.300044736,0.0,0.0
1.9850625000009896,0.029999999999999524,9.533970640150955e-15,0.300044736,0.0,0.0
1.9860625000009908,0.029999999999999524,9.533970640150955e-15,0.300044736,0.0,0.0
1.987062500000992,0.029999999999999524,9.533970640150955e-15,0.300044736,0.0,0.0
1.9880625000009933,0.029999999999999524,9.533970640150955e-15,0.300044736,0.0,0.0
1.9890625000009945,0.029999999999999524,9.533970640150955e-15,0.300044736,0.0,0.0
1.9900625000009957,0.029999999999999524,9.533970640150955e-15,0.300044736,0.0,0.0
1.991062500000997,0.029999999999999524,9.533970640150955e-15,0.300044736,0.0,0.0
1.9920625000009982,0.029999999999999524,9.533970640150955e-15,0.300044736,0.0,0.0
1.9930625000009994,0.029999999999999524,9.533970640150955e-15,0.300044736,0.0,0.0
1.9940625000010006,0.029999999999999524,9.533970640150955e-15,0.300044736,0.0,0.0
1.9950625000010018,0.029999999999999524,9.533970640150955e-15,0.300044736,0.0,0.0
1.996062500001003,0.029999999999999524,9.533970640150955e-15,0.300044736,0.0,0.0
1.9970625000010043,0.029999999999999524,9.533970640150955e-15,0.300044736,0.0,0.0
1.9980625000010055,0.029999999999999524,9.533970640150955e-15,0.300044736,0.0,0.0
1.9990625000010067,0.029999999999999524,9.533970640150955e-15,0.300044736,0.0,0.0
2.0000000000010076,0.029999999999999524,9.533970640150955e-15,0.300044736,0.0,0.0
